op,shape,dur_us,flops,bytes_accessed
%iota.1,"f32[128]{0:T(128)} iota(), iota_dimensio",0.236,0,0
%copy-start,"(f32[128]{0:T(128)S(1)}, f32[128]{0:T(12",0.003,0,0
%copy-done,f32[128]{0:T(128)S(1)} copy-done((f32[12,0.003,0,0
%broadcast_add_fusion,f32[128]{0:T(128)} fusion(f32[128]{0:T(1,0.231,0,0
%broadcast,f32[128]{0:T(128)S(1)} broadcast(f32[]{:,0.004,0,0
%custom-call,c64[128]{0:T(128)} custom-call(f32[128]{,0.772,0,0
%iota_and_fusion,"u32[128]{0:T(128)S(1)} fusion(), kind=kL",0.005,0,0
%iota_shift-right-logical_fusion,"u32[128]{0:T(128)S(1)} fusion(), kind=kL",0.004,0,0
%add_select_fusion.76,"(f32[128,128]{1,0:T(8,128)S(1)}, pred[12",7.904,0,0
%fusion.316,"(f32[128,128]{1,0:T(8,128)S(1)}, f32[128",0.86,0,0
%add_select_fusion.43,"(f32[128,128]{1,0:T(8,128)S(1)}, f32[128",0.485,0,0
%add_select_fusion.31,"(f32[128,128]{1,0:T(8,128)S(1)}, f32[128",0.486,0,0
%and_or_fusion.4,"(pred[128,128]{1,0:T(8,128)(4,1)S(1)}, p",0.051,0,0
%fusion.361,"(f32[128,128]{1,0:T(8,128)S(1)}, f32[128",7.039,0,0
%custom-call,f32[128]{0:T(128)S(1)} custom-call(c64[1,0.309,0,0
%custom-call.1,f32[128]{0:T(128)S(1)} custom-call(c64[1,0.305,0,0
%fusion.605,"(f32[128]{0:T(128)S(1)}, f32[128]{0:T(12",0.004,0,0
%multiply_reduce_fusion,"(f32[128]{0:T(128)S(1)}, f32[128]{0:T(12",1.54,0,0
%fusion.606,"(f32[128]{0:T(128)S(1)}, f32[128]{0:T(12",0.009,0,0
%custom-call.2,c64[128]{0:T(128)} custom-call(f32[128]{,0.466,0,0
%iota_and_fusion,"u32[128]{0:T(128)S(1)} fusion(), kind=kL",0.004,0,0
%iota_shift-right-logical_fusion,"u32[128]{0:T(128)S(1)} fusion(), kind=kL",0.005,0,0
%add_select_fusion.76,"(f32[128,128]{1,0:T(8,128)S(1)}, pred[12",7.903,0,0
%fusion.316,"(f32[128,128]{1,0:T(8,128)S(1)}, f32[128",0.859,0,0
%add_select_fusion.43,"(f32[128,128]{1,0:T(8,128)S(1)}, f32[128",0.485,0,0
%add_select_fusion.31,"(f32[128,128]{1,0:T(8,128)S(1)}, f32[128",0.485,0,0
%and_or_fusion.4,"(pred[128,128]{1,0:T(8,128)(4,1)S(1)}, p",0.05,0,0
%fusion.361,"(f32[128,128]{1,0:T(8,128)S(1)}, f32[128",7.04,0,0
%custom-call,f32[128]{0:T(128)S(1)} custom-call(c64[1,0.31,0,0
%custom-call.1,f32[128]{0:T(128)S(1)} custom-call(c64[1,0.306,0,0
%fusion.605,"(f32[128]{0:T(128)S(1)}, f32[128]{0:T(12",0.004,0,0
%multiply_reduce_fusion,"(f32[128]{0:T(128)S(1)}, f32[128]{0:T(12",1.541,0,0
%fusion.606,"(f32[128]{0:T(128)S(1)}, f32[128]{0:T(12",0.009,0,0
%custom-call.2,c64[128]{0:T(128)} custom-call(f32[128]{,0.466,0,0
%iota_and_fusion,"u32[128]{0:T(128)S(1)} fusion(), kind=kL",0.005,0,0
%iota_shift-right-logical_fusion,"u32[128]{0:T(128)S(1)} fusion(), kind=kL",0.004,0,0
%add_select_fusion.76,"(f32[128,128]{1,0:T(8,128)S(1)}, pred[12",7.902,0,0
%fusion.316,"(f32[128,128]{1,0:T(8,128)S(1)}, f32[128",0.858,0,0
%add_select_fusion.43,"(f32[128,128]{1,0:T(8,128)S(1)}, f32[128",0.485,0,0
%add_select_fusion.31,"(f32[128,128]{1,0:T(8,128)S(1)}, f32[128",0.485,0,0
%and_or_fusion.4,"(pred[128,128]{1,0:T(8,128)(4,1)S(1)}, p",0.05,0,0
%fusion.361,"(f32[128,128]{1,0:T(8,128)S(1)}, f32[128",7.039,0,0
%custom-call,f32[128]{0:T(128)S(1)} custom-call(c64[1,0.309,0,0
%custom-call.1,f32[128]{0:T(128)S(1)} custom-call(c64[1,0.305,0,0
%fusion.605,"(f32[128]{0:T(128)S(1)}, f32[128]{0:T(12",0.004,0,0
%multiply_reduce_fusion,"(f32[128]{0:T(128)S(1)}, f32[128]{0:T(12",1.541,0,0
%fusion.606,"(f32[128]{0:T(128)S(1)}, f32[128]{0:T(12",0.009,0,0
%custom-call.2,c64[128]{0:T(128)} custom-call(f32[128]{,0.467,0,0
%iota_and_fusion,"u32[128]{0:T(128)S(1)} fusion(), kind=kL",0.005,0,0
%iota_shift-right-logical_fusion,"u32[128]{0:T(128)S(1)} fusion(), kind=kL",0.004,0,0
%add_select_fusion.76,"(f32[128,128]{1,0:T(8,128)S(1)}, pred[12",7.903,0,0
%fusion.316,"(f32[128,128]{1,0:T(8,128)S(1)}, f32[128",0.859,0,0
%add_select_fusion.43,"(f32[128,128]{1,0:T(8,128)S(1)}, f32[128",0.485,0,0
%add_select_fusion.31,"(f32[128,128]{1,0:T(8,128)S(1)}, f32[128",0.485,0,0
%and_or_fusion.4,"(pred[128,128]{1,0:T(8,128)(4,1)S(1)}, p",0.05,0,0
%fusion.361,"(f32[128,128]{1,0:T(8,128)S(1)}, f32[128",7.039,0,0
%custom-call,f32[128]{0:T(128)S(1)} custom-call(c64[1,0.309,0,0
%custom-call.1,f32[128]{0:T(128)S(1)} custom-call(c64[1,0.309,0,0
%fusion.605,"(f32[128]{0:T(128)S(1)}, f32[128]{0:T(12",0.005,0,0
%multiply_reduce_fusion,"(f32[128]{0:T(128)S(1)}, f32[128]{0:T(12",1.54,0,0
%fusion.606,"(f32[128]{0:T(128)S(1)}, f32[128]{0:T(12",0.009,0,0
%custom-call.2,c64[128]{0:T(128)} custom-call(f32[128]{,0.465,0,0
%iota_and_fusion,"u32[128]{0:T(128)S(1)} fusion(), kind=kL",0.006,0,0
%iota_shift-right-logical_fusion,"u32[128]{0:T(128)S(1)} fusion(), kind=kL",0.004,0,0
%add_select_fusion.76,"(f32[128,128]{1,0:T(8,128)S(1)}, pred[12",7.902,0,0
%fusion.316,"(f32[128,128]{1,0:T(8,128)S(1)}, f32[128",0.859,0,0
%add_select_fusion.43,"(f32[128,128]{1,0:T(8,128)S(1)}, f32[128",0.485,0,0
%add_select_fusion.31,"(f32[128,128]{1,0:T(8,128)S(1)}, f32[128",0.485,0,0
%and_or_fusion.4,"(pred[128,128]{1,0:T(8,128)(4,1)S(1)}, p",0.051,0,0
%fusion.361,"(f32[128,128]{1,0:T(8,128)S(1)}, f32[128",7.039,0,0
%custom-call,f32[128]{0:T(128)S(1)} custom-call(c64[1,0.46,0,0
%custom-call.1,f32[128]{0:T(128)S(1)} custom-call(c64[1,0.306,0,0
%fusion.605,"(f32[128]{0:T(128)S(1)}, f32[128]{0:T(12",0.005,0,0
%multiply_reduce_fusion,"(f32[128]{0:T(128)S(1)}, f32[128]{0:T(12",1.541,0,0
%fusion.606,"(f32[128]{0:T(128)S(1)}, f32[128]{0:T(12",0.009,0,0
%custom-call.2,c64[128]{0:T(128)} custom-call(f32[128]{,0.468,0,0
%iota.1,"f32[1024]{0:T(1024)} iota(), iota_dimens",0.244,0,0
%broadcast_add_fusion,f32[1024]{0:T(1024)} fusion(f32[1024]{0:,0.557,0,0
%broadcast,f32[1024]{0:T(1024)S(1)} broadcast(f32[],0.004,0,0
%custom-call,c64[1024]{0:T(1024)} custom-call(f32[102,0.841,0,0
%iota_and_fusion,"u32[128]{0:T(128)S(1)} fusion(), kind=kL",0.005,0,0
%iota_shift-right-logical_fusion,"u32[128]{0:T(128)S(1)} fusion(), kind=kL",0.005,0,0
%add_select_fusion.76,"(f32[128,128]{1,0:T(8,128)S(1)}, pred[12",7.902,0,0
%fusion.316,"(f32[128,128]{1,0:T(8,128)S(1)}, f32[128",0.86,0,0
%add_select_fusion.43,"(f32[128,128]{1,0:T(8,128)S(1)}, f32[128",0.486,0,0
%add_select_fusion.31,"(f32[128,128]{1,0:T(8,128)S(1)}, f32[128",0.485,0,0
%and_or_fusion.4,"(pred[128,128]{1,0:T(8,128)(4,1)S(1)}, p",0.05,0,0
%fusion.361,"(f32[128,128]{1,0:T(8,128)S(1)}, f32[128",7.039,0,0
%fusion.353,"f32[128,128]{1,0:T(8,128)S(1)} fusion(f3",1.498,0,0
%custom-call,f32[1024]{0:T(1024)S(1)} custom-call(c64,0.355,0,0
%reshape.4,"f32[128,8]{1,0:T(8,128)S(1)} reshape(f32",0.11,0,0
%fusion.371,"f32[128,8]{0,1:T(8,128)S(1)} fusion(f32[",0.196,0,0
%custom-call.1,f32[1024]{0:T(1024)S(1)} custom-call(c64,0.321,0,0
%reshape.12,"f32[128,8]{1,0:T(8,128)S(1)} reshape(f32",0.11,0,0
%fusion.1327,"f32[128,8,1]{0,1,2:T(8,128)S(1)} fusion(",0.201,0,0
%iota_and_fusion.1,"u32[8]{0:T(128)S(1)} fusion(), kind=kLoo",0.003,0,0
%iota_shift-right-logical_fusion.1,"u32[8]{0:T(128)S(1)} fusion(), kind=kLoo",0.005,0,0
%and_or_fusion.12,"(pred[128,8,1]{0,1,2:T(8,128)(4,1)S(1)},",0.405,0,0
%fusion.1768,"(pred[128,8,1]{0,1,2:T(8,128)(4,1)S(1)},",0.22,0,0
%fusion.1283,"(f32[128,8,1]{0,1,2:T(8,128)S(1)}, f32[1",0.551,0,0
%add_select_fusion.264,"(f32[128,8,1]{0,1,2:T(8,128)S(1)}, f32[1",0.231,0,0
%multiply_add_fusion.81,"(f32[128,8,1]{0,1,2:T(8,128)S(1)}, f32[1",0.399,0,0
%multiply_subtract_fusion.2,"f32[128,8,1]{0,1,2:T(8,128)S(1)} fusion(",0.01,0,0
%fusion.1571,"(f32[8,8]{1,0:T(8,128)S(1)}, f32[8,8]{1,",0.415,0,0
%fusion.1165,"(f32[8,8]{1,0:T(8,128)S(1)}, f32[8,8]{1,",0.181,0,0
%fusion.1765,"(pred[8,8]{1,0:T(8,128)(4,1)S(1)}, f32[8",0.449,0,0
%fusion.1309,"(f32[8,8]{1,0:T(8,128)S(1)}, f32[8,8]{1,",0.507,0,0
%fusion.1301,"f32[8,8]{1,0:T(8,128)S(1)} fusion(f32[8,",0.345,0,0
%fusion.1344,"f32[8,128]{1,0:T(8,128)S(1)} fusion(f32[",0.092,0,0
%fusion.1341,"f32[1024]{0:T(1024)S(1)} fusion(f32[8,12",0.091,0,0
%fusion.1338,"f32[1024]{0:T(1024)S(1)} fusion(f32[8,12",0.09,0,0
%custom-call.2,c64[1024]{0:T(1024)} custom-call(f32[102,0.473,0,0
%iota_and_fusion,"u32[128]{0:T(128)S(1)} fusion(), kind=kL",0.006,0,0
%iota_shift-right-logical_fusion,"u32[128]{0:T(128)S(1)} fusion(), kind=kL",0.004,0,0
%add_select_fusion.76,"(f32[128,128]{1,0:T(8,128)S(1)}, pred[12",7.903,0,0
%fusion.316,"(f32[128,128]{1,0:T(8,128)S(1)}, f32[128",0.858,0,0
%add_select_fusion.43,"(f32[128,128]{1,0:T(8,128)S(1)}, f32[128",0.486,0,0
%add_select_fusion.31,"(f32[128,128]{1,0:T(8,128)S(1)}, f32[128",0.485,0,0
%and_or_fusion.4,"(pred[128,128]{1,0:T(8,128)(4,1)S(1)}, p",0.051,0,0
%fusion.361,"(f32[128,128]{1,0:T(8,128)S(1)}, f32[128",7.039,0,0
%fusion.353,"f32[128,128]{1,0:T(8,128)S(1)} fusion(f3",1.499,0,0
%custom-call,f32[1024]{0:T(1024)S(1)} custom-call(c64,0.355,0,0
%reshape.4,"f32[128,8]{1,0:T(8,128)S(1)} reshape(f32",0.111,0,0
%fusion.371,"f32[128,8]{0,1:T(8,128)S(1)} fusion(f32[",0.196,0,0
%custom-call.1,f32[1024]{0:T(1024)S(1)} custom-call(c64,0.321,0,0
%reshape.12,"f32[128,8]{1,0:T(8,128)S(1)} reshape(f32",0.11,0,0
%fusion.1327,"f32[128,8,1]{0,1,2:T(8,128)S(1)} fusion(",0.201,0,0
%iota_and_fusion.1,"u32[8]{0:T(128)S(1)} fusion(), kind=kLoo",0.004,0,0
%iota_shift-right-logical_fusion.1,"u32[8]{0:T(128)S(1)} fusion(), kind=kLoo",0.005,0,0
%and_or_fusion.12,"(pred[128,8,1]{0,1,2:T(8,128)(4,1)S(1)},",0.405,0,0
%fusion.1768,"(pred[128,8,1]{0,1,2:T(8,128)(4,1)S(1)},",0.219,0,0
%fusion.1283,"(f32[128,8,1]{0,1,2:T(8,128)S(1)}, f32[1",0.552,0,0
%add_select_fusion.264,"(f32[128,8,1]{0,1,2:T(8,128)S(1)}, f32[1",0.231,0,0
%multiply_add_fusion.81,"(f32[128,8,1]{0,1,2:T(8,128)S(1)}, f32[1",0.4,0,0
%multiply_subtract_fusion.2,"f32[128,8,1]{0,1,2:T(8,128)S(1)} fusion(",0.009,0,0
%fusion.1571,"(f32[8,8]{1,0:T(8,128)S(1)}, f32[8,8]{1,",0.417,0,0
%fusion.1165,"(f32[8,8]{1,0:T(8,128)S(1)}, f32[8,8]{1,",0.18,0,0
%fusion.1765,"(pred[8,8]{1,0:T(8,128)(4,1)S(1)}, f32[8",0.45,0,0
%fusion.1309,"(f32[8,8]{1,0:T(8,128)S(1)}, f32[8,8]{1,",0.506,0,0
%fusion.1301,"f32[8,8]{1,0:T(8,128)S(1)} fusion(f32[8,",0.344,0,0
%fusion.1344,"f32[8,128]{1,0:T(8,128)S(1)} fusion(f32[",0.093,0,0
%fusion.1341,"f32[1024]{0:T(1024)S(1)} fusion(f32[8,12",0.094,0,0
%fusion.1338,"f32[1024]{0:T(1024)S(1)} fusion(f32[8,12",0.09,0,0
%custom-call.2,c64[1024]{0:T(1024)} custom-call(f32[102,0.471,0,0
%iota_and_fusion,"u32[128]{0:T(128)S(1)} fusion(), kind=kL",0.005,0,0
%iota_shift-right-logical_fusion,"u32[128]{0:T(128)S(1)} fusion(), kind=kL",0.005,0,0
%add_select_fusion.76,"(f32[128,128]{1,0:T(8,128)S(1)}, pred[12",7.902,0,0
%fusion.316,"(f32[128,128]{1,0:T(8,128)S(1)}, f32[128",0.858,0,0
%add_select_fusion.43,"(f32[128,128]{1,0:T(8,128)S(1)}, f32[128",0.484,0,0
%add_select_fusion.31,"(f32[128,128]{1,0:T(8,128)S(1)}, f32[128",0.485,0,0
%and_or_fusion.4,"(pred[128,128]{1,0:T(8,128)(4,1)S(1)}, p",0.051,0,0
%fusion.361,"(f32[128,128]{1,0:T(8,128)S(1)}, f32[128",7.039,0,0
%fusion.353,"f32[128,128]{1,0:T(8,128)S(1)} fusion(f3",1.498,0,0
%custom-call,f32[1024]{0:T(1024)S(1)} custom-call(c64,0.355,0,0
%reshape.4,"f32[128,8]{1,0:T(8,128)S(1)} reshape(f32",0.11,0,0
%fusion.371,"f32[128,8]{0,1:T(8,128)S(1)} fusion(f32[",0.198,0,0
%custom-call.1,f32[1024]{0:T(1024)S(1)} custom-call(c64,0.321,0,0
%reshape.12,"f32[128,8]{1,0:T(8,128)S(1)} reshape(f32",0.11,0,0
%fusion.1327,"f32[128,8,1]{0,1,2:T(8,128)S(1)} fusion(",0.201,0,0
%iota_and_fusion.1,"u32[8]{0:T(128)S(1)} fusion(), kind=kLoo",0.004,0,0
%iota_shift-right-logical_fusion.1,"u32[8]{0:T(128)S(1)} fusion(), kind=kLoo",0.005,0,0
%and_or_fusion.12,"(pred[128,8,1]{0,1,2:T(8,128)(4,1)S(1)},",0.405,0,0
%fusion.1768,"(pred[128,8,1]{0,1,2:T(8,128)(4,1)S(1)},",0.22,0,0
%fusion.1283,"(f32[128,8,1]{0,1,2:T(8,128)S(1)}, f32[1",0.552,0,0
%add_select_fusion.264,"(f32[128,8,1]{0,1,2:T(8,128)S(1)}, f32[1",0.232,0,0
%multiply_add_fusion.81,"(f32[128,8,1]{0,1,2:T(8,128)S(1)}, f32[1",0.4,0,0
%multiply_subtract_fusion.2,"f32[128,8,1]{0,1,2:T(8,128)S(1)} fusion(",0.01,0,0
%fusion.1571,"(f32[8,8]{1,0:T(8,128)S(1)}, f32[8,8]{1,",0.416,0,0
%fusion.1165,"(f32[8,8]{1,0:T(8,128)S(1)}, f32[8,8]{1,",0.18,0,0
%fusion.1765,"(pred[8,8]{1,0:T(8,128)(4,1)S(1)}, f32[8",0.45,0,0
%fusion.1309,"(f32[8,8]{1,0:T(8,128)S(1)}, f32[8,8]{1,",0.506,0,0
%fusion.1301,"f32[8,8]{1,0:T(8,128)S(1)} fusion(f32[8,",0.344,0,0
%fusion.1344,"f32[8,128]{1,0:T(8,128)S(1)} fusion(f32[",0.093,0,0
%fusion.1341,"f32[1024]{0:T(1024)S(1)} fusion(f32[8,12",0.094,0,0
%fusion.1338,"f32[1024]{0:T(1024)S(1)} fusion(f32[8,12",0.09,0,0
%custom-call.2,c64[1024]{0:T(1024)} custom-call(f32[102,0.471,0,0
%iota_and_fusion,"u32[128]{0:T(128)S(1)} fusion(), kind=kL",0.004,0,0
%iota_shift-right-logical_fusion,"u32[128]{0:T(128)S(1)} fusion(), kind=kL",0.005,0,0
%add_select_fusion.76,"(f32[128,128]{1,0:T(8,128)S(1)}, pred[12",7.902,0,0
%fusion.316,"(f32[128,128]{1,0:T(8,128)S(1)}, f32[128",0.858,0,0
%add_select_fusion.43,"(f32[128,128]{1,0:T(8,128)S(1)}, f32[128",0.485,0,0
%add_select_fusion.31,"(f32[128,128]{1,0:T(8,128)S(1)}, f32[128",0.485,0,0
%and_or_fusion.4,"(pred[128,128]{1,0:T(8,128)(4,1)S(1)}, p",0.051,0,0
%fusion.361,"(f32[128,128]{1,0:T(8,128)S(1)}, f32[128",7.039,0,0
%fusion.353,"f32[128,128]{1,0:T(8,128)S(1)} fusion(f3",1.498,0,0
%custom-call,f32[1024]{0:T(1024)S(1)} custom-call(c64,0.344,0,0
%reshape.4,"f32[128,8]{1,0:T(8,128)S(1)} reshape(f32",0.111,0,0
%fusion.371,"f32[128,8]{0,1:T(8,128)S(1)} fusion(f32[",0.198,0,0
%custom-call.1,f32[1024]{0:T(1024)S(1)} custom-call(c64,0.32,0,0
%reshape.12,"f32[128,8]{1,0:T(8,128)S(1)} reshape(f32",0.11,0,0
%fusion.1327,"f32[128,8,1]{0,1,2:T(8,128)S(1)} fusion(",0.2,0,0
%iota_and_fusion.1,"u32[8]{0:T(128)S(1)} fusion(), kind=kLoo",0.004,0,0
%iota_shift-right-logical_fusion.1,"u32[8]{0:T(128)S(1)} fusion(), kind=kLoo",0.005,0,0
%and_or_fusion.12,"(pred[128,8,1]{0,1,2:T(8,128)(4,1)S(1)},",0.405,0,0
%fusion.1768,"(pred[128,8,1]{0,1,2:T(8,128)(4,1)S(1)},",0.219,0,0
%fusion.1283,"(f32[128,8,1]{0,1,2:T(8,128)S(1)}, f32[1",0.551,0,0
%add_select_fusion.264,"(f32[128,8,1]{0,1,2:T(8,128)S(1)}, f32[1",0.231,0,0
%multiply_add_fusion.81,"(f32[128,8,1]{0,1,2:T(8,128)S(1)}, f32[1",0.4,0,0
%multiply_subtract_fusion.2,"f32[128,8,1]{0,1,2:T(8,128)S(1)} fusion(",0.01,0,0
%fusion.1571,"(f32[8,8]{1,0:T(8,128)S(1)}, f32[8,8]{1,",0.416,0,0
%fusion.1165,"(f32[8,8]{1,0:T(8,128)S(1)}, f32[8,8]{1,",0.181,0,0
%fusion.1765,"(pred[8,8]{1,0:T(8,128)(4,1)S(1)}, f32[8",0.448,0,0
%fusion.1309,"(f32[8,8]{1,0:T(8,128)S(1)}, f32[8,8]{1,",0.507,0,0
%fusion.1301,"f32[8,8]{1,0:T(8,128)S(1)} fusion(f32[8,",0.345,0,0
%fusion.1344,"f32[8,128]{1,0:T(8,128)S(1)} fusion(f32[",0.093,0,0
%fusion.1341,"f32[1024]{0:T(1024)S(1)} fusion(f32[8,12",0.093,0,0
%fusion.1338,"f32[1024]{0:T(1024)S(1)} fusion(f32[8,12",0.091,0,0
%custom-call.2,c64[1024]{0:T(1024)} custom-call(f32[102,0.474,0,0
%iota_and_fusion,"u32[128]{0:T(128)S(1)} fusion(), kind=kL",0.004,0,0
%iota_shift-right-logical_fusion,"u32[128]{0:T(128)S(1)} fusion(), kind=kL",0.005,0,0
%add_select_fusion.76,"(f32[128,128]{1,0:T(8,128)S(1)}, pred[12",7.902,0,0
%fusion.316,"(f32[128,128]{1,0:T(8,128)S(1)}, f32[128",0.859,0,0
%add_select_fusion.43,"(f32[128,128]{1,0:T(8,128)S(1)}, f32[128",0.485,0,0
%add_select_fusion.31,"(f32[128,128]{1,0:T(8,128)S(1)}, f32[128",0.485,0,0
%and_or_fusion.4,"(pred[128,128]{1,0:T(8,128)(4,1)S(1)}, p",0.05,0,0
%fusion.361,"(f32[128,128]{1,0:T(8,128)S(1)}, f32[128",7.04,0,0
%fusion.353,"f32[128,128]{1,0:T(8,128)S(1)} fusion(f3",1.499,0,0
%custom-call,f32[1024]{0:T(1024)S(1)} custom-call(c64,0.355,0,0
%reshape.4,"f32[128,8]{1,0:T(8,128)S(1)} reshape(f32",0.11,0,0
%fusion.371,"f32[128,8]{0,1:T(8,128)S(1)} fusion(f32[",0.196,0,0
%custom-call.1,f32[1024]{0:T(1024)S(1)} custom-call(c64,0.321,0,0
%reshape.12,"f32[128,8]{1,0:T(8,128)S(1)} reshape(f32",0.11,0,0
%fusion.1327,"f32[128,8,1]{0,1,2:T(8,128)S(1)} fusion(",0.201,0,0
%iota_and_fusion.1,"u32[8]{0:T(128)S(1)} fusion(), kind=kLoo",0.004,0,0
%iota_shift-right-logical_fusion.1,"u32[8]{0:T(128)S(1)} fusion(), kind=kLoo",0.005,0,0
%and_or_fusion.12,"(pred[128,8,1]{0,1,2:T(8,128)(4,1)S(1)},",0.405,0,0
%fusion.1768,"(pred[128,8,1]{0,1,2:T(8,128)(4,1)S(1)},",0.219,0,0
%fusion.1283,"(f32[128,8,1]{0,1,2:T(8,128)S(1)}, f32[1",0.552,0,0
%add_select_fusion.264,"(f32[128,8,1]{0,1,2:T(8,128)S(1)}, f32[1",0.231,0,0
%multiply_add_fusion.81,"(f32[128,8,1]{0,1,2:T(8,128)S(1)}, f32[1",0.399,0,0
%multiply_subtract_fusion.2,"f32[128,8,1]{0,1,2:T(8,128)S(1)} fusion(",0.01,0,0
%fusion.1571,"(f32[8,8]{1,0:T(8,128)S(1)}, f32[8,8]{1,",0.415,0,0
%fusion.1165,"(f32[8,8]{1,0:T(8,128)S(1)}, f32[8,8]{1,",0.18,0,0
%fusion.1765,"(pred[8,8]{1,0:T(8,128)(4,1)S(1)}, f32[8",0.449,0,0
%fusion.1309,"(f32[8,8]{1,0:T(8,128)S(1)}, f32[8,8]{1,",0.506,0,0
%fusion.1301,"f32[8,8]{1,0:T(8,128)S(1)} fusion(f32[8,",0.345,0,0
%fusion.1344,"f32[8,128]{1,0:T(8,128)S(1)} fusion(f32[",0.092,0,0
%fusion.1341,"f32[1024]{0:T(1024)S(1)} fusion(f32[8,12",0.093,0,0
%fusion.1338,"f32[1024]{0:T(1024)S(1)} fusion(f32[8,12",0.091,0,0
%custom-call.2,c64[1024]{0:T(1024)} custom-call(f32[102,0.474,0,0
%iota.1,"f32[1024]{0:T(1024)} iota(), iota_dimens",0.243,0,0
%broadcast_add_fusion,f32[1024]{0:T(1024)} fusion(f32[1024]{0:,0.669,0,0
%broadcast,f32[1024]{0:T(1024)S(1)} broadcast(f32[],0.004,0,0
%custom-call,c64[1024]{0:T(1024)} custom-call(f32[102,0.798,0,0
%iota_and_fusion,"u32[1024]{0:T(1024)S(1)} fusion(), kind=",0.005,0,0
%copy-start,"(u32[1024]{0:T(1024)}, u32[1024]{0:T(102",0.005,0,0
%iota_shift-right-logical_fusion,"u32[1024]{0:T(1024)S(1)} fusion(), kind=",0.004,0,0
%copy-start.1,"(u32[1024]{0:T(1024)}, u32[1024]{0:T(102",0.003,0,0
%add_select_fusion.76,"(f32[1024,1024]{1,0:T(8,128)S(1)}, pred[",550.628,0,0
%copy-done,u32[1024]{0:T(1024)} copy-done((u32[1024,0.004,0,0
%copy-done.1,u32[1024]{0:T(1024)} copy-done((u32[1024,0.003,0,0
%fusion.316,"(f32[1024,1024]{1,0:T(8,128)S(1)}, f32[1",53.549,0,0
%add_select_fusion.43,"(f32[1024,1024]{1,0:T(8,128)S(1)}, f32[1",29.496,0,0
%add_select_fusion.31,"(f32[1024,1024]{1,0:T(8,128)}, f32[1024,",31.6,0,0
%and_or_fusion.4,"(pred[1024,1024]{1,0:T(8,128)(4,1)}, pre",4.84,0,0
%fusion.361,"(f32[1024,1024]{1,0:T(8,128)S(1)}, f32[1",690.22,0,0
%custom-call,f32[1024]{0:T(1024)S(1)} custom-call(c64,0.323,0,0
%custom-call.1,f32[1024]{0:T(1024)S(1)} custom-call(c64,0.316,0,0
%fusion.605,"(f32[1024]{0:T(1024)S(1)}, f32[1024]{0:T",0.004,0,0
%multiply_reduce_fusion,"(f32[1024]{0:T(1024)S(1)}, f32[1024]{0:T",85.812,0,0
%fusion.606,"(f32[1024]{0:T(1024)S(1)}, f32[1024]{0:T",0.007,0,0
%custom-call.2,c64[1024]{0:T(1024)} custom-call(f32[102,0.477,0,0
%iota_and_fusion,"u32[1024]{0:T(1024)S(1)} fusion(), kind=",0.005,0,0
%copy-start,"(u32[1024]{0:T(1024)}, u32[1024]{0:T(102",0.006,0,0
%iota_shift-right-logical_fusion,"u32[1024]{0:T(1024)S(1)} fusion(), kind=",0.006,0,0
%copy-start.1,"(u32[1024]{0:T(1024)}, u32[1024]{0:T(102",0.003,0,0
%add_select_fusion.76,"(f32[1024,1024]{1,0:T(8,128)S(1)}, pred[",550.63,0,0
%copy-done,u32[1024]{0:T(1024)} copy-done((u32[1024,0.004,0,0
%copy-done.1,u32[1024]{0:T(1024)} copy-done((u32[1024,0.004,0,0
%fusion.316,"(f32[1024,1024]{1,0:T(8,128)S(1)}, f32[1",53.55,0,0
%add_select_fusion.43,"(f32[1024,1024]{1,0:T(8,128)S(1)}, f32[1",29.497,0,0
%add_select_fusion.31,"(f32[1024,1024]{1,0:T(8,128)}, f32[1024,",31.644,0,0
%and_or_fusion.4,"(pred[1024,1024]{1,0:T(8,128)(4,1)}, pre",4.389,0,0
%fusion.361,"(f32[1024,1024]{1,0:T(8,128)S(1)}, f32[1",690.22,0,0
%custom-call,f32[1024]{0:T(1024)S(1)} custom-call(c64,0.328,0,0
%custom-call.1,f32[1024]{0:T(1024)S(1)} custom-call(c64,0.456,0,0
%fusion.605,"(f32[1024]{0:T(1024)S(1)}, f32[1024]{0:T",0.004,0,0
%multiply_reduce_fusion,"(f32[1024]{0:T(1024)S(1)}, f32[1024]{0:T",85.656,0,0
%fusion.606,"(f32[1024]{0:T(1024)S(1)}, f32[1024]{0:T",0.008,0,0
%custom-call.2,c64[1024]{0:T(1024)} custom-call(f32[102,0.48,0,0
%iota_and_fusion,"u32[1024]{0:T(1024)S(1)} fusion(), kind=",0.004,0,0
%copy-start,"(u32[1024]{0:T(1024)}, u32[1024]{0:T(102",0.006,0,0
%iota_shift-right-logical_fusion,"u32[1024]{0:T(1024)S(1)} fusion(), kind=",0.005,0,0
%copy-start.1,"(u32[1024]{0:T(1024)}, u32[1024]{0:T(102",0.003,0,0
%add_select_fusion.76,"(f32[1024,1024]{1,0:T(8,128)S(1)}, pred[",550.63,0,0
%copy-done,u32[1024]{0:T(1024)} copy-done((u32[1024,0.004,0,0
%copy-done.1,u32[1024]{0:T(1024)} copy-done((u32[1024,0.004,0,0
%fusion.316,"(f32[1024,1024]{1,0:T(8,128)S(1)}, f32[1",53.55,0,0
%add_select_fusion.43,"(f32[1024,1024]{1,0:T(8,128)S(1)}, f32[1",29.495,0,0
%add_select_fusion.31,"(f32[1024,1024]{1,0:T(8,128)}, f32[1024,",31.541,0,0
%and_or_fusion.4,"(pred[1024,1024]{1,0:T(8,128)(4,1)}, pre",4.451,0,0
%fusion.361,"(f32[1024,1024]{1,0:T(8,128)S(1)}, f32[1",690.22,0,0
%custom-call,f32[1024]{0:T(1024)S(1)} custom-call(c64,0.323,0,0
%custom-call.1,f32[1024]{0:T(1024)S(1)} custom-call(c64,0.316,0,0
%fusion.605,"(f32[1024]{0:T(1024)S(1)}, f32[1024]{0:T",0.004,0,0
%multiply_reduce_fusion,"(f32[1024]{0:T(1024)S(1)}, f32[1024]{0:T",85.653,0,0
%fusion.606,"(f32[1024]{0:T(1024)S(1)}, f32[1024]{0:T",0.006,0,0
%custom-call.2,c64[1024]{0:T(1024)} custom-call(f32[102,0.48,0,0
%iota_and_fusion,"u32[1024]{0:T(1024)S(1)} fusion(), kind=",0.004,0,0
%copy-start,"(u32[1024]{0:T(1024)}, u32[1024]{0:T(102",0.006,0,0
%iota_shift-right-logical_fusion,"u32[1024]{0:T(1024)S(1)} fusion(), kind=",0.005,0,0
%copy-start.1,"(u32[1024]{0:T(1024)}, u32[1024]{0:T(102",0.003,0,0
%add_select_fusion.76,"(f32[1024,1024]{1,0:T(8,128)S(1)}, pred[",550.629,0,0
%copy-done,u32[1024]{0:T(1024)} copy-done((u32[1024,0.003,0,0
%copy-done.1,u32[1024]{0:T(1024)} copy-done((u32[1024,0.003,0,0
%fusion.316,"(f32[1024,1024]{1,0:T(8,128)S(1)}, f32[1",53.546,0,0
%add_select_fusion.43,"(f32[1024,1024]{1,0:T(8,128)S(1)}, f32[1",29.493,0,0
%add_select_fusion.31,"(f32[1024,1024]{1,0:T(8,128)}, f32[1024,",31.455,0,0
%and_or_fusion.4,"(pred[1024,1024]{1,0:T(8,128)(4,1)}, pre",4.405,0,0
%fusion.361,"(f32[1024,1024]{1,0:T(8,128)S(1)}, f32[1",690.219,0,0
%custom-call,f32[1024]{0:T(1024)S(1)} custom-call(c64,0.325,0,0
%custom-call.1,f32[1024]{0:T(1024)S(1)} custom-call(c64,0.499,0,0
%fusion.605,"(f32[1024]{0:T(1024)S(1)}, f32[1024]{0:T",0.004,0,0
%multiply_reduce_fusion,"(f32[1024]{0:T(1024)S(1)}, f32[1024]{0:T",85.655,0,0
%fusion.606,"(f32[1024]{0:T(1024)S(1)}, f32[1024]{0:T",0.006,0,0
%custom-call.2,c64[1024]{0:T(1024)} custom-call(f32[102,0.478,0,0
%iota_and_fusion,"u32[1024]{0:T(1024)S(1)} fusion(), kind=",0.005,0,0
%copy-start,"(u32[1024]{0:T(1024)}, u32[1024]{0:T(102",0.006,0,0
%iota_shift-right-logical_fusion,"u32[1024]{0:T(1024)S(1)} fusion(), kind=",0.004,0,0
%copy-start.1,"(u32[1024]{0:T(1024)}, u32[1024]{0:T(102",0.003,0,0
%add_select_fusion.76,"(f32[1024,1024]{1,0:T(8,128)S(1)}, pred[",550.629,0,0
%copy-done,u32[1024]{0:T(1024)} copy-done((u32[1024,0.004,0,0
%copy-done.1,u32[1024]{0:T(1024)} copy-done((u32[1024,0.004,0,0
%fusion.316,"(f32[1024,1024]{1,0:T(8,128)S(1)}, f32[1",53.551,0,0
%add_select_fusion.43,"(f32[1024,1024]{1,0:T(8,128)S(1)}, f32[1",29.494,0,0
%add_select_fusion.31,"(f32[1024,1024]{1,0:T(8,128)}, f32[1024,",31.614,0,0
%and_or_fusion.4,"(pred[1024,1024]{1,0:T(8,128)(4,1)}, pre",4.695,0,0
%fusion.361,"(f32[1024,1024]{1,0:T(8,128)S(1)}, f32[1",690.22,0,0
%custom-call,f32[1024]{0:T(1024)S(1)} custom-call(c64,0.52,0,0
%custom-call.1,f32[1024]{0:T(1024)S(1)} custom-call(c64,0.511,0,0
%fusion.605,"(f32[1024]{0:T(1024)S(1)}, f32[1024]{0:T",0.004,0,0
%multiply_reduce_fusion,"(f32[1024]{0:T(1024)S(1)}, f32[1024]{0:T",85.654,0,0
%fusion.606,"(f32[1024]{0:T(1024)S(1)}, f32[1024]{0:T",0.007,0,0
%custom-call.2,c64[1024]{0:T(1024)} custom-call(f32[102,0.477,0,0
%iota.1,"f32[2048]{0:T(1024)} iota(), iota_dimens",0.249,0,0
%broadcast_add_fusion,f32[2048]{0:T(1024)} fusion(f32[2048]{0:,0.603,0,0
%broadcast,f32[2048]{0:T(1024)S(1)} broadcast(f32[],0.003,0,0
%custom-call,c64[2048]{0:T(1024)} custom-call(f32[204,1.016,0,0
%iota_and_fusion,"u32[128]{0:T(128)S(1)} fusion(), kind=kL",0.005,0,0
%iota_shift-right-logical_fusion,"u32[128]{0:T(128)S(1)} fusion(), kind=kL",0.005,0,0
%add_select_fusion.76,"(f32[128,128]{1,0:T(8,128)S(1)}, pred[12",7.58,0,0
%fusion.316,"(f32[128,128]{1,0:T(8,128)S(1)}, f32[128",0.858,0,0
%add_select_fusion.43,"(f32[128,128]{1,0:T(8,128)S(1)}, f32[128",0.485,0,0
%add_select_fusion.31,"(f32[128,128]{1,0:T(8,128)S(1)}, f32[128",0.485,0,0
%and_or_fusion.4,"(pred[128,128]{1,0:T(8,128)(4,1)S(1)}, p",0.05,0,0
%fusion.361,"(f32[128,128]{1,0:T(8,128)S(1)}, f32[128",7.039,0,0
%fusion.353,"f32[128,128]{1,0:T(8,128)S(1)} fusion(f3",1.498,0,0
%custom-call,f32[2048]{0:T(1024)S(1)} custom-call(c64,0.328,0,0
%reshape.4,"f32[128,16]{1,0:T(8,128)S(1)} reshape(f3",0.104,0,0
%fusion.371,"f32[128,16]{0,1:T(8,128)S(1)} fusion(f32",0.205,0,0
%custom-call.1,f32[2048]{0:T(1024)S(1)} custom-call(c64,0.336,0,0
%reshape.12,"f32[128,16]{1,0:T(8,128)S(1)} reshape(f3",0.103,0,0
%fusion.1327,"f32[128,16,1]{0,1,2:T(8,128)S(1)} fusion",0.209,0,0
%iota_and_fusion.1,"u32[16]{0:T(128)S(1)} fusion(), kind=kLo",0.005,0,0
%iota_shift-right-logical_fusion.1,"u32[16]{0:T(128)S(1)} fusion(), kind=kLo",0.004,0,0
%is-finite_and_fusion.53,"(pred[128,16,1]{0,1,2:T(8,128)(4,1)S(1)}",0.429,0,0
%fusion.1765,"(pred[128,16,1]{0,1,2:T(8,128)(4,1)S(1)}",0.352,0,0
%fusion.1283,"(f32[128,16,1]{0,1,2:T(8,128)S(1)}, f32[",0.576,0,0
%add_select_fusion.264,"(f32[128,16,1]{0,1,2:T(8,128)S(1)}, f32[",0.233,0,0
%multiply_add_fusion.81,"(f32[128,16,1]{0,1,2:T(8,128)S(1)}, f32[",0.867,0,0
%multiply_subtract_fusion.2,"f32[128,16,1]{0,1,2:T(8,128)S(1)} fusion",0.009,0,0
%add_select_fusion.256,"(f32[16,16]{1,0:T(8,128)S(1)}, pred[16,1",1.021,0,0
%fusion.1165,"(f32[16,16]{1,0:T(8,128)S(1)}, f32[16,16",0.181,0,0
%add_select_fusion.196,"(f32[16,16]{1,0:T(8,128)S(1)}, f32[16,16",0.116,0,0
%add_select_fusion.184,"(f32[16,16]{1,0:T(8,128)S(1)}, f32[16,16",0.114,0,0
%and_or_fusion.22,"(pred[16,16]{1,0:T(8,128)(4,1)S(1)}, pre",0.013,0,0
%fusion.1309,"(f32[16,16]{1,0:T(8,128)S(1)}, f32[16,16",0.993,0,0
%fusion.1301,"f32[16,16]{1,0:T(8,128)S(1)} fusion(f32[",0.351,0,0
%fusion.1344,"f32[16,128]{1,0:T(8,128)S(1)} fusion(f32",0.099,0,0
%fusion.1341,"f32[2048]{0:T(1024)S(1)} fusion(f32[16,1",0.101,0,0
%fusion.1338,"f32[2048]{0:T(1024)S(1)} fusion(f32[16,1",0.099,0,0
%custom-call.2,c64[2048]{0:T(1024)} custom-call(f32[204,0.483,0,0
%iota_and_fusion,"u32[128]{0:T(128)S(1)} fusion(), kind=kL",0.005,0,0
%iota_shift-right-logical_fusion,"u32[128]{0:T(128)S(1)} fusion(), kind=kL",0.004,0,0
%add_select_fusion.76,"(f32[128,128]{1,0:T(8,128)S(1)}, pred[12",7.581,0,0
%fusion.316,"(f32[128,128]{1,0:T(8,128)S(1)}, f32[128",0.859,0,0
%add_select_fusion.43,"(f32[128,128]{1,0:T(8,128)S(1)}, f32[128",0.486,0,0
%add_select_fusion.31,"(f32[128,128]{1,0:T(8,128)S(1)}, f32[128",0.486,0,0
%and_or_fusion.4,"(pred[128,128]{1,0:T(8,128)(4,1)S(1)}, p",0.051,0,0
%fusion.361,"(f32[128,128]{1,0:T(8,128)S(1)}, f32[128",7.041,0,0
%fusion.353,"f32[128,128]{1,0:T(8,128)S(1)} fusion(f3",1.499,0,0
%custom-call,f32[2048]{0:T(1024)S(1)} custom-call(c64,0.327,0,0
%reshape.4,"f32[128,16]{1,0:T(8,128)S(1)} reshape(f3",0.102,0,0
%fusion.371,"f32[128,16]{0,1:T(8,128)S(1)} fusion(f32",0.205,0,0
%custom-call.1,f32[2048]{0:T(1024)S(1)} custom-call(c64,0.335,0,0
%reshape.12,"f32[128,16]{1,0:T(8,128)S(1)} reshape(f3",0.102,0,0
%fusion.1327,"f32[128,16,1]{0,1,2:T(8,128)S(1)} fusion",0.208,0,0
%iota_and_fusion.1,"u32[16]{0:T(128)S(1)} fusion(), kind=kLo",0.004,0,0
%iota_shift-right-logical_fusion.1,"u32[16]{0:T(128)S(1)} fusion(), kind=kLo",0.004,0,0
%is-finite_and_fusion.53,"(pred[128,16,1]{0,1,2:T(8,128)(4,1)S(1)}",0.429,0,0
%fusion.1765,"(pred[128,16,1]{0,1,2:T(8,128)(4,1)S(1)}",0.353,0,0
%fusion.1283,"(f32[128,16,1]{0,1,2:T(8,128)S(1)}, f32[",0.578,0,0
%add_select_fusion.264,"(f32[128,16,1]{0,1,2:T(8,128)S(1)}, f32[",0.234,0,0
%multiply_add_fusion.81,"(f32[128,16,1]{0,1,2:T(8,128)S(1)}, f32[",0.868,0,0
%multiply_subtract_fusion.2,"f32[128,16,1]{0,1,2:T(8,128)S(1)} fusion",0.009,0,0
%add_select_fusion.256,"(f32[16,16]{1,0:T(8,128)S(1)}, pred[16,1",1.021,0,0
%fusion.1165,"(f32[16,16]{1,0:T(8,128)S(1)}, f32[16,16",0.181,0,0
%add_select_fusion.196,"(f32[16,16]{1,0:T(8,128)S(1)}, f32[16,16",0.116,0,0
%add_select_fusion.184,"(f32[16,16]{1,0:T(8,128)S(1)}, f32[16,16",0.114,0,0
%and_or_fusion.22,"(pred[16,16]{1,0:T(8,128)(4,1)S(1)}, pre",0.014,0,0
%fusion.1309,"(f32[16,16]{1,0:T(8,128)S(1)}, f32[16,16",0.993,0,0
%fusion.1301,"f32[16,16]{1,0:T(8,128)S(1)} fusion(f32[",0.352,0,0
%fusion.1344,"f32[16,128]{1,0:T(8,128)S(1)} fusion(f32",0.1,0,0
%fusion.1341,"f32[2048]{0:T(1024)S(1)} fusion(f32[16,1",0.1,0,0
%fusion.1338,"f32[2048]{0:T(1024)S(1)} fusion(f32[16,1",0.1,0,0
%custom-call.2,c64[2048]{0:T(1024)} custom-call(f32[204,0.484,0,0
%iota_and_fusion,"u32[128]{0:T(128)S(1)} fusion(), kind=kL",0.005,0,0
%iota_shift-right-logical_fusion,"u32[128]{0:T(128)S(1)} fusion(), kind=kL",0.005,0,0
%add_select_fusion.76,"(f32[128,128]{1,0:T(8,128)S(1)}, pred[12",7.581,0,0
%fusion.316,"(f32[128,128]{1,0:T(8,128)S(1)}, f32[128",0.859,0,0
%add_select_fusion.43,"(f32[128,128]{1,0:T(8,128)S(1)}, f32[128",0.485,0,0
%add_select_fusion.31,"(f32[128,128]{1,0:T(8,128)S(1)}, f32[128",0.486,0,0
%and_or_fusion.4,"(pred[128,128]{1,0:T(8,128)(4,1)S(1)}, p",0.051,0,0
%fusion.361,"(f32[128,128]{1,0:T(8,128)S(1)}, f32[128",7.039,0,0
%fusion.353,"f32[128,128]{1,0:T(8,128)S(1)} fusion(f3",1.498,0,0
%custom-call,f32[2048]{0:T(1024)S(1)} custom-call(c64,0.329,0,0
%reshape.4,"f32[128,16]{1,0:T(8,128)S(1)} reshape(f3",0.102,0,0
%fusion.371,"f32[128,16]{0,1:T(8,128)S(1)} fusion(f32",0.205,0,0
%custom-call.1,f32[2048]{0:T(1024)S(1)} custom-call(c64,0.335,0,0
%reshape.12,"f32[128,16]{1,0:T(8,128)S(1)} reshape(f3",0.102,0,0
%fusion.1327,"f32[128,16,1]{0,1,2:T(8,128)S(1)} fusion",0.208,0,0
%iota_and_fusion.1,"u32[16]{0:T(128)S(1)} fusion(), kind=kLo",0.004,0,0
%iota_shift-right-logical_fusion.1,"u32[16]{0:T(128)S(1)} fusion(), kind=kLo",0.005,0,0
%is-finite_and_fusion.53,"(pred[128,16,1]{0,1,2:T(8,128)(4,1)S(1)}",0.429,0,0
%fusion.1765,"(pred[128,16,1]{0,1,2:T(8,128)(4,1)S(1)}",0.353,0,0
%fusion.1283,"(f32[128,16,1]{0,1,2:T(8,128)S(1)}, f32[",0.578,0,0
%add_select_fusion.264,"(f32[128,16,1]{0,1,2:T(8,128)S(1)}, f32[",0.234,0,0
%multiply_add_fusion.81,"(f32[128,16,1]{0,1,2:T(8,128)S(1)}, f32[",0.868,0,0
%multiply_subtract_fusion.2,"f32[128,16,1]{0,1,2:T(8,128)S(1)} fusion",0.009,0,0
%add_select_fusion.256,"(f32[16,16]{1,0:T(8,128)S(1)}, pred[16,1",1.021,0,0
%fusion.1165,"(f32[16,16]{1,0:T(8,128)S(1)}, f32[16,16",0.18,0,0
%add_select_fusion.196,"(f32[16,16]{1,0:T(8,128)S(1)}, f32[16,16",0.115,0,0
%add_select_fusion.184,"(f32[16,16]{1,0:T(8,128)S(1)}, f32[16,16",0.115,0,0
%and_or_fusion.22,"(pred[16,16]{1,0:T(8,128)(4,1)S(1)}, pre",0.012,0,0
%fusion.1309,"(f32[16,16]{1,0:T(8,128)S(1)}, f32[16,16",0.992,0,0
%fusion.1301,"f32[16,16]{1,0:T(8,128)S(1)} fusion(f32[",0.354,0,0
%fusion.1344,"f32[16,128]{1,0:T(8,128)S(1)} fusion(f32",0.1,0,0
%fusion.1341,"f32[2048]{0:T(1024)S(1)} fusion(f32[16,1",0.101,0,0
%fusion.1338,"f32[2048]{0:T(1024)S(1)} fusion(f32[16,1",0.099,0,0
%custom-call.2,c64[2048]{0:T(1024)} custom-call(f32[204,0.484,0,0
%iota_and_fusion,"u32[128]{0:T(128)S(1)} fusion(), kind=kL",0.005,0,0
%iota_shift-right-logical_fusion,"u32[128]{0:T(128)S(1)} fusion(), kind=kL",0.005,0,0
%add_select_fusion.76,"(f32[128,128]{1,0:T(8,128)S(1)}, pred[12",7.581,0,0
%fusion.316,"(f32[128,128]{1,0:T(8,128)S(1)}, f32[128",0.859,0,0
%add_select_fusion.43,"(f32[128,128]{1,0:T(8,128)S(1)}, f32[128",0.486,0,0
%add_select_fusion.31,"(f32[128,128]{1,0:T(8,128)S(1)}, f32[128",0.485,0,0
%and_or_fusion.4,"(pred[128,128]{1,0:T(8,128)(4,1)S(1)}, p",0.051,0,0
%fusion.361,"(f32[128,128]{1,0:T(8,128)S(1)}, f32[128",7.04,0,0
%fusion.353,"f32[128,128]{1,0:T(8,128)S(1)} fusion(f3",1.499,0,0
%custom-call,f32[2048]{0:T(1024)S(1)} custom-call(c64,0.328,0,0
%reshape.4,"f32[128,16]{1,0:T(8,128)S(1)} reshape(f3",0.102,0,0
%fusion.371,"f32[128,16]{0,1:T(8,128)S(1)} fusion(f32",0.205,0,0
%custom-call.1,f32[2048]{0:T(1024)S(1)} custom-call(c64,0.334,0,0
%reshape.12,"f32[128,16]{1,0:T(8,128)S(1)} reshape(f3",0.102,0,0
%fusion.1327,"f32[128,16,1]{0,1,2:T(8,128)S(1)} fusion",0.207,0,0
%iota_and_fusion.1,"u32[16]{0:T(128)S(1)} fusion(), kind=kLo",0.004,0,0
%iota_shift-right-logical_fusion.1,"u32[16]{0:T(128)S(1)} fusion(), kind=kLo",0.005,0,0
%is-finite_and_fusion.53,"(pred[128,16,1]{0,1,2:T(8,128)(4,1)S(1)}",0.429,0,0
%fusion.1765,"(pred[128,16,1]{0,1,2:T(8,128)(4,1)S(1)}",0.354,0,0
%fusion.1283,"(f32[128,16,1]{0,1,2:T(8,128)S(1)}, f32[",0.577,0,0
%add_select_fusion.264,"(f32[128,16,1]{0,1,2:T(8,128)S(1)}, f32[",0.234,0,0
%multiply_add_fusion.81,"(f32[128,16,1]{0,1,2:T(8,128)S(1)}, f32[",0.866,0,0
%multiply_subtract_fusion.2,"f32[128,16,1]{0,1,2:T(8,128)S(1)} fusion",0.009,0,0
%add_select_fusion.256,"(f32[16,16]{1,0:T(8,128)S(1)}, pred[16,1",1.021,0,0
%fusion.1165,"(f32[16,16]{1,0:T(8,128)S(1)}, f32[16,16",0.18,0,0
%add_select_fusion.196,"(f32[16,16]{1,0:T(8,128)S(1)}, f32[16,16",0.116,0,0
%add_select_fusion.184,"(f32[16,16]{1,0:T(8,128)S(1)}, f32[16,16",0.114,0,0
%and_or_fusion.22,"(pred[16,16]{1,0:T(8,128)(4,1)S(1)}, pre",0.014,0,0
%fusion.1309,"(f32[16,16]{1,0:T(8,128)S(1)}, f32[16,16",0.993,0,0
%fusion.1301,"f32[16,16]{1,0:T(8,128)S(1)} fusion(f32[",0.352,0,0
%fusion.1344,"f32[16,128]{1,0:T(8,128)S(1)} fusion(f32",0.099,0,0
%fusion.1341,"f32[2048]{0:T(1024)S(1)} fusion(f32[16,1",0.1,0,0
%fusion.1338,"f32[2048]{0:T(1024)S(1)} fusion(f32[16,1",0.1,0,0
%custom-call.2,c64[2048]{0:T(1024)} custom-call(f32[204,0.484,0,0
%iota_and_fusion,"u32[128]{0:T(128)S(1)} fusion(), kind=kL",0.004,0,0
%iota_shift-right-logical_fusion,"u32[128]{0:T(128)S(1)} fusion(), kind=kL",0.005,0,0
%add_select_fusion.76,"(f32[128,128]{1,0:T(8,128)S(1)}, pred[12",7.581,0,0
%fusion.316,"(f32[128,128]{1,0:T(8,128)S(1)}, f32[128",0.859,0,0
%add_select_fusion.43,"(f32[128,128]{1,0:T(8,128)S(1)}, f32[128",0.485,0,0
%add_select_fusion.31,"(f32[128,128]{1,0:T(8,128)S(1)}, f32[128",0.486,0,0
%and_or_fusion.4,"(pred[128,128]{1,0:T(8,128)(4,1)S(1)}, p",0.051,0,0
%fusion.361,"(f32[128,128]{1,0:T(8,128)S(1)}, f32[128",7.039,0,0
%fusion.353,"f32[128,128]{1,0:T(8,128)S(1)} fusion(f3",1.499,0,0
%custom-call,f32[2048]{0:T(1024)S(1)} custom-call(c64,0.328,0,0
%reshape.4,"f32[128,16]{1,0:T(8,128)S(1)} reshape(f3",0.102,0,0
%fusion.371,"f32[128,16]{0,1:T(8,128)S(1)} fusion(f32",0.204,0,0
%custom-call.1,f32[2048]{0:T(1024)S(1)} custom-call(c64,0.551,0,0
%reshape.12,"f32[128,16]{1,0:T(8,128)S(1)} reshape(f3",0.104,0,0
%fusion.1327,"f32[128,16,1]{0,1,2:T(8,128)S(1)} fusion",0.207,0,0
%iota_and_fusion.1,"u32[16]{0:T(128)S(1)} fusion(), kind=kLo",0.004,0,0
%iota_shift-right-logical_fusion.1,"u32[16]{0:T(128)S(1)} fusion(), kind=kLo",0.004,0,0
%is-finite_and_fusion.53,"(pred[128,16,1]{0,1,2:T(8,128)(4,1)S(1)}",0.429,0,0
%fusion.1765,"(pred[128,16,1]{0,1,2:T(8,128)(4,1)S(1)}",0.354,0,0
%fusion.1283,"(f32[128,16,1]{0,1,2:T(8,128)S(1)}, f32[",0.576,0,0
%add_select_fusion.264,"(f32[128,16,1]{0,1,2:T(8,128)S(1)}, f32[",0.233,0,0
%multiply_add_fusion.81,"(f32[128,16,1]{0,1,2:T(8,128)S(1)}, f32[",0.869,0,0
%multiply_subtract_fusion.2,"f32[128,16,1]{0,1,2:T(8,128)S(1)} fusion",0.009,0,0
%add_select_fusion.256,"(f32[16,16]{1,0:T(8,128)S(1)}, pred[16,1",1.021,0,0
%fusion.1165,"(f32[16,16]{1,0:T(8,128)S(1)}, f32[16,16",0.181,0,0
%add_select_fusion.196,"(f32[16,16]{1,0:T(8,128)S(1)}, f32[16,16",0.116,0,0
%add_select_fusion.184,"(f32[16,16]{1,0:T(8,128)S(1)}, f32[16,16",0.115,0,0
%and_or_fusion.22,"(pred[16,16]{1,0:T(8,128)(4,1)S(1)}, pre",0.013,0,0
%fusion.1309,"(f32[16,16]{1,0:T(8,128)S(1)}, f32[16,16",0.992,0,0
%fusion.1301,"f32[16,16]{1,0:T(8,128)S(1)} fusion(f32[",0.352,0,0
%fusion.1344,"f32[16,128]{1,0:T(8,128)S(1)} fusion(f32",0.1,0,0
%fusion.1341,"f32[2048]{0:T(1024)S(1)} fusion(f32[16,1",0.101,0,0
%fusion.1338,"f32[2048]{0:T(1024)S(1)} fusion(f32[16,1",0.099,0,0
%custom-call.2,c64[2048]{0:T(1024)} custom-call(f32[204,0.482,0,0
%iota.1,"f32[2048]{0:T(1024)} iota(), iota_dimens",0.251,0,0
%broadcast_add_fusion,f32[2048]{0:T(1024)} fusion(f32[2048]{0:,0.794,0,0
%broadcast,f32[2048]{0:T(1024)S(1)} broadcast(f32[],0.004,0,0
%custom-call,c64[2048]{0:T(1024)} custom-call(f32[204,0.814,0,0
%iota_and_fusion,"u32[2048]{0:T(1024)} fusion(), kind=kLoo",0.249,0,0
%iota_shift-right-logical_fusion,"u32[2048]{0:T(1024)} fusion(), kind=kLoo",0.245,0,0
%add_select_fusion.76,"(f32[2048,2048]{1,0:T(8,128)S(1)}, pred[",3359.246,0,0
%fusion.316,"(f32[2048,2048]{1,0:T(8,128)}, f32[2048,",213.798,0,0
%add_select_fusion.43,"(f32[2048,2048]{1,0:T(8,128)}, f32[2048,",120.877,0,0
%add_select_fusion.31,"(f32[2048,2048]{1,0:T(8,128)}, f32[2048,",121.332,0,0
%and_or_fusion.4,"(pred[2048,2048]{1,0:T(8,128)(4,1)}, pre",60.678,0,0
%fusion.361,"(f32[2048,2048]{1,0:T(8,128)}, f32[2048,",4133.621,0,0
%custom-call,f32[2048]{0:T(1024)S(1)} custom-call(c64,0.33,0,0
%custom-call.1,f32[2048]{0:T(1024)S(1)} custom-call(c64,0.324,0,0
%fusion.605,"(f32[2048]{0:T(1024)S(1)}, f32[2048]{0:T",0.006,0,0
%multiply_reduce_fusion,"(f32[2048]{0:T(1024)S(1)}, f32[2048]{0:T",338.19,0,0
%fusion.606,"(f32[2048]{0:T(1024)S(1)}, f32[2048]{0:T",0.009,0,0
%custom-call.2,c64[2048]{0:T(1024)} custom-call(f32[204,0.49,0,0
%iota_and_fusion,"u32[2048]{0:T(1024)} fusion(), kind=kLoo",0.248,0,0
%iota_shift-right-logical_fusion,"u32[2048]{0:T(1024)} fusion(), kind=kLoo",0.246,0,0
%add_select_fusion.76,"(f32[2048,2048]{1,0:T(8,128)S(1)}, pred[",3359.247,0,0
%fusion.316,"(f32[2048,2048]{1,0:T(8,128)}, f32[2048,",213.835,0,0
%add_select_fusion.43,"(f32[2048,2048]{1,0:T(8,128)}, f32[2048,",120.635,0,0
%add_select_fusion.31,"(f32[2048,2048]{1,0:T(8,128)}, f32[2048,",120.635,0,0
%and_or_fusion.4,"(pred[2048,2048]{1,0:T(8,128)(4,1)}, pre",60.865,0,0
%fusion.361,"(f32[2048,2048]{1,0:T(8,128)}, f32[2048,",4133.62,0,0
%custom-call,f32[2048]{0:T(1024)S(1)} custom-call(c64,0.33,0,0
%custom-call.1,f32[2048]{0:T(1024)S(1)} custom-call(c64,0.326,0,0
%fusion.605,"(f32[2048]{0:T(1024)S(1)}, f32[2048]{0:T",0.006,0,0
%multiply_reduce_fusion,"(f32[2048]{0:T(1024)S(1)}, f32[2048]{0:T",338.285,0,0
%fusion.606,"(f32[2048]{0:T(1024)S(1)}, f32[2048]{0:T",0.009,0,0
%custom-call.2,c64[2048]{0:T(1024)} custom-call(f32[204,0.492,0,0
%iota_and_fusion,"u32[2048]{0:T(1024)} fusion(), kind=kLoo",0.249,0,0
%iota_shift-right-logical_fusion,"u32[2048]{0:T(1024)} fusion(), kind=kLoo",0.247,0,0
%add_select_fusion.76,"(f32[2048,2048]{1,0:T(8,128)S(1)}, pred[",3359.245,0,0
%fusion.316,"(f32[2048,2048]{1,0:T(8,128)}, f32[2048,",213.756,0,0
%add_select_fusion.43,"(f32[2048,2048]{1,0:T(8,128)}, f32[2048,",120.716,0,0
%add_select_fusion.31,"(f32[2048,2048]{1,0:T(8,128)}, f32[2048,",120.66,0,0
%and_or_fusion.4,"(pred[2048,2048]{1,0:T(8,128)(4,1)}, pre",60.82,0,0
%fusion.361,"(f32[2048,2048]{1,0:T(8,128)}, f32[2048,",4133.619,0,0
%custom-call,f32[2048]{0:T(1024)S(1)} custom-call(c64,0.331,0,0
%custom-call.1,f32[2048]{0:T(1024)S(1)} custom-call(c64,0.325,0,0
%fusion.605,"(f32[2048]{0:T(1024)S(1)}, f32[2048]{0:T",0.005,0,0
%multiply_reduce_fusion,"(f32[2048]{0:T(1024)S(1)}, f32[2048]{0:T",338.154,0,0
%fusion.606,"(f32[2048]{0:T(1024)S(1)}, f32[2048]{0:T",0.009,0,0
%custom-call.2,c64[2048]{0:T(1024)} custom-call(f32[204,0.494,0,0
%iota_and_fusion,"u32[2048]{0:T(1024)} fusion(), kind=kLoo",0.247,0,0
%iota_shift-right-logical_fusion,"u32[2048]{0:T(1024)} fusion(), kind=kLoo",0.245,0,0
%add_select_fusion.76,"(f32[2048,2048]{1,0:T(8,128)S(1)}, pred[",3359.246,0,0
%fusion.316,"(f32[2048,2048]{1,0:T(8,128)}, f32[2048,",214.009,0,0
%add_select_fusion.43,"(f32[2048,2048]{1,0:T(8,128)}, f32[2048,",120.689,0,0
%add_select_fusion.31,"(f32[2048,2048]{1,0:T(8,128)}, f32[2048,",120.616,0,0
%and_or_fusion.4,"(pred[2048,2048]{1,0:T(8,128)(4,1)}, pre",60.78,0,0
%fusion.361,"(f32[2048,2048]{1,0:T(8,128)}, f32[2048,",4133.62,0,0
%custom-call,f32[2048]{0:T(1024)S(1)} custom-call(c64,0.41,0,0
%custom-call.1,f32[2048]{0:T(1024)S(1)} custom-call(c64,0.324,0,0
%fusion.605,"(f32[2048]{0:T(1024)S(1)}, f32[2048]{0:T",0.006,0,0
%multiply_reduce_fusion,"(f32[2048]{0:T(1024)S(1)}, f32[2048]{0:T",338.297,0,0
%fusion.606,"(f32[2048]{0:T(1024)S(1)}, f32[2048]{0:T",0.009,0,0
%custom-call.2,c64[2048]{0:T(1024)} custom-call(f32[204,0.492,0,0
%iota_and_fusion,"u32[2048]{0:T(1024)} fusion(), kind=kLoo",0.249,0,0
%iota_shift-right-logical_fusion,"u32[2048]{0:T(1024)} fusion(), kind=kLoo",0.247,0,0
%add_select_fusion.76,"(f32[2048,2048]{1,0:T(8,128)S(1)}, pred[",3359.246,0,0
%fusion.316,"(f32[2048,2048]{1,0:T(8,128)}, f32[2048,",213.896,0,0
%add_select_fusion.43,"(f32[2048,2048]{1,0:T(8,128)}, f32[2048,",120.624,0,0
%add_select_fusion.31,"(f32[2048,2048]{1,0:T(8,128)}, f32[2048,",120.74,0,0
%and_or_fusion.4,"(pred[2048,2048]{1,0:T(8,128)(4,1)}, pre",60.726,0,0
%fusion.361,"(f32[2048,2048]{1,0:T(8,128)}, f32[2048,",4133.62,0,0
%custom-call,f32[2048]{0:T(1024)S(1)} custom-call(c64,0.33,0,0
%custom-call.1,f32[2048]{0:T(1024)S(1)} custom-call(c64,0.374,0,0
%fusion.605,"(f32[2048]{0:T(1024)S(1)}, f32[2048]{0:T",0.006,0,0
%multiply_reduce_fusion,"(f32[2048]{0:T(1024)S(1)}, f32[2048]{0:T",338.123,0,0
%fusion.606,"(f32[2048]{0:T(1024)S(1)}, f32[2048]{0:T",0.009,0,0
%custom-call.2,c64[2048]{0:T(1024)} custom-call(f32[204,0.493,0,0
%iota.1,"f32[32768]{0:T(1024)} iota(), iota_dimen",0.446,0,0
%broadcast_add_fusion,f32[32768]{0:T(1024)} fusion(f32[32768]{,0.939,0,0
%broadcast,f32[32768]{0:T(1024)S(1)} broadcast(f32[,0.025,0,0
%custom-call,c64[32768]{0:T(1024)} custom-call(f32[32,1.265,0,0
%custom-call,f32[32768]{0:T(1024)S(1)} custom-call(c6,0.826,0,0
%reshape.6,"f32[128,256]{1,0:T(8,128)S(1)} reshape(f",0.086,0,0
%iota_and_fusion.1,"u32[128]{0:T(128)S(1)} fusion(), kind=kL",0.004,0,0
%iota_shift-right-logical_fusion.1,"u32[128]{0:T(128)S(1)} fusion(), kind=kL",0.005,0,0
%add_select_fusion.173,"(f32[128,128]{1,0:T(8,128)S(1)}, pred[12",7.904,0,0
%fusion.865,"(f32[128,128]{1,0:T(8,128)S(1)}, f32[128",0.859,0,0
%and_or_fusion.13,"(pred[128,128]{1,0:T(8,128)(4,1)S(1)}, p",0.051,0,0
%add_select_fusion.128,"(f32[128,128]{1,0:T(8,128)S(1)}, f32[128",0.487,0,0
%add_select_fusion.140,"(f32[128,128]{1,0:T(8,128)S(1)}, f32[128",0.486,0,0
%fusion.910,"(f32[128,128]{1,0:T(8,128)S(1)}, f32[128",7.04,0,0
%fusion.902,"f32[128,128]{1,0:T(8,128)S(1)} fusion(f3",1.499,0,0
%fusion.1144,"f32[128,256]{1,0:T(8,128)S(1)} fusion(f3",0.152,0,0
%custom-call.1,f32[32768]{0:T(1024)S(1)} custom-call(c6,0.706,0,0
%reshape.14,"f32[128,256]{1,0:T(8,128)S(1)} reshape(f",0.086,0,0
%convolution_add_fusion.1,"f32[128,256]{1,0:T(8,128)S(1)} fusion(f3",0.156,0,0
%convolution_subtract_fusion.1,"f32[128,256]{1,0:T(8,128)S(1)} fusion(f3",0.158,0,0
%iota_and_fusion,"u32[256]{0:T(256)S(1)} fusion(), kind=kL",0.006,0,0
%iota_shift-right-logical_fusion,"u32[256]{0:T(256)S(1)} fusion(), kind=kL",0.004,0,0
%is-finite_and_fusion.22,"(pred[128,256,1]{1,0,2:T(8,128)(4,1)S(1)",3.241,0,0
%fusion.2225,"(pred[128,256,1]{1,0,2:T(8,128)(4,1)S(1)",4.245,0,0
%fusion.335,"(f32[128,256,1]{1,0,2:T(8,128)S(1)}, f32",5.031,0,0
%add_select_fusion.84,"(f32[128,256,1]{1,0,2:T(8,128)S(1)}, f32",2.177,0,0
%fusion.377,"(f32[256,128,1]{0,1,2:T(8,128)S(1)}, f32",18.711,0,0
%fusion.379,"f32[256,128,1]{0,1,2:T(8,128)S(1)} fusio",0.045,0,0
%copy.5,"f32[256,128,1]{1,0,2:T(8,128)S(1)} copy(",0.194,0,0
%fusion.386,"f32[128,2,128]{2,0,1:T(8,128)S(1)} fusio",0.157,0,0
%copy.7,"f32[256,128,1]{1,0,2:T(8,128)S(1)} copy(",0.191,0,0
%fusion.2228,"(bf16[32,8,128]{2,1,0:T(8,128)(2,1)S(1)}",0.051,0,0
%convolution_add_fusion,"f32[128,2,128]{2,0,1:T(8,128)S(1)} fusio",0.156,0,0
%iota_shift-right-logical_fusion.2,"u32[2]{0:T(128)S(1)} fusion(), kind=kLoo",0.005,0,0
%iota_and_fusion.2,"u32[2]{0:T(128)S(1)} fusion(), kind=kLoo",0.004,0,0
%add_select_fusion.353,"(f32[2,128]{1,0:T(2,128)S(1)}, f32[2,128",0.125,0,0
%multiply_add_fusion.87,"(f32[2,128]{1,0:T(2,128)S(1)}, f32[2,128",0.33,0,0
%multiply_add_fusion.92,"(f32[2,128]{1,0:T(2,128)S(1)}, f32[2,128",0.089,0,0
%multiply_add_fusion.90,"(f32[2,128]{1,0:T(2,128)S(1)}, f32[2,128",0.096,0,0
%fusion.1832,"(f32[2,128]{1,0:T(2,128)S(1)}, f32[2,128",0.061,0,0
%add_select_fusion.311,"(f32[2,128]{1,0:T(2,128)S(1)}, f32[2,128",0.094,0,0
%compare_or_fusion.13,"(pred[2,128]{1,0:T(4,128)(4,1)S(1)}, f32",0.057,0,0
%subtract_select_fusion.40,"(f32[2,128]{1,0:T(2,128)S(1)}, f32[2,128",0.06,0,0
%compare_or_fusion.11,"(pred[2,128]{1,0:T(4,128)(4,1)S(1)}, f32",0.057,0,0
%subtract_select_fusion.36,"(f32[2,128]{1,0:T(2,128)S(1)}, f32[2,128",0.049,0,0
%is-finite_and_fusion.84,"(pred[2,128]{1,0:T(4,128)(4,1)S(1)}, f32",0.044,0,0
%multiply_add_fusion.99,"(f32[2,128]{1,0:T(2,128)S(1)}, f32[2,128",0.107,0,0
%fusion.1811,"(f32[2,128]{1,0:T(2,128)S(1)}, f32[2,128",0.178,0,0
%is-finite_and_fusion.91,"(pred[2,128]{1,0:T(4,128)(4,1)S(1)}, f32",0.044,0,0
%multiply_add_fusion.108,"(f32[2,128]{1,0:T(2,128)S(1)}, f32[2,128",0.108,0,0
%fusion.1788,"(f32[2,128]{1,0:T(2,128)S(1)}, f32[2,128",0.179,0,0
%fusion.1899,"(f32[2,128]{1,0:T(2,128)S(1)}, f32[2,128",0.219,0,0
%fusion.1901,"f32[2,128]{1,0:T(2,128)S(1)} fusion(f32[",0.13,0,0
%fusion.375,"(f32[1,2,128,128]{3,2,1,0:T(8,128)S(1)},",0.426,0,0
%subtract_select_fusion.48,"(f32[2,2]{1,0:T(2,128)S(1)}, pred[2,2]{1",0.335,0,0
%add_select_fusion.357,"(f32[2,2]{1,0:T(2,128)S(1)}, f32[2,2]{1,",0.226,0,0
%add_select_fusion.338,"(f32[2,2]{1,0:T(2,128)S(1)}, f32[2,2]{1,",0.229,0,0
%compare_or_fusion.20,"(pred[2,2]{1,0:T(4,128)(4,1)S(1)}, f32[2",0.058,0,0
%subtract_select_fusion.57,"(f32[2,2]{1,0:T(2,128)S(1)}, f32[2,2]{1,",0.064,0,0
%fusion.1468,"(f32[2,2]{1,0:T(2,128)S(1)}, f32[2,2]{1,",0.232,0,0
%compare_or_fusion.17,"(pred[2,2]{1,0:T(4,128)(4,1)S(1)}, f32[2",0.054,0,0
%subtract_select_fusion.52,"(f32[2,2]{1,0:T(2,128)S(1)}, f32[2,2]{1,",0.064,0,0
%select_select_fusion.26,"(f32[2,2]{1,0:T(2,128)S(1)}, f32[2,2]{1,",0.235,0,0
%fusion.1494,"f32[2,2]{1,0:T(2,128)S(1)} fusion(pred[2",0.02,0,0
%select_select_fusion.27,"f32[2,2]{1,0:T(2,128)S(1)} fusion(pred[2",0.025,0,0
%fusion.2084,"(f32[2,2]{1,0:T(2,128)S(1)}, f32[2,2]{1,",0.147,0,0
%add_select_fusion.318,"(f32[2,2]{1,0:T(2,128)S(1)}, f32[2,2]{1,",0.114,0,0
%add_select_fusion.355,"(f32[2,2]{1,0:T(2,128)S(1)}, pred[2,2]{1",0.07,0,0
%subtract_select_fusion.45,"f32[2,2]{1,0:T(2,128)S(1)} fusion(pred[2",0.037,0,0
%fusion.370,"f32[2,16384]{1,0:T(2,128)S(1)} fusion(f3",0.52,0,0
%fusion.364,"f32[1,128,2,128]{3,2,1,0:T(2,128)S(1)} f",0.534,0,0
%copy.12,"f32[1,128,2,128]{3,1,2,0:T(8,128)S(1)} c",0.022,0,0
%fusion.367,"f32[1,128,2,128]{3,2,1,0:T(2,128)S(1)} f",0.535,0,0
%copy.13,"f32[1,128,2,128]{3,1,2,0:T(8,128)S(1)} c",0.022,0,0
%custom-call.2,c64[32768]{0:T(1024)} custom-call(f32[32,0.811,0,0
%custom-call,f32[32768]{0:T(1024)S(1)} custom-call(c6,0.525,0,0
%reshape.6,"f32[128,256]{1,0:T(8,128)S(1)} reshape(f",0.087,0,0
%iota_and_fusion.1,"u32[128]{0:T(128)S(1)} fusion(), kind=kL",0.005,0,0
%iota_shift-right-logical_fusion.1,"u32[128]{0:T(128)S(1)} fusion(), kind=kL",0.005,0,0
%add_select_fusion.173,"(f32[128,128]{1,0:T(8,128)S(1)}, pred[12",7.902,0,0
%fusion.865,"(f32[128,128]{1,0:T(8,128)S(1)}, f32[128",0.86,0,0
%and_or_fusion.13,"(pred[128,128]{1,0:T(8,128)(4,1)S(1)}, p",0.05,0,0
%add_select_fusion.128,"(f32[128,128]{1,0:T(8,128)S(1)}, f32[128",0.485,0,0
%add_select_fusion.140,"(f32[128,128]{1,0:T(8,128)S(1)}, f32[128",0.487,0,0
%fusion.910,"(f32[128,128]{1,0:T(8,128)S(1)}, f32[128",7.04,0,0
%fusion.902,"f32[128,128]{1,0:T(8,128)S(1)} fusion(f3",1.499,0,0
%fusion.1144,"f32[128,256]{1,0:T(8,128)S(1)} fusion(f3",0.151,0,0
%custom-call.1,f32[32768]{0:T(1024)S(1)} custom-call(c6,0.698,0,0
%reshape.14,"f32[128,256]{1,0:T(8,128)S(1)} reshape(f",0.085,0,0
%convolution_add_fusion.1,"f32[128,256]{1,0:T(8,128)S(1)} fusion(f3",0.156,0,0
%convolution_subtract_fusion.1,"f32[128,256]{1,0:T(8,128)S(1)} fusion(f3",0.158,0,0
%iota_and_fusion,"u32[256]{0:T(256)S(1)} fusion(), kind=kL",0.004,0,0
%iota_shift-right-logical_fusion,"u32[256]{0:T(256)S(1)} fusion(), kind=kL",0.006,0,0
%is-finite_and_fusion.22,"(pred[128,256,1]{1,0,2:T(8,128)(4,1)S(1)",3.24,0,0
%fusion.2225,"(pred[128,256,1]{1,0,2:T(8,128)(4,1)S(1)",4.209,0,0
%fusion.335,"(f32[128,256,1]{1,0,2:T(8,128)S(1)}, f32",5.03,0,0
%add_select_fusion.84,"(f32[128,256,1]{1,0,2:T(8,128)S(1)}, f32",2.176,0,0
%fusion.377,"(f32[256,128,1]{0,1,2:T(8,128)S(1)}, f32",18.71,0,0
%fusion.379,"f32[256,128,1]{0,1,2:T(8,128)S(1)} fusio",0.045,0,0
%copy.5,"f32[256,128,1]{1,0,2:T(8,128)S(1)} copy(",0.193,0,0
%fusion.386,"f32[128,2,128]{2,0,1:T(8,128)S(1)} fusio",0.156,0,0
%copy.7,"f32[256,128,1]{1,0,2:T(8,128)S(1)} copy(",0.191,0,0
%fusion.2228,"(bf16[32,8,128]{2,1,0:T(8,128)(2,1)S(1)}",0.051,0,0
%convolution_add_fusion,"f32[128,2,128]{2,0,1:T(8,128)S(1)} fusio",0.155,0,0
%iota_shift-right-logical_fusion.2,"u32[2]{0:T(128)S(1)} fusion(), kind=kLoo",0.004,0,0
%iota_and_fusion.2,"u32[2]{0:T(128)S(1)} fusion(), kind=kLoo",0.006,0,0
%add_select_fusion.353,"(f32[2,128]{1,0:T(2,128)S(1)}, f32[2,128",0.125,0,0
%multiply_add_fusion.87,"(f32[2,128]{1,0:T(2,128)S(1)}, f32[2,128",0.33,0,0
%multiply_add_fusion.92,"(f32[2,128]{1,0:T(2,128)S(1)}, f32[2,128",0.089,0,0
%multiply_add_fusion.90,"(f32[2,128]{1,0:T(2,128)S(1)}, f32[2,128",0.096,0,0
%fusion.1832,"(f32[2,128]{1,0:T(2,128)S(1)}, f32[2,128",0.06,0,0
%add_select_fusion.311,"(f32[2,128]{1,0:T(2,128)S(1)}, f32[2,128",0.093,0,0
%compare_or_fusion.13,"(pred[2,128]{1,0:T(4,128)(4,1)S(1)}, f32",0.058,0,0
%subtract_select_fusion.40,"(f32[2,128]{1,0:T(2,128)S(1)}, f32[2,128",0.06,0,0
%compare_or_fusion.11,"(pred[2,128]{1,0:T(4,128)(4,1)S(1)}, f32",0.056,0,0
%subtract_select_fusion.36,"(f32[2,128]{1,0:T(2,128)S(1)}, f32[2,128",0.048,0,0
%is-finite_and_fusion.84,"(pred[2,128]{1,0:T(4,128)(4,1)S(1)}, f32",0.044,0,0
%multiply_add_fusion.99,"(f32[2,128]{1,0:T(2,128)S(1)}, f32[2,128",0.107,0,0
%fusion.1811,"(f32[2,128]{1,0:T(2,128)S(1)}, f32[2,128",0.178,0,0
%is-finite_and_fusion.91,"(pred[2,128]{1,0:T(4,128)(4,1)S(1)}, f32",0.044,0,0
%multiply_add_fusion.108,"(f32[2,128]{1,0:T(2,128)S(1)}, f32[2,128",0.109,0,0
%fusion.1788,"(f32[2,128]{1,0:T(2,128)S(1)}, f32[2,128",0.18,0,0
%fusion.1899,"(f32[2,128]{1,0:T(2,128)S(1)}, f32[2,128",0.219,0,0
%fusion.1901,"f32[2,128]{1,0:T(2,128)S(1)} fusion(f32[",0.129,0,0
%fusion.375,"(f32[1,2,128,128]{3,2,1,0:T(8,128)S(1)},",0.429,0,0
%subtract_select_fusion.48,"(f32[2,2]{1,0:T(2,128)S(1)}, pred[2,2]{1",0.335,0,0
%add_select_fusion.357,"(f32[2,2]{1,0:T(2,128)S(1)}, f32[2,2]{1,",0.226,0,0
%add_select_fusion.338,"(f32[2,2]{1,0:T(2,128)S(1)}, f32[2,2]{1,",0.229,0,0
%compare_or_fusion.20,"(pred[2,2]{1,0:T(4,128)(4,1)S(1)}, f32[2",0.057,0,0
%subtract_select_fusion.57,"(f32[2,2]{1,0:T(2,128)S(1)}, f32[2,2]{1,",0.064,0,0
%fusion.1468,"(f32[2,2]{1,0:T(2,128)S(1)}, f32[2,2]{1,",0.231,0,0
%compare_or_fusion.17,"(pred[2,2]{1,0:T(4,128)(4,1)S(1)}, f32[2",0.055,0,0
%subtract_select_fusion.52,"(f32[2,2]{1,0:T(2,128)S(1)}, f32[2,2]{1,",0.064,0,0
%select_select_fusion.26,"(f32[2,2]{1,0:T(2,128)S(1)}, f32[2,2]{1,",0.234,0,0
%fusion.1494,"f32[2,2]{1,0:T(2,128)S(1)} fusion(pred[2",0.02,0,0
%select_select_fusion.27,"f32[2,2]{1,0:T(2,128)S(1)} fusion(pred[2",0.025,0,0
%fusion.2084,"(f32[2,2]{1,0:T(2,128)S(1)}, f32[2,2]{1,",0.147,0,0
%add_select_fusion.318,"(f32[2,2]{1,0:T(2,128)S(1)}, f32[2,2]{1,",0.113,0,0
%add_select_fusion.355,"(f32[2,2]{1,0:T(2,128)S(1)}, pred[2,2]{1",0.07,0,0
%subtract_select_fusion.45,"f32[2,2]{1,0:T(2,128)S(1)} fusion(pred[2",0.037,0,0
%fusion.370,"f32[2,16384]{1,0:T(2,128)S(1)} fusion(f3",0.52,0,0
%fusion.364,"f32[1,128,2,128]{3,2,1,0:T(2,128)S(1)} f",0.535,0,0
%copy.12,"f32[1,128,2,128]{3,1,2,0:T(8,128)S(1)} c",0.022,0,0
%fusion.367,"f32[1,128,2,128]{3,2,1,0:T(2,128)S(1)} f",0.535,0,0
%copy.13,"f32[1,128,2,128]{3,1,2,0:T(8,128)S(1)} c",0.022,0,0
%custom-call.2,c64[32768]{0:T(1024)} custom-call(f32[32,0.812,0,0
%custom-call,f32[32768]{0:T(1024)S(1)} custom-call(c6,0.524,0,0
%reshape.6,"f32[128,256]{1,0:T(8,128)S(1)} reshape(f",0.087,0,0
%iota_and_fusion.1,"u32[128]{0:T(128)S(1)} fusion(), kind=kL",0.005,0,0
%iota_shift-right-logical_fusion.1,"u32[128]{0:T(128)S(1)} fusion(), kind=kL",0.005,0,0
%add_select_fusion.173,"(f32[128,128]{1,0:T(8,128)S(1)}, pred[12",7.902,0,0
%fusion.865,"(f32[128,128]{1,0:T(8,128)S(1)}, f32[128",0.859,0,0
%and_or_fusion.13,"(pred[128,128]{1,0:T(8,128)(4,1)S(1)}, p",0.051,0,0
%add_select_fusion.128,"(f32[128,128]{1,0:T(8,128)S(1)}, f32[128",0.486,0,0
%add_select_fusion.140,"(f32[128,128]{1,0:T(8,128)S(1)}, f32[128",0.486,0,0
%fusion.910,"(f32[128,128]{1,0:T(8,128)S(1)}, f32[128",7.039,0,0
%fusion.902,"f32[128,128]{1,0:T(8,128)S(1)} fusion(f3",1.499,0,0
%fusion.1144,"f32[128,256]{1,0:T(8,128)S(1)} fusion(f3",0.152,0,0
%custom-call.1,f32[32768]{0:T(1024)S(1)} custom-call(c6,0.51,0,0
%reshape.14,"f32[128,256]{1,0:T(8,128)S(1)} reshape(f",0.086,0,0
%convolution_add_fusion.1,"f32[128,256]{1,0:T(8,128)S(1)} fusion(f3",0.156,0,0
%convolution_subtract_fusion.1,"f32[128,256]{1,0:T(8,128)S(1)} fusion(f3",0.156,0,0
%iota_and_fusion,"u32[256]{0:T(256)S(1)} fusion(), kind=kL",0.004,0,0
%iota_shift-right-logical_fusion,"u32[256]{0:T(256)S(1)} fusion(), kind=kL",0.005,0,0
%is-finite_and_fusion.22,"(pred[128,256,1]{1,0,2:T(8,128)(4,1)S(1)",3.24,0,0
%fusion.2225,"(pred[128,256,1]{1,0,2:T(8,128)(4,1)S(1)",4.209,0,0
%fusion.335,"(f32[128,256,1]{1,0,2:T(8,128)S(1)}, f32",5.03,0,0
%add_select_fusion.84,"(f32[128,256,1]{1,0,2:T(8,128)S(1)}, f32",2.176,0,0
%fusion.377,"(f32[256,128,1]{0,1,2:T(8,128)S(1)}, f32",18.711,0,0
%fusion.379,"f32[256,128,1]{0,1,2:T(8,128)S(1)} fusio",0.044,0,0
%copy.5,"f32[256,128,1]{1,0,2:T(8,128)S(1)} copy(",0.193,0,0
%fusion.386,"f32[128,2,128]{2,0,1:T(8,128)S(1)} fusio",0.156,0,0
%copy.7,"f32[256,128,1]{1,0,2:T(8,128)S(1)} copy(",0.193,0,0
%fusion.2228,"(bf16[32,8,128]{2,1,0:T(8,128)(2,1)S(1)}",0.051,0,0
%convolution_add_fusion,"f32[128,2,128]{2,0,1:T(8,128)S(1)} fusio",0.156,0,0
%iota_shift-right-logical_fusion.2,"u32[2]{0:T(128)S(1)} fusion(), kind=kLoo",0.004,0,0
%iota_and_fusion.2,"u32[2]{0:T(128)S(1)} fusion(), kind=kLoo",0.005,0,0
%add_select_fusion.353,"(f32[2,128]{1,0:T(2,128)S(1)}, f32[2,128",0.124,0,0
%multiply_add_fusion.87,"(f32[2,128]{1,0:T(2,128)S(1)}, f32[2,128",0.33,0,0
%multiply_add_fusion.92,"(f32[2,128]{1,0:T(2,128)S(1)}, f32[2,128",0.089,0,0
%multiply_add_fusion.90,"(f32[2,128]{1,0:T(2,128)S(1)}, f32[2,128",0.096,0,0
%fusion.1832,"(f32[2,128]{1,0:T(2,128)S(1)}, f32[2,128",0.061,0,0
%add_select_fusion.311,"(f32[2,128]{1,0:T(2,128)S(1)}, f32[2,128",0.094,0,0
%compare_or_fusion.13,"(pred[2,128]{1,0:T(4,128)(4,1)S(1)}, f32",0.056,0,0
%subtract_select_fusion.40,"(f32[2,128]{1,0:T(2,128)S(1)}, f32[2,128",0.06,0,0
%compare_or_fusion.11,"(pred[2,128]{1,0:T(4,128)(4,1)S(1)}, f32",0.057,0,0
%subtract_select_fusion.36,"(f32[2,128]{1,0:T(2,128)S(1)}, f32[2,128",0.049,0,0
%is-finite_and_fusion.84,"(pred[2,128]{1,0:T(4,128)(4,1)S(1)}, f32",0.044,0,0
%multiply_add_fusion.99,"(f32[2,128]{1,0:T(2,128)S(1)}, f32[2,128",0.108,0,0
%fusion.1811,"(f32[2,128]{1,0:T(2,128)S(1)}, f32[2,128",0.179,0,0
%is-finite_and_fusion.91,"(pred[2,128]{1,0:T(4,128)(4,1)S(1)}, f32",0.045,0,0
%multiply_add_fusion.108,"(f32[2,128]{1,0:T(2,128)S(1)}, f32[2,128",0.109,0,0
%fusion.1788,"(f32[2,128]{1,0:T(2,128)S(1)}, f32[2,128",0.179,0,0
%fusion.1899,"(f32[2,128]{1,0:T(2,128)S(1)}, f32[2,128",0.218,0,0
%fusion.1901,"f32[2,128]{1,0:T(2,128)S(1)} fusion(f32[",0.13,0,0
%fusion.375,"(f32[1,2,128,128]{3,2,1,0:T(8,128)S(1)},",0.427,0,0
%subtract_select_fusion.48,"(f32[2,2]{1,0:T(2,128)S(1)}, pred[2,2]{1",0.334,0,0
%add_select_fusion.357,"(f32[2,2]{1,0:T(2,128)S(1)}, f32[2,2]{1,",0.226,0,0
%add_select_fusion.338,"(f32[2,2]{1,0:T(2,128)S(1)}, f32[2,2]{1,",0.229,0,0
%compare_or_fusion.20,"(pred[2,2]{1,0:T(4,128)(4,1)S(1)}, f32[2",0.056,0,0
%subtract_select_fusion.57,"(f32[2,2]{1,0:T(2,128)S(1)}, f32[2,2]{1,",0.064,0,0
%fusion.1468,"(f32[2,2]{1,0:T(2,128)S(1)}, f32[2,2]{1,",0.231,0,0
%compare_or_fusion.17,"(pred[2,2]{1,0:T(4,128)(4,1)S(1)}, f32[2",0.055,0,0
%subtract_select_fusion.52,"(f32[2,2]{1,0:T(2,128)S(1)}, f32[2,2]{1,",0.064,0,0
%select_select_fusion.26,"(f32[2,2]{1,0:T(2,128)S(1)}, f32[2,2]{1,",0.234,0,0
%fusion.1494,"f32[2,2]{1,0:T(2,128)S(1)} fusion(pred[2",0.02,0,0
%select_select_fusion.27,"f32[2,2]{1,0:T(2,128)S(1)} fusion(pred[2",0.025,0,0
%fusion.2084,"(f32[2,2]{1,0:T(2,128)S(1)}, f32[2,2]{1,",0.147,0,0
%add_select_fusion.318,"(f32[2,2]{1,0:T(2,128)S(1)}, f32[2,2]{1,",0.114,0,0
%add_select_fusion.355,"(f32[2,2]{1,0:T(2,128)S(1)}, pred[2,2]{1",0.069,0,0
%subtract_select_fusion.45,"f32[2,2]{1,0:T(2,128)S(1)} fusion(pred[2",0.036,0,0
%fusion.370,"f32[2,16384]{1,0:T(2,128)S(1)} fusion(f3",0.52,0,0
%fusion.364,"f32[1,128,2,128]{3,2,1,0:T(2,128)S(1)} f",0.534,0,0
%copy.12,"f32[1,128,2,128]{3,1,2,0:T(8,128)S(1)} c",0.022,0,0
%fusion.367,"f32[1,128,2,128]{3,2,1,0:T(2,128)S(1)} f",0.535,0,0
%copy.13,"f32[1,128,2,128]{3,1,2,0:T(8,128)S(1)} c",0.022,0,0
%custom-call.2,c64[32768]{0:T(1024)} custom-call(f32[32,0.807,0,0
%custom-call,f32[32768]{0:T(1024)S(1)} custom-call(c6,0.524,0,0
%reshape.6,"f32[128,256]{1,0:T(8,128)S(1)} reshape(f",0.086,0,0
%iota_and_fusion.1,"u32[128]{0:T(128)S(1)} fusion(), kind=kL",0.005,0,0
%iota_shift-right-logical_fusion.1,"u32[128]{0:T(128)S(1)} fusion(), kind=kL",0.004,0,0
%add_select_fusion.173,"(f32[128,128]{1,0:T(8,128)S(1)}, pred[12",7.902,0,0
%fusion.865,"(f32[128,128]{1,0:T(8,128)S(1)}, f32[128",0.86,0,0
%and_or_fusion.13,"(pred[128,128]{1,0:T(8,128)(4,1)S(1)}, p",0.05,0,0
%add_select_fusion.128,"(f32[128,128]{1,0:T(8,128)S(1)}, f32[128",0.487,0,0
%add_select_fusion.140,"(f32[128,128]{1,0:T(8,128)S(1)}, f32[128",0.486,0,0
%fusion.910,"(f32[128,128]{1,0:T(8,128)S(1)}, f32[128",7.039,0,0
%fusion.902,"f32[128,128]{1,0:T(8,128)S(1)} fusion(f3",1.498,0,0
%fusion.1144,"f32[128,256]{1,0:T(8,128)S(1)} fusion(f3",0.154,0,0
%custom-call.1,f32[32768]{0:T(1024)S(1)} custom-call(c6,0.516,0,0
%reshape.14,"f32[128,256]{1,0:T(8,128)S(1)} reshape(f",0.086,0,0
%convolution_add_fusion.1,"f32[128,256]{1,0:T(8,128)S(1)} fusion(f3",0.157,0,0
%convolution_subtract_fusion.1,"f32[128,256]{1,0:T(8,128)S(1)} fusion(f3",0.158,0,0
%iota_and_fusion,"u32[256]{0:T(256)S(1)} fusion(), kind=kL",0.004,0,0
%iota_shift-right-logical_fusion,"u32[256]{0:T(256)S(1)} fusion(), kind=kL",0.005,0,0
%is-finite_and_fusion.22,"(pred[128,256,1]{1,0,2:T(8,128)(4,1)S(1)",3.241,0,0
%fusion.2225,"(pred[128,256,1]{1,0,2:T(8,128)(4,1)S(1)",4.209,0,0
%fusion.335,"(f32[128,256,1]{1,0,2:T(8,128)S(1)}, f32",5.03,0,0
%add_select_fusion.84,"(f32[128,256,1]{1,0,2:T(8,128)S(1)}, f32",2.176,0,0
%fusion.377,"(f32[256,128,1]{0,1,2:T(8,128)S(1)}, f32",18.71,0,0
%fusion.379,"f32[256,128,1]{0,1,2:T(8,128)S(1)} fusio",0.045,0,0
%copy.5,"f32[256,128,1]{1,0,2:T(8,128)S(1)} copy(",0.194,0,0
%fusion.386,"f32[128,2,128]{2,0,1:T(8,128)S(1)} fusio",0.156,0,0
%copy.7,"f32[256,128,1]{1,0,2:T(8,128)S(1)} copy(",0.191,0,0
%fusion.2228,"(bf16[32,8,128]{2,1,0:T(8,128)(2,1)S(1)}",0.051,0,0
%convolution_add_fusion,"f32[128,2,128]{2,0,1:T(8,128)S(1)} fusio",0.156,0,0
%iota_shift-right-logical_fusion.2,"u32[2]{0:T(128)S(1)} fusion(), kind=kLoo",0.004,0,0
%iota_and_fusion.2,"u32[2]{0:T(128)S(1)} fusion(), kind=kLoo",0.005,0,0
%add_select_fusion.353,"(f32[2,128]{1,0:T(2,128)S(1)}, f32[2,128",0.125,0,0
%multiply_add_fusion.87,"(f32[2,128]{1,0:T(2,128)S(1)}, f32[2,128",0.331,0,0
%multiply_add_fusion.92,"(f32[2,128]{1,0:T(2,128)S(1)}, f32[2,128",0.089,0,0
%multiply_add_fusion.90,"(f32[2,128]{1,0:T(2,128)S(1)}, f32[2,128",0.096,0,0
%fusion.1832,"(f32[2,128]{1,0:T(2,128)S(1)}, f32[2,128",0.061,0,0
%add_select_fusion.311,"(f32[2,128]{1,0:T(2,128)S(1)}, f32[2,128",0.093,0,0
%compare_or_fusion.13,"(pred[2,128]{1,0:T(4,128)(4,1)S(1)}, f32",0.058,0,0
%subtract_select_fusion.40,"(f32[2,128]{1,0:T(2,128)S(1)}, f32[2,128",0.06,0,0
%compare_or_fusion.11,"(pred[2,128]{1,0:T(4,128)(4,1)S(1)}, f32",0.057,0,0
%subtract_select_fusion.36,"(f32[2,128]{1,0:T(2,128)S(1)}, f32[2,128",0.049,0,0
%is-finite_and_fusion.84,"(pred[2,128]{1,0:T(4,128)(4,1)S(1)}, f32",0.045,0,0
%multiply_add_fusion.99,"(f32[2,128]{1,0:T(2,128)S(1)}, f32[2,128",0.107,0,0
%fusion.1811,"(f32[2,128]{1,0:T(2,128)S(1)}, f32[2,128",0.179,0,0
%is-finite_and_fusion.91,"(pred[2,128]{1,0:T(4,128)(4,1)S(1)}, f32",0.045,0,0
%multiply_add_fusion.108,"(f32[2,128]{1,0:T(2,128)S(1)}, f32[2,128",0.107,0,0
%fusion.1788,"(f32[2,128]{1,0:T(2,128)S(1)}, f32[2,128",0.179,0,0
%fusion.1899,"(f32[2,128]{1,0:T(2,128)S(1)}, f32[2,128",0.219,0,0
%fusion.1901,"f32[2,128]{1,0:T(2,128)S(1)} fusion(f32[",0.13,0,0
%fusion.375,"(f32[1,2,128,128]{3,2,1,0:T(8,128)S(1)},",0.427,0,0
%subtract_select_fusion.48,"(f32[2,2]{1,0:T(2,128)S(1)}, pred[2,2]{1",0.335,0,0
%add_select_fusion.357,"(f32[2,2]{1,0:T(2,128)S(1)}, f32[2,2]{1,",0.226,0,0
%add_select_fusion.338,"(f32[2,2]{1,0:T(2,128)S(1)}, f32[2,2]{1,",0.229,0,0
%compare_or_fusion.20,"(pred[2,2]{1,0:T(4,128)(4,1)S(1)}, f32[2",0.058,0,0
%subtract_select_fusion.57,"(f32[2,2]{1,0:T(2,128)S(1)}, f32[2,2]{1,",0.064,0,0
%fusion.1468,"(f32[2,2]{1,0:T(2,128)S(1)}, f32[2,2]{1,",0.231,0,0
%compare_or_fusion.17,"(pred[2,2]{1,0:T(4,128)(4,1)S(1)}, f32[2",0.055,0,0
%subtract_select_fusion.52,"(f32[2,2]{1,0:T(2,128)S(1)}, f32[2,2]{1,",0.064,0,0
%select_select_fusion.26,"(f32[2,2]{1,0:T(2,128)S(1)}, f32[2,2]{1,",0.235,0,0
%fusion.1494,"f32[2,2]{1,0:T(2,128)S(1)} fusion(pred[2",0.02,0,0
%select_select_fusion.27,"f32[2,2]{1,0:T(2,128)S(1)} fusion(pred[2",0.026,0,0
%fusion.2084,"(f32[2,2]{1,0:T(2,128)S(1)}, f32[2,2]{1,",0.147,0,0
%add_select_fusion.318,"(f32[2,2]{1,0:T(2,128)S(1)}, f32[2,2]{1,",0.114,0,0
%add_select_fusion.355,"(f32[2,2]{1,0:T(2,128)S(1)}, pred[2,2]{1",0.07,0,0
%subtract_select_fusion.45,"f32[2,2]{1,0:T(2,128)S(1)} fusion(pred[2",0.036,0,0
%fusion.370,"f32[2,16384]{1,0:T(2,128)S(1)} fusion(f3",0.521,0,0
%fusion.364,"f32[1,128,2,128]{3,2,1,0:T(2,128)S(1)} f",0.534,0,0
%copy.12,"f32[1,128,2,128]{3,1,2,0:T(8,128)S(1)} c",0.022,0,0
%fusion.367,"f32[1,128,2,128]{3,2,1,0:T(2,128)S(1)} f",0.536,0,0
%copy.13,"f32[1,128,2,128]{3,1,2,0:T(8,128)S(1)} c",0.022,0,0
%custom-call.2,c64[32768]{0:T(1024)} custom-call(f32[32,0.814,0,0
%custom-call,f32[32768]{0:T(1024)S(1)} custom-call(c6,0.525,0,0
%reshape.6,"f32[128,256]{1,0:T(8,128)S(1)} reshape(f",0.087,0,0
%iota_and_fusion.1,"u32[128]{0:T(128)S(1)} fusion(), kind=kL",0.005,0,0
%iota_shift-right-logical_fusion.1,"u32[128]{0:T(128)S(1)} fusion(), kind=kL",0.006,0,0
%add_select_fusion.173,"(f32[128,128]{1,0:T(8,128)S(1)}, pred[12",7.903,0,0
%fusion.865,"(f32[128,128]{1,0:T(8,128)S(1)}, f32[128",0.86,0,0
%and_or_fusion.13,"(pred[128,128]{1,0:T(8,128)(4,1)S(1)}, p",0.05,0,0
%add_select_fusion.128,"(f32[128,128]{1,0:T(8,128)S(1)}, f32[128",0.486,0,0
%add_select_fusion.140,"(f32[128,128]{1,0:T(8,128)S(1)}, f32[128",0.486,0,0
%fusion.910,"(f32[128,128]{1,0:T(8,128)S(1)}, f32[128",7.039,0,0
%fusion.902,"f32[128,128]{1,0:T(8,128)S(1)} fusion(f3",1.498,0,0
%fusion.1144,"f32[128,256]{1,0:T(8,128)S(1)} fusion(f3",0.154,0,0
%custom-call.1,f32[32768]{0:T(1024)S(1)} custom-call(c6,0.515,0,0
%reshape.14,"f32[128,256]{1,0:T(8,128)S(1)} reshape(f",0.086,0,0
%convolution_add_fusion.1,"f32[128,256]{1,0:T(8,128)S(1)} fusion(f3",0.156,0,0
%convolution_subtract_fusion.1,"f32[128,256]{1,0:T(8,128)S(1)} fusion(f3",0.158,0,0
%iota_and_fusion,"u32[256]{0:T(256)S(1)} fusion(), kind=kL",0.004,0,0
%iota_shift-right-logical_fusion,"u32[256]{0:T(256)S(1)} fusion(), kind=kL",0.005,0,0
%is-finite_and_fusion.22,"(pred[128,256,1]{1,0,2:T(8,128)(4,1)S(1)",3.24,0,0
%fusion.2225,"(pred[128,256,1]{1,0,2:T(8,128)(4,1)S(1)",4.209,0,0
%fusion.335,"(f32[128,256,1]{1,0,2:T(8,128)S(1)}, f32",5.03,0,0
%add_select_fusion.84,"(f32[128,256,1]{1,0,2:T(8,128)S(1)}, f32",2.176,0,0
%fusion.377,"(f32[256,128,1]{0,1,2:T(8,128)S(1)}, f32",18.711,0,0
%fusion.379,"f32[256,128,1]{0,1,2:T(8,128)S(1)} fusio",0.045,0,0
%copy.5,"f32[256,128,1]{1,0,2:T(8,128)S(1)} copy(",0.194,0,0
%fusion.386,"f32[128,2,128]{2,0,1:T(8,128)S(1)} fusio",0.157,0,0
%copy.7,"f32[256,128,1]{1,0,2:T(8,128)S(1)} copy(",0.192,0,0
%fusion.2228,"(bf16[32,8,128]{2,1,0:T(8,128)(2,1)S(1)}",0.051,0,0
%convolution_add_fusion,"f32[128,2,128]{2,0,1:T(8,128)S(1)} fusio",0.157,0,0
%iota_shift-right-logical_fusion.2,"u32[2]{0:T(128)S(1)} fusion(), kind=kLoo",0.005,0,0
%iota_and_fusion.2,"u32[2]{0:T(128)S(1)} fusion(), kind=kLoo",0.004,0,0
%add_select_fusion.353,"(f32[2,128]{1,0:T(2,128)S(1)}, f32[2,128",0.126,0,0
%multiply_add_fusion.87,"(f32[2,128]{1,0:T(2,128)S(1)}, f32[2,128",0.331,0,0
%multiply_add_fusion.92,"(f32[2,128]{1,0:T(2,128)S(1)}, f32[2,128",0.089,0,0
%multiply_add_fusion.90,"(f32[2,128]{1,0:T(2,128)S(1)}, f32[2,128",0.097,0,0
%fusion.1832,"(f32[2,128]{1,0:T(2,128)S(1)}, f32[2,128",0.061,0,0
%add_select_fusion.311,"(f32[2,128]{1,0:T(2,128)S(1)}, f32[2,128",0.092,0,0
%compare_or_fusion.13,"(pred[2,128]{1,0:T(4,128)(4,1)S(1)}, f32",0.058,0,0
%subtract_select_fusion.40,"(f32[2,128]{1,0:T(2,128)S(1)}, f32[2,128",0.06,0,0
%compare_or_fusion.11,"(pred[2,128]{1,0:T(4,128)(4,1)S(1)}, f32",0.056,0,0
%subtract_select_fusion.36,"(f32[2,128]{1,0:T(2,128)S(1)}, f32[2,128",0.048,0,0
%is-finite_and_fusion.84,"(pred[2,128]{1,0:T(4,128)(4,1)S(1)}, f32",0.045,0,0
%multiply_add_fusion.99,"(f32[2,128]{1,0:T(2,128)S(1)}, f32[2,128",0.109,0,0
%fusion.1811,"(f32[2,128]{1,0:T(2,128)S(1)}, f32[2,128",0.179,0,0
%is-finite_and_fusion.91,"(pred[2,128]{1,0:T(4,128)(4,1)S(1)}, f32",0.043,0,0
%multiply_add_fusion.108,"(f32[2,128]{1,0:T(2,128)S(1)}, f32[2,128",0.108,0,0
%fusion.1788,"(f32[2,128]{1,0:T(2,128)S(1)}, f32[2,128",0.179,0,0
%fusion.1899,"(f32[2,128]{1,0:T(2,128)S(1)}, f32[2,128",0.22,0,0
%fusion.1901,"f32[2,128]{1,0:T(2,128)S(1)} fusion(f32[",0.129,0,0
%fusion.375,"(f32[1,2,128,128]{3,2,1,0:T(8,128)S(1)},",0.426,0,0
%subtract_select_fusion.48,"(f32[2,2]{1,0:T(2,128)S(1)}, pred[2,2]{1",0.335,0,0
%add_select_fusion.357,"(f32[2,2]{1,0:T(2,128)S(1)}, f32[2,2]{1,",0.226,0,0
%add_select_fusion.338,"(f32[2,2]{1,0:T(2,128)S(1)}, f32[2,2]{1,",0.229,0,0
%compare_or_fusion.20,"(pred[2,2]{1,0:T(4,128)(4,1)S(1)}, f32[2",0.058,0,0
%subtract_select_fusion.57,"(f32[2,2]{1,0:T(2,128)S(1)}, f32[2,2]{1,",0.064,0,0
%fusion.1468,"(f32[2,2]{1,0:T(2,128)S(1)}, f32[2,2]{1,",0.231,0,0
%compare_or_fusion.17,"(pred[2,2]{1,0:T(4,128)(4,1)S(1)}, f32[2",0.055,0,0
%subtract_select_fusion.52,"(f32[2,2]{1,0:T(2,128)S(1)}, f32[2,2]{1,",0.063,0,0
%select_select_fusion.26,"(f32[2,2]{1,0:T(2,128)S(1)}, f32[2,2]{1,",0.234,0,0
%fusion.1494,"f32[2,2]{1,0:T(2,128)S(1)} fusion(pred[2",0.02,0,0
%select_select_fusion.27,"f32[2,2]{1,0:T(2,128)S(1)} fusion(pred[2",0.025,0,0
%fusion.2084,"(f32[2,2]{1,0:T(2,128)S(1)}, f32[2,2]{1,",0.147,0,0
%add_select_fusion.318,"(f32[2,2]{1,0:T(2,128)S(1)}, f32[2,2]{1,",0.114,0,0
%add_select_fusion.355,"(f32[2,2]{1,0:T(2,128)S(1)}, pred[2,2]{1",0.07,0,0
%subtract_select_fusion.45,"f32[2,2]{1,0:T(2,128)S(1)} fusion(pred[2",0.036,0,0
%fusion.370,"f32[2,16384]{1,0:T(2,128)S(1)} fusion(f3",0.521,0,0
%fusion.364,"f32[1,128,2,128]{3,2,1,0:T(2,128)S(1)} f",0.534,0,0
%copy.12,"f32[1,128,2,128]{3,1,2,0:T(8,128)S(1)} c",0.024,0,0
%fusion.367,"f32[1,128,2,128]{3,2,1,0:T(2,128)S(1)} f",0.536,0,0
%copy.13,"f32[1,128,2,128]{3,1,2,0:T(8,128)S(1)} c",0.022,0,0
%custom-call.2,c64[32768]{0:T(1024)} custom-call(f32[32,0.811,0,0
%iota.1,"f32[32768]{0:T(1024)} iota(), iota_dimen",0.448,0,0
%broadcast_add_fusion,f32[32768]{0:T(1024)} fusion(f32[32768]{,1.134,0,0
%broadcast,f32[32768]{0:T(1024)S(1)} broadcast(f32[,0.025,0,0
%custom-call,c64[32768]{0:T(1024)} custom-call(f32[32,1.255,0,0
%iota_and_fusion,"u32[256]{0:T(256)S(1)} fusion(), kind=kL",0.004,0,0
%iota_shift-right-logical_fusion,"u32[256]{0:T(256)S(1)} fusion(), kind=kL",0.005,0,0
%add_select_fusion.76,"(f32[256,256]{1,0:T(8,128)S(1)}, pred[25",31.517,0,0
%fusion.316,"(f32[256,256]{1,0:T(8,128)S(1)}, f32[256",3.333,0,0
%and_or_fusion.4,"(pred[256,256]{1,0:T(8,128)(4,1)S(1)}, p",0.179,0,0
%add_select_fusion.31,"(f32[256,256]{1,0:T(8,128)S(1)}, f32[256",1.809,0,0
%add_select_fusion.43,"(f32[256,256]{1,0:T(8,128)S(1)}, f32[256",1.807,0,0
%fusion.361,"(f32[256,256]{1,0:T(8,128)S(1)}, f32[256",27.881,0,0
%fusion.353,"f32[256,256]{1,0:T(8,128)S(1)} fusion(f3",5.496,0,0
%custom-call,f32[32768]{0:T(1024)S(1)} custom-call(c6,0.634,0,0
%reshape.4,"f32[128,256]{1,0:T(8,128)S(1)} reshape(f",0.086,0,0
%iota_and_fusion.1,"u32[128]{0:T(128)S(1)} fusion(), kind=kL",0.005,0,0
%iota_shift-right-logical_fusion.1,"u32[128]{0:T(128)S(1)} fusion(), kind=kL",0.004,0,0
%add_select_fusion.270,"(f32[128,128]{1,0:T(8,128)S(1)}, pred[12",7.902,0,0
%fusion.1445,"(f32[128,128]{1,0:T(8,128)S(1)}, f32[128",0.858,0,0
%and_or_fusion.22,"(pred[128,128]{1,0:T(8,128)(4,1)S(1)}, p",0.05,0,0
%add_select_fusion.225,"(f32[128,128]{1,0:T(8,128)S(1)}, f32[128",0.486,0,0
%add_select_fusion.237,"(f32[128,128]{1,0:T(8,128)S(1)}, f32[128",0.486,0,0
%fusion.1490,"(f32[128,128]{1,0:T(8,128)S(1)}, f32[128",7.261,0,0
%fusion.1482,"f32[128,128]{1,0:T(8,128)S(1)} fusion(f3",1.499,0,0
%fusion.1499,"f32[128,256]{1,0:T(8,128)S(1)} fusion(f3",0.15,0,0
%custom-call.1,f32[32768]{0:T(1024)S(1)} custom-call(c6,0.691,0,0
%reshape.12,"f32[128,256]{1,0:T(8,128)S(1)} reshape(f",0.087,0,0
%convolution_subtract_fusion,"f32[128,256]{1,0:T(8,128)S(1)} fusion(f3",0.157,0,0
%is-finite_and_fusion.53,"(pred[128,256,1]{1,0,2:T(32,128)(4,1)S(1",3.241,0,0
%fusion.1753,"(pred[128,256,1]{1,0,2:T(32,128)(4,1)S(1",4.023,0,0
%fusion.914,"(f32[128,256,1]{1,0,2:T(8,128)S(1)}, f32",5.029,0,0
%add_select_fusion.181,"(f32[128,256,1]{1,0,2:T(8,128)S(1)}, f32",2.176,0,0
%fusion.950,"(f32[128,256,1]{1,0,2:T(8,128)S(1)}, f32",10.503,0,0
%fusion.951,"f32[128,256,1]{1,0,2:T(8,128)S(1)} fusio",0.045,0,0
%fusion.367,"f32[256,128]{1,0:T(8,128)S(1)} fusion(f3",0.216,0,0
%fusion.943,f32[32768]{0:T(1024)S(1)} fusion(f32[256,0.22,0,0
%fusion.946,f32[32768]{0:T(1024)S(1)} fusion(f32[256,0.219,0,0
%custom-call.2,c64[32768]{0:T(1024)} custom-call(f32[32,0.806,0,0
%iota_and_fusion,"u32[256]{0:T(256)S(1)} fusion(), kind=kL",0.004,0,0
%iota_shift-right-logical_fusion,"u32[256]{0:T(256)S(1)} fusion(), kind=kL",0.005,0,0
%add_select_fusion.76,"(f32[256,256]{1,0:T(8,128)S(1)}, pred[25",31.517,0,0
%fusion.316,"(f32[256,256]{1,0:T(8,128)S(1)}, f32[256",3.333,0,0
%and_or_fusion.4,"(pred[256,256]{1,0:T(8,128)(4,1)S(1)}, p",0.179,0,0
%add_select_fusion.31,"(f32[256,256]{1,0:T(8,128)S(1)}, f32[256",1.809,0,0
%add_select_fusion.43,"(f32[256,256]{1,0:T(8,128)S(1)}, f32[256",1.806,0,0
%fusion.361,"(f32[256,256]{1,0:T(8,128)S(1)}, f32[256",27.881,0,0
%fusion.353,"f32[256,256]{1,0:T(8,128)S(1)} fusion(f3",5.496,0,0
%custom-call,f32[32768]{0:T(1024)S(1)} custom-call(c6,0.521,0,0
%reshape.4,"f32[128,256]{1,0:T(8,128)S(1)} reshape(f",0.086,0,0
%iota_and_fusion.1,"u32[128]{0:T(128)S(1)} fusion(), kind=kL",0.005,0,0
%iota_shift-right-logical_fusion.1,"u32[128]{0:T(128)S(1)} fusion(), kind=kL",0.004,0,0
%add_select_fusion.270,"(f32[128,128]{1,0:T(8,128)S(1)}, pred[12",7.904,0,0
%fusion.1445,"(f32[128,128]{1,0:T(8,128)S(1)}, f32[128",0.859,0,0
%and_or_fusion.22,"(pred[128,128]{1,0:T(8,128)(4,1)S(1)}, p",0.05,0,0
%add_select_fusion.225,"(f32[128,128]{1,0:T(8,128)S(1)}, f32[128",0.487,0,0
%add_select_fusion.237,"(f32[128,128]{1,0:T(8,128)S(1)}, f32[128",0.486,0,0
%fusion.1490,"(f32[128,128]{1,0:T(8,128)S(1)}, f32[128",7.225,0,0
%fusion.1482,"f32[128,128]{1,0:T(8,128)S(1)} fusion(f3",1.498,0,0
%fusion.1499,"f32[128,256]{1,0:T(8,128)S(1)} fusion(f3",0.15,0,0
%custom-call.1,f32[32768]{0:T(1024)S(1)} custom-call(c6,0.521,0,0
%reshape.12,"f32[128,256]{1,0:T(8,128)S(1)} reshape(f",0.086,0,0
%convolution_subtract_fusion,"f32[128,256]{1,0:T(8,128)S(1)} fusion(f3",0.156,0,0
%is-finite_and_fusion.53,"(pred[128,256,1]{1,0,2:T(32,128)(4,1)S(1",3.241,0,0
%fusion.1753,"(pred[128,256,1]{1,0,2:T(32,128)(4,1)S(1",4.022,0,0
%fusion.914,"(f32[128,256,1]{1,0,2:T(8,128)S(1)}, f32",5.03,0,0
%add_select_fusion.181,"(f32[128,256,1]{1,0,2:T(8,128)S(1)}, f32",2.179,0,0
%fusion.950,"(f32[128,256,1]{1,0,2:T(8,128)S(1)}, f32",10.466,0,0
%fusion.951,"f32[128,256,1]{1,0,2:T(8,128)S(1)} fusio",0.046,0,0
%fusion.367,"f32[256,128]{1,0:T(8,128)S(1)} fusion(f3",0.217,0,0
%fusion.943,f32[32768]{0:T(1024)S(1)} fusion(f32[256,0.22,0,0
%fusion.946,f32[32768]{0:T(1024)S(1)} fusion(f32[256,0.219,0,0
%custom-call.2,c64[32768]{0:T(1024)} custom-call(f32[32,0.805,0,0
%iota_and_fusion,"u32[256]{0:T(256)S(1)} fusion(), kind=kL",0.004,0,0
%iota_shift-right-logical_fusion,"u32[256]{0:T(256)S(1)} fusion(), kind=kL",0.005,0,0
%add_select_fusion.76,"(f32[256,256]{1,0:T(8,128)S(1)}, pred[25",31.517,0,0
%fusion.316,"(f32[256,256]{1,0:T(8,128)S(1)}, f32[256",3.333,0,0
%and_or_fusion.4,"(pred[256,256]{1,0:T(8,128)(4,1)S(1)}, p",0.179,0,0
%add_select_fusion.31,"(f32[256,256]{1,0:T(8,128)S(1)}, f32[256",1.81,0,0
%add_select_fusion.43,"(f32[256,256]{1,0:T(8,128)S(1)}, f32[256",1.807,0,0
%fusion.361,"(f32[256,256]{1,0:T(8,128)S(1)}, f32[256",27.881,0,0
%fusion.353,"f32[256,256]{1,0:T(8,128)S(1)} fusion(f3",5.496,0,0
%custom-call,f32[32768]{0:T(1024)S(1)} custom-call(c6,0.516,0,0
%reshape.4,"f32[128,256]{1,0:T(8,128)S(1)} reshape(f",0.086,0,0
%iota_and_fusion.1,"u32[128]{0:T(128)S(1)} fusion(), kind=kL",0.004,0,0
%iota_shift-right-logical_fusion.1,"u32[128]{0:T(128)S(1)} fusion(), kind=kL",0.005,0,0
%add_select_fusion.270,"(f32[128,128]{1,0:T(8,128)S(1)}, pred[12",7.902,0,0
%fusion.1445,"(f32[128,128]{1,0:T(8,128)S(1)}, f32[128",0.859,0,0
%and_or_fusion.22,"(pred[128,128]{1,0:T(8,128)(4,1)S(1)}, p",0.049,0,0
%add_select_fusion.225,"(f32[128,128]{1,0:T(8,128)S(1)}, f32[128",0.487,0,0
%add_select_fusion.237,"(f32[128,128]{1,0:T(8,128)S(1)}, f32[128",0.486,0,0
%fusion.1490,"(f32[128,128]{1,0:T(8,128)S(1)}, f32[128",7.225,0,0
%fusion.1482,"f32[128,128]{1,0:T(8,128)S(1)} fusion(f3",1.496,0,0
%fusion.1499,"f32[128,256]{1,0:T(8,128)S(1)} fusion(f3",0.15,0,0
%custom-call.1,f32[32768]{0:T(1024)S(1)} custom-call(c6,0.526,0,0
%reshape.12,"f32[128,256]{1,0:T(8,128)S(1)} reshape(f",0.087,0,0
%convolution_subtract_fusion,"f32[128,256]{1,0:T(8,128)S(1)} fusion(f3",0.157,0,0
%is-finite_and_fusion.53,"(pred[128,256,1]{1,0,2:T(32,128)(4,1)S(1",3.241,0,0
%fusion.1753,"(pred[128,256,1]{1,0,2:T(32,128)(4,1)S(1",4.022,0,0
%fusion.914,"(f32[128,256,1]{1,0,2:T(8,128)S(1)}, f32",5.031,0,0
%add_select_fusion.181,"(f32[128,256,1]{1,0,2:T(8,128)S(1)}, f32",2.176,0,0
%fusion.950,"(f32[128,256,1]{1,0,2:T(8,128)S(1)}, f32",10.466,0,0
%fusion.951,"f32[128,256,1]{1,0,2:T(8,128)S(1)} fusio",0.045,0,0
%fusion.367,"f32[256,128]{1,0:T(8,128)S(1)} fusion(f3",0.216,0,0
%fusion.943,f32[32768]{0:T(1024)S(1)} fusion(f32[256,0.22,0,0
%fusion.946,f32[32768]{0:T(1024)S(1)} fusion(f32[256,0.218,0,0
%custom-call.2,c64[32768]{0:T(1024)} custom-call(f32[32,0.812,0,0
%iota_and_fusion,"u32[256]{0:T(256)S(1)} fusion(), kind=kL",0.004,0,0
%iota_shift-right-logical_fusion,"u32[256]{0:T(256)S(1)} fusion(), kind=kL",0.005,0,0
%add_select_fusion.76,"(f32[256,256]{1,0:T(8,128)S(1)}, pred[25",31.516,0,0
%fusion.316,"(f32[256,256]{1,0:T(8,128)S(1)}, f32[256",3.333,0,0
%and_or_fusion.4,"(pred[256,256]{1,0:T(8,128)(4,1)S(1)}, p",0.18,0,0
%add_select_fusion.31,"(f32[256,256]{1,0:T(8,128)S(1)}, f32[256",1.809,0,0
%add_select_fusion.43,"(f32[256,256]{1,0:T(8,128)S(1)}, f32[256",1.807,0,0
%fusion.361,"(f32[256,256]{1,0:T(8,128)S(1)}, f32[256",27.881,0,0
%fusion.353,"f32[256,256]{1,0:T(8,128)S(1)} fusion(f3",5.496,0,0
%custom-call,f32[32768]{0:T(1024)S(1)} custom-call(c6,0.614,0,0
%reshape.4,"f32[128,256]{1,0:T(8,128)S(1)} reshape(f",0.086,0,0
%iota_and_fusion.1,"u32[128]{0:T(128)S(1)} fusion(), kind=kL",0.004,0,0
%iota_shift-right-logical_fusion.1,"u32[128]{0:T(128)S(1)} fusion(), kind=kL",0.005,0,0
%add_select_fusion.270,"(f32[128,128]{1,0:T(8,128)S(1)}, pred[12",7.903,0,0
%fusion.1445,"(f32[128,128]{1,0:T(8,128)S(1)}, f32[128",0.858,0,0
%and_or_fusion.22,"(pred[128,128]{1,0:T(8,128)(4,1)S(1)}, p",0.049,0,0
%add_select_fusion.225,"(f32[128,128]{1,0:T(8,128)S(1)}, f32[128",0.487,0,0
%add_select_fusion.237,"(f32[128,128]{1,0:T(8,128)S(1)}, f32[128",0.486,0,0
%fusion.1490,"(f32[128,128]{1,0:T(8,128)S(1)}, f32[128",7.225,0,0
%fusion.1482,"f32[128,128]{1,0:T(8,128)S(1)} fusion(f3",1.498,0,0
%fusion.1499,"f32[128,256]{1,0:T(8,128)S(1)} fusion(f3",0.15,0,0
%custom-call.1,f32[32768]{0:T(1024)S(1)} custom-call(c6,0.714,0,0
%reshape.12,"f32[128,256]{1,0:T(8,128)S(1)} reshape(f",0.085,0,0
%convolution_subtract_fusion,"f32[128,256]{1,0:T(8,128)S(1)} fusion(f3",0.156,0,0
%is-finite_and_fusion.53,"(pred[128,256,1]{1,0,2:T(32,128)(4,1)S(1",3.241,0,0
%fusion.1753,"(pred[128,256,1]{1,0,2:T(32,128)(4,1)S(1",4.021,0,0
%fusion.914,"(f32[128,256,1]{1,0,2:T(8,128)S(1)}, f32",5.029,0,0
%add_select_fusion.181,"(f32[128,256,1]{1,0,2:T(8,128)S(1)}, f32",2.178,0,0
%fusion.950,"(f32[128,256,1]{1,0,2:T(8,128)S(1)}, f32",10.466,0,0
%fusion.951,"f32[128,256,1]{1,0,2:T(8,128)S(1)} fusio",0.045,0,0
%fusion.367,"f32[256,128]{1,0:T(8,128)S(1)} fusion(f3",0.216,0,0
%fusion.943,f32[32768]{0:T(1024)S(1)} fusion(f32[256,0.22,0,0
%fusion.946,f32[32768]{0:T(1024)S(1)} fusion(f32[256,0.22,0,0
%custom-call.2,c64[32768]{0:T(1024)} custom-call(f32[32,0.809,0,0
%iota_and_fusion,"u32[256]{0:T(256)S(1)} fusion(), kind=kL",0.005,0,0
%iota_shift-right-logical_fusion,"u32[256]{0:T(256)S(1)} fusion(), kind=kL",0.004,0,0
%add_select_fusion.76,"(f32[256,256]{1,0:T(8,128)S(1)}, pred[25",31.519,0,0
%fusion.316,"(f32[256,256]{1,0:T(8,128)S(1)}, f32[256",3.333,0,0
%and_or_fusion.4,"(pred[256,256]{1,0:T(8,128)(4,1)S(1)}, p",0.18,0,0
%add_select_fusion.31,"(f32[256,256]{1,0:T(8,128)S(1)}, f32[256",1.808,0,0
%add_select_fusion.43,"(f32[256,256]{1,0:T(8,128)S(1)}, f32[256",1.808,0,0
%fusion.361,"(f32[256,256]{1,0:T(8,128)S(1)}, f32[256",27.88,0,0
%fusion.353,"f32[256,256]{1,0:T(8,128)S(1)} fusion(f3",5.496,0,0
%custom-call,f32[32768]{0:T(1024)S(1)} custom-call(c6,0.52,0,0
%reshape.4,"f32[128,256]{1,0:T(8,128)S(1)} reshape(f",0.086,0,0
%iota_and_fusion.1,"u32[128]{0:T(128)S(1)} fusion(), kind=kL",0.005,0,0
%iota_shift-right-logical_fusion.1,"u32[128]{0:T(128)S(1)} fusion(), kind=kL",0.005,0,0
%add_select_fusion.270,"(f32[128,128]{1,0:T(8,128)S(1)}, pred[12",7.902,0,0
%fusion.1445,"(f32[128,128]{1,0:T(8,128)S(1)}, f32[128",0.859,0,0
%and_or_fusion.22,"(pred[128,128]{1,0:T(8,128)(4,1)S(1)}, p",0.05,0,0
%add_select_fusion.225,"(f32[128,128]{1,0:T(8,128)S(1)}, f32[128",0.486,0,0
%add_select_fusion.237,"(f32[128,128]{1,0:T(8,128)S(1)}, f32[128",0.486,0,0
%fusion.1490,"(f32[128,128]{1,0:T(8,128)S(1)}, f32[128",7.226,0,0
%fusion.1482,"f32[128,128]{1,0:T(8,128)S(1)} fusion(f3",1.499,0,0
%fusion.1499,"f32[128,256]{1,0:T(8,128)S(1)} fusion(f3",0.15,0,0
%custom-call.1,f32[32768]{0:T(1024)S(1)} custom-call(c6,0.52,0,0
%reshape.12,"f32[128,256]{1,0:T(8,128)S(1)} reshape(f",0.087,0,0
%convolution_subtract_fusion,"f32[128,256]{1,0:T(8,128)S(1)} fusion(f3",0.156,0,0
%is-finite_and_fusion.53,"(pred[128,256,1]{1,0,2:T(32,128)(4,1)S(1",3.241,0,0
%fusion.1753,"(pred[128,256,1]{1,0,2:T(32,128)(4,1)S(1",4.022,0,0
%fusion.914,"(f32[128,256,1]{1,0,2:T(8,128)S(1)}, f32",5.031,0,0
%add_select_fusion.181,"(f32[128,256,1]{1,0,2:T(8,128)S(1)}, f32",2.176,0,0
%fusion.950,"(f32[128,256,1]{1,0,2:T(8,128)S(1)}, f32",10.466,0,0
%fusion.951,"f32[128,256,1]{1,0,2:T(8,128)S(1)} fusio",0.044,0,0
%fusion.367,"f32[256,128]{1,0:T(8,128)S(1)} fusion(f3",0.216,0,0
%fusion.943,f32[32768]{0:T(1024)S(1)} fusion(f32[256,0.22,0,0
%fusion.946,f32[32768]{0:T(1024)S(1)} fusion(f32[256,0.219,0,0
%custom-call.2,c64[32768]{0:T(1024)} custom-call(f32[32,0.806,0,0
%iota.1,"f32[65536]{0:T(1024)} iota(), iota_dimen",0.655,0,0
%broadcast_add_fusion,f32[65536]{0:T(1024)} fusion(f32[65536]{,1.321,0,0
%broadcast,f32[65536]{0:T(1024)S(1)} broadcast(f32[,0.045,0,0
%custom-call,c64[65536]{0:T(1024)} custom-call(f32[65,2.525,0,0
%custom-call,f32[65536]{0:T(1024)S(1)} custom-call(c6,0.786,0,0
%reshape.6,"f32[128,512]{1,0:T(8,128)S(1)} reshape(f",0.086,0,0
%iota_and_fusion.1,"u32[128]{0:T(128)S(1)} fusion(), kind=kL",0.005,0,0
%iota_shift-right-logical_fusion.1,"u32[128]{0:T(128)S(1)} fusion(), kind=kL",0.004,0,0
%add_select_fusion.173,"(f32[128,128]{1,0:T(8,128)S(1)}, pred[12",7.904,0,0
%fusion.874,"(f32[128,128]{1,0:T(8,128)S(1)}, f32[128",0.86,0,0
%and_or_fusion.13,"(pred[128,128]{1,0:T(8,128)(4,1)S(1)}, p",0.05,0,0
%add_select_fusion.128,"(f32[128,128]{1,0:T(8,128)S(1)}, f32[128",0.486,0,0
%add_select_fusion.140,"(f32[128,128]{1,0:T(8,128)S(1)}, f32[128",0.487,0,0
%fusion.919,"(f32[128,128]{1,0:T(8,128)S(1)}, f32[128",7.039,0,0
%fusion.911,"f32[128,128]{1,0:T(8,128)S(1)} fusion(f3",1.499,0,0
%fusion.1144,"f32[128,512]{1,0:T(8,128)S(1)} fusion(f3",0.195,0,0
%custom-call.1,f32[65536]{0:T(1024)S(1)} custom-call(c6,0.705,0,0
%reshape.14,"f32[128,512]{1,0:T(8,128)S(1)} reshape(f",0.085,0,0
%convolution_add_fusion.1,"f32[128,512]{1,0:T(8,128)S(1)} fusion(f3",0.209,0,0
%convolution_subtract_fusion.1,"f32[128,512]{1,0:T(8,128)S(1)} fusion(f3",0.21,0,0
%iota_and_fusion,"u32[512]{0:T(512)S(1)} fusion(), kind=kL",0.004,0,0
%iota_shift-right-logical_fusion,"u32[512]{0:T(512)S(1)} fusion(), kind=kL",0.005,0,0
%is-finite_and_fusion.22,"(pred[128,512,1]{1,0,2:T(8,128)(4,1)S(1)",6.227,0,0
%fusion.2249,"(pred[128,512,1]{1,0,2:T(8,128)(4,1)S(1)",8.126,0,0
%fusion.335,"(f32[128,512,1]{1,0,2:T(8,128)S(1)}, f32",9.691,0,0
%add_select_fusion.84,"(f32[128,512,1]{1,0,2:T(8,128)S(1)}, f32",4.384,0,0
%fusion.377,"(f32[512,128,1]{0,1,2:T(8,128)S(1)}, f32",37.231,0,0
%fusion.379,"f32[512,128,1]{0,1,2:T(8,128)S(1)} fusio",0.113,0,0
%copy.5,"f32[512,128,1]{1,0,2:T(8,128)S(1)} copy(",0.279,0,0
%fusion.386,"f32[128,4,128]{2,0,1:T(8,128)S(1)} fusio",0.198,0,0
%copy.7,"f32[512,128,1]{1,0,2:T(8,128)S(1)} copy(",0.276,0,0
%fusion.2252,"(bf16[64,8,128]{2,1,0:T(8,128)(2,1)S(1)}",0.09,0,0
%convolution_add_fusion,"f32[128,4,128]{2,0,1:T(8,128)S(1)} fusio",0.198,0,0
%iota_and_fusion.2,"u32[4]{0:T(128)S(1)} fusion(), kind=kLoo",0.004,0,0
%iota_shift-right-logical_fusion.2,"u32[4]{0:T(128)S(1)} fusion(), kind=kLoo",0.005,0,0
%fusion.1783,"(f32[4,128]{1,0:T(4,128)S(1)}, f32[4,128",0.491,0,0
%multiply_add_fusion.88,"(f32[4,128]{1,0:T(4,128)S(1)}, f32[4,128",0.074,0,0
%multiply_add_fusion.86,"(f32[4,128]{1,0:T(4,128)S(1)}, f32[4,128",0.077,0,0
%fusion.1807,"(f32[4,128]{1,0:T(4,128)S(1)}, f32[4,128",0.3,0,0
%and_or_fusion.21,"(pred[4,128]{1,0:T(4,128)(4,1)S(1)}, pre",0.011,0,0
%fusion.2236,"(pred[4,128]{1,0:T(4,128)(4,1)S(1)}, f32",0.169,0,0
%and_or_fusion.25,"(pred[4,128]{1,0:T(4,128)(4,1)S(1)}, pre",0.011,0,0
%fusion.2233,"(pred[4,128]{1,0:T(4,128)(4,1)S(1)}, f32",0.168,0,0
%fusion.1873,"(f32[4,128]{1,0:T(4,128)S(1)}, f32[4,128",0.274,0,0
%fusion.1881,"f32[4,128]{1,0:T(4,128)S(1)} fusion(f32[",0.118,0,0
%fusion.375,"(f32[1,4,128,128]{3,2,1,0:T(8,128)S(1)},",1.093,0,0
%subtract_select_fusion.51,"(f32[4,4]{1,0:T(4,128)S(1)}, f32[4,4]{1,",0.44,0,0
%fusion.1456,"(f32[4,4]{1,0:T(4,128)S(1)}, f32[4,4]{1,",0.255,0,0
%select_select_fusion.34,"(f32[4,4]{1,0:T(4,128)S(1)}, f32[4,4]{1,",0.198,0,0
%fusion.1482,"f32[4,4]{1,0:T(4,128)S(1)} fusion(pred[4",0.02,0,0
%select_select_fusion.39,"f32[4,4]{1,0:T(4,128)S(1)} fusion(pred[4",0.026,0,0
%fusion.370,"f32[4,16384]{1,0:T(4,128)S(1)} fusion(f3",0.876,0,0
%fusion.364,"f32[1,128,4,128]{3,2,1,0:T(4,128)S(1)} f",1.058,0,0
%copy.12,"f32[1,128,4,128]{3,1,2,0:T(8,128)S(1)} c",0.044,0,0
%fusion.367,"f32[1,128,4,128]{3,2,1,0:T(4,128)S(1)} f",1.059,0,0
%copy.13,"f32[1,128,4,128]{3,1,2,0:T(8,128)S(1)} c",0.043,0,0
%custom-call.2,c64[65536]{0:T(1024)} custom-call(f32[65,1.151,0,0
%custom-call,f32[65536]{0:T(1024)S(1)} custom-call(c6,0.69,0,0
%reshape.6,"f32[128,512]{1,0:T(8,128)S(1)} reshape(f",0.086,0,0
%iota_and_fusion.1,"u32[128]{0:T(128)S(1)} fusion(), kind=kL",0.004,0,0
%iota_shift-right-logical_fusion.1,"u32[128]{0:T(128)S(1)} fusion(), kind=kL",0.005,0,0
%add_select_fusion.173,"(f32[128,128]{1,0:T(8,128)S(1)}, pred[12",7.904,0,0
%fusion.874,"(f32[128,128]{1,0:T(8,128)S(1)}, f32[128",0.86,0,0
%and_or_fusion.13,"(pred[128,128]{1,0:T(8,128)(4,1)S(1)}, p",0.05,0,0
%add_select_fusion.128,"(f32[128,128]{1,0:T(8,128)S(1)}, f32[128",0.486,0,0
%add_select_fusion.140,"(f32[128,128]{1,0:T(8,128)S(1)}, f32[128",0.489,0,0
%fusion.919,"(f32[128,128]{1,0:T(8,128)S(1)}, f32[128",7.037,0,0
%fusion.911,"f32[128,128]{1,0:T(8,128)S(1)} fusion(f3",1.498,0,0
%fusion.1144,"f32[128,512]{1,0:T(8,128)S(1)} fusion(f3",0.196,0,0
%custom-call.1,f32[65536]{0:T(1024)S(1)} custom-call(c6,0.704,0,0
%reshape.14,"f32[128,512]{1,0:T(8,128)S(1)} reshape(f",0.086,0,0
%convolution_add_fusion.1,"f32[128,512]{1,0:T(8,128)S(1)} fusion(f3",0.209,0,0
%convolution_subtract_fusion.1,"f32[128,512]{1,0:T(8,128)S(1)} fusion(f3",0.209,0,0
%iota_and_fusion,"u32[512]{0:T(512)S(1)} fusion(), kind=kL",0.004,0,0
%iota_shift-right-logical_fusion,"u32[512]{0:T(512)S(1)} fusion(), kind=kL",0.005,0,0
%is-finite_and_fusion.22,"(pred[128,512,1]{1,0,2:T(8,128)(4,1)S(1)",6.227,0,0
%fusion.2249,"(pred[128,512,1]{1,0,2:T(8,128)(4,1)S(1)",8.089,0,0
%fusion.335,"(f32[128,512,1]{1,0,2:T(8,128)S(1)}, f32",9.691,0,0
%add_select_fusion.84,"(f32[128,512,1]{1,0,2:T(8,128)S(1)}, f32",4.384,0,0
%fusion.377,"(f32[512,128,1]{0,1,2:T(8,128)S(1)}, f32",37.23,0,0
%fusion.379,"f32[512,128,1]{0,1,2:T(8,128)S(1)} fusio",0.111,0,0
%copy.5,"f32[512,128,1]{1,0,2:T(8,128)S(1)} copy(",0.278,0,0
%fusion.386,"f32[128,4,128]{2,0,1:T(8,128)S(1)} fusio",0.198,0,0
%copy.7,"f32[512,128,1]{1,0,2:T(8,128)S(1)} copy(",0.276,0,0
%fusion.2252,"(bf16[64,8,128]{2,1,0:T(8,128)(2,1)S(1)}",0.089,0,0
%convolution_add_fusion,"f32[128,4,128]{2,0,1:T(8,128)S(1)} fusio",0.199,0,0
%iota_and_fusion.2,"u32[4]{0:T(128)S(1)} fusion(), kind=kLoo",0.005,0,0
%iota_shift-right-logical_fusion.2,"u32[4]{0:T(128)S(1)} fusion(), kind=kLoo",0.005,0,0
%fusion.1783,"(f32[4,128]{1,0:T(4,128)S(1)}, f32[4,128",0.492,0,0
%multiply_add_fusion.88,"(f32[4,128]{1,0:T(4,128)S(1)}, f32[4,128",0.074,0,0
%multiply_add_fusion.86,"(f32[4,128]{1,0:T(4,128)S(1)}, f32[4,128",0.077,0,0
%fusion.1807,"(f32[4,128]{1,0:T(4,128)S(1)}, f32[4,128",0.3,0,0
%and_or_fusion.21,"(pred[4,128]{1,0:T(4,128)(4,1)S(1)}, pre",0.01,0,0
%fusion.2236,"(pred[4,128]{1,0:T(4,128)(4,1)S(1)}, f32",0.168,0,0
%and_or_fusion.25,"(pred[4,128]{1,0:T(4,128)(4,1)S(1)}, pre",0.01,0,0
%fusion.2233,"(pred[4,128]{1,0:T(4,128)(4,1)S(1)}, f32",0.169,0,0
%fusion.1873,"(f32[4,128]{1,0:T(4,128)S(1)}, f32[4,128",0.275,0,0
%fusion.1881,"f32[4,128]{1,0:T(4,128)S(1)} fusion(f32[",0.119,0,0
%fusion.375,"(f32[1,4,128,128]{3,2,1,0:T(8,128)S(1)},",1.055,0,0
%subtract_select_fusion.51,"(f32[4,4]{1,0:T(4,128)S(1)}, f32[4,4]{1,",0.439,0,0
%fusion.1456,"(f32[4,4]{1,0:T(4,128)S(1)}, f32[4,4]{1,",0.255,0,0
%select_select_fusion.34,"(f32[4,4]{1,0:T(4,128)S(1)}, f32[4,4]{1,",0.198,0,0
%fusion.1482,"f32[4,4]{1,0:T(4,128)S(1)} fusion(pred[4",0.02,0,0
%select_select_fusion.39,"f32[4,4]{1,0:T(4,128)S(1)} fusion(pred[4",0.026,0,0
%fusion.370,"f32[4,16384]{1,0:T(4,128)S(1)} fusion(f3",0.876,0,0
%fusion.364,"f32[1,128,4,128]{3,2,1,0:T(4,128)S(1)} f",1.056,0,0
%copy.12,"f32[1,128,4,128]{3,1,2,0:T(8,128)S(1)} c",0.045,0,0
%fusion.367,"f32[1,128,4,128]{3,2,1,0:T(4,128)S(1)} f",1.059,0,0
%copy.13,"f32[1,128,4,128]{3,1,2,0:T(8,128)S(1)} c",0.044,0,0
%custom-call.2,c64[65536]{0:T(1024)} custom-call(f32[65,1.155,0,0
%custom-call,f32[65536]{0:T(1024)S(1)} custom-call(c6,0.702,0,0
%reshape.6,"f32[128,512]{1,0:T(8,128)S(1)} reshape(f",0.086,0,0
%iota_and_fusion.1,"u32[128]{0:T(128)S(1)} fusion(), kind=kL",0.004,0,0
%iota_shift-right-logical_fusion.1,"u32[128]{0:T(128)S(1)} fusion(), kind=kL",0.005,0,0
%add_select_fusion.173,"(f32[128,128]{1,0:T(8,128)S(1)}, pred[12",7.902,0,0
%fusion.874,"(f32[128,128]{1,0:T(8,128)S(1)}, f32[128",0.859,0,0
%and_or_fusion.13,"(pred[128,128]{1,0:T(8,128)(4,1)S(1)}, p",0.051,0,0
%add_select_fusion.128,"(f32[128,128]{1,0:T(8,128)S(1)}, f32[128",0.486,0,0
%add_select_fusion.140,"(f32[128,128]{1,0:T(8,128)S(1)}, f32[128",0.486,0,0
%fusion.919,"(f32[128,128]{1,0:T(8,128)S(1)}, f32[128",7.039,0,0
%fusion.911,"f32[128,128]{1,0:T(8,128)S(1)} fusion(f3",1.499,0,0
%fusion.1144,"f32[128,512]{1,0:T(8,128)S(1)} fusion(f3",0.195,0,0
%custom-call.1,f32[65536]{0:T(1024)S(1)} custom-call(c6,0.701,0,0
%reshape.14,"f32[128,512]{1,0:T(8,128)S(1)} reshape(f",0.086,0,0
%convolution_add_fusion.1,"f32[128,512]{1,0:T(8,128)S(1)} fusion(f3",0.209,0,0
%convolution_subtract_fusion.1,"f32[128,512]{1,0:T(8,128)S(1)} fusion(f3",0.21,0,0
%iota_and_fusion,"u32[512]{0:T(512)S(1)} fusion(), kind=kL",0.005,0,0
%iota_shift-right-logical_fusion,"u32[512]{0:T(512)S(1)} fusion(), kind=kL",0.005,0,0
%is-finite_and_fusion.22,"(pred[128,512,1]{1,0,2:T(8,128)(4,1)S(1)",6.226,0,0
%fusion.2249,"(pred[128,512,1]{1,0,2:T(8,128)(4,1)S(1)",8.09,0,0
%fusion.335,"(f32[128,512,1]{1,0,2:T(8,128)S(1)}, f32",9.691,0,0
%add_select_fusion.84,"(f32[128,512,1]{1,0,2:T(8,128)S(1)}, f32",4.383,0,0
%fusion.377,"(f32[512,128,1]{0,1,2:T(8,128)S(1)}, f32",37.231,0,0
%fusion.379,"f32[512,128,1]{0,1,2:T(8,128)S(1)} fusio",0.113,0,0
%copy.5,"f32[512,128,1]{1,0,2:T(8,128)S(1)} copy(",0.279,0,0
%fusion.386,"f32[128,4,128]{2,0,1:T(8,128)S(1)} fusio",0.198,0,0
%copy.7,"f32[512,128,1]{1,0,2:T(8,128)S(1)} copy(",0.276,0,0
%fusion.2252,"(bf16[64,8,128]{2,1,0:T(8,128)(2,1)S(1)}",0.09,0,0
%convolution_add_fusion,"f32[128,4,128]{2,0,1:T(8,128)S(1)} fusio",0.198,0,0
%iota_and_fusion.2,"u32[4]{0:T(128)S(1)} fusion(), kind=kLoo",0.004,0,0
%iota_shift-right-logical_fusion.2,"u32[4]{0:T(128)S(1)} fusion(), kind=kLoo",0.005,0,0
%fusion.1783,"(f32[4,128]{1,0:T(4,128)S(1)}, f32[4,128",0.491,0,0
%multiply_add_fusion.88,"(f32[4,128]{1,0:T(4,128)S(1)}, f32[4,128",0.074,0,0
%multiply_add_fusion.86,"(f32[4,128]{1,0:T(4,128)S(1)}, f32[4,128",0.077,0,0
%fusion.1807,"(f32[4,128]{1,0:T(4,128)S(1)}, f32[4,128",0.301,0,0
%and_or_fusion.21,"(pred[4,128]{1,0:T(4,128)(4,1)S(1)}, pre",0.011,0,0
%fusion.2236,"(pred[4,128]{1,0:T(4,128)(4,1)S(1)}, f32",0.169,0,0
%and_or_fusion.25,"(pred[4,128]{1,0:T(4,128)(4,1)S(1)}, pre",0.011,0,0
%fusion.2233,"(pred[4,128]{1,0:T(4,128)(4,1)S(1)}, f32",0.168,0,0
%fusion.1873,"(f32[4,128]{1,0:T(4,128)S(1)}, f32[4,128",0.274,0,0
%fusion.1881,"f32[4,128]{1,0:T(4,128)S(1)} fusion(f32[",0.12,0,0
%fusion.375,"(f32[1,4,128,128]{3,2,1,0:T(8,128)S(1)},",1.055,0,0
%subtract_select_fusion.51,"(f32[4,4]{1,0:T(4,128)S(1)}, f32[4,4]{1,",0.439,0,0
%fusion.1456,"(f32[4,4]{1,0:T(4,128)S(1)}, f32[4,4]{1,",0.256,0,0
%select_select_fusion.34,"(f32[4,4]{1,0:T(4,128)S(1)}, f32[4,4]{1,",0.199,0,0
%fusion.1482,"f32[4,4]{1,0:T(4,128)S(1)} fusion(pred[4",0.02,0,0
%select_select_fusion.39,"f32[4,4]{1,0:T(4,128)S(1)} fusion(pred[4",0.026,0,0
%fusion.370,"f32[4,16384]{1,0:T(4,128)S(1)} fusion(f3",0.876,0,0
%fusion.364,"f32[1,128,4,128]{3,2,1,0:T(4,128)S(1)} f",1.056,0,0
%copy.12,"f32[1,128,4,128]{3,1,2,0:T(8,128)S(1)} c",0.045,0,0
%fusion.367,"f32[1,128,4,128]{3,2,1,0:T(4,128)S(1)} f",1.06,0,0
%copy.13,"f32[1,128,4,128]{3,1,2,0:T(8,128)S(1)} c",0.044,0,0
%custom-call.2,c64[65536]{0:T(1024)} custom-call(f32[65,1.153,0,0
%custom-call,f32[65536]{0:T(1024)S(1)} custom-call(c6,0.7,0,0
%reshape.6,"f32[128,512]{1,0:T(8,128)S(1)} reshape(f",0.087,0,0
%iota_and_fusion.1,"u32[128]{0:T(128)S(1)} fusion(), kind=kL",0.005,0,0
%iota_shift-right-logical_fusion.1,"u32[128]{0:T(128)S(1)} fusion(), kind=kL",0.005,0,0
%add_select_fusion.173,"(f32[128,128]{1,0:T(8,128)S(1)}, pred[12",7.902,0,0
%fusion.874,"(f32[128,128]{1,0:T(8,128)S(1)}, f32[128",0.859,0,0
%and_or_fusion.13,"(pred[128,128]{1,0:T(8,128)(4,1)S(1)}, p",0.05,0,0
%add_select_fusion.128,"(f32[128,128]{1,0:T(8,128)S(1)}, f32[128",0.486,0,0
%add_select_fusion.140,"(f32[128,128]{1,0:T(8,128)S(1)}, f32[128",0.488,0,0
%fusion.919,"(f32[128,128]{1,0:T(8,128)S(1)}, f32[128",7.039,0,0
%fusion.911,"f32[128,128]{1,0:T(8,128)S(1)} fusion(f3",1.498,0,0
%fusion.1144,"f32[128,512]{1,0:T(8,128)S(1)} fusion(f3",0.195,0,0
%custom-call.1,f32[65536]{0:T(1024)S(1)} custom-call(c6,0.698,0,0
%reshape.14,"f32[128,512]{1,0:T(8,128)S(1)} reshape(f",0.086,0,0
%convolution_add_fusion.1,"f32[128,512]{1,0:T(8,128)S(1)} fusion(f3",0.209,0,0
%convolution_subtract_fusion.1,"f32[128,512]{1,0:T(8,128)S(1)} fusion(f3",0.21,0,0
%iota_and_fusion,"u32[512]{0:T(512)S(1)} fusion(), kind=kL",0.005,0,0
%iota_shift-right-logical_fusion,"u32[512]{0:T(512)S(1)} fusion(), kind=kL",0.004,0,0
%is-finite_and_fusion.22,"(pred[128,512,1]{1,0,2:T(8,128)(4,1)S(1)",6.227,0,0
%fusion.2249,"(pred[128,512,1]{1,0,2:T(8,128)(4,1)S(1)",8.09,0,0
%fusion.335,"(f32[128,512,1]{1,0,2:T(8,128)S(1)}, f32",9.691,0,0
%add_select_fusion.84,"(f32[128,512,1]{1,0,2:T(8,128)S(1)}, f32",4.384,0,0
%fusion.377,"(f32[512,128,1]{0,1,2:T(8,128)S(1)}, f32",37.23,0,0
%fusion.379,"f32[512,128,1]{0,1,2:T(8,128)S(1)} fusio",0.113,0,0
%copy.5,"f32[512,128,1]{1,0,2:T(8,128)S(1)} copy(",0.279,0,0
%fusion.386,"f32[128,4,128]{2,0,1:T(8,128)S(1)} fusio",0.198,0,0
%copy.7,"f32[512,128,1]{1,0,2:T(8,128)S(1)} copy(",0.276,0,0
%fusion.2252,"(bf16[64,8,128]{2,1,0:T(8,128)(2,1)S(1)}",0.09,0,0
%convolution_add_fusion,"f32[128,4,128]{2,0,1:T(8,128)S(1)} fusio",0.198,0,0
%iota_and_fusion.2,"u32[4]{0:T(128)S(1)} fusion(), kind=kLoo",0.004,0,0
%iota_shift-right-logical_fusion.2,"u32[4]{0:T(128)S(1)} fusion(), kind=kLoo",0.005,0,0
%fusion.1783,"(f32[4,128]{1,0:T(4,128)S(1)}, f32[4,128",0.491,0,0
%multiply_add_fusion.88,"(f32[4,128]{1,0:T(4,128)S(1)}, f32[4,128",0.074,0,0
%multiply_add_fusion.86,"(f32[4,128]{1,0:T(4,128)S(1)}, f32[4,128",0.077,0,0
%fusion.1807,"(f32[4,128]{1,0:T(4,128)S(1)}, f32[4,128",0.3,0,0
%and_or_fusion.21,"(pred[4,128]{1,0:T(4,128)(4,1)S(1)}, pre",0.011,0,0
%fusion.2236,"(pred[4,128]{1,0:T(4,128)(4,1)S(1)}, f32",0.169,0,0
%and_or_fusion.25,"(pred[4,128]{1,0:T(4,128)(4,1)S(1)}, pre",0.011,0,0
%fusion.2233,"(pred[4,128]{1,0:T(4,128)(4,1)S(1)}, f32",0.168,0,0
%fusion.1873,"(f32[4,128]{1,0:T(4,128)S(1)}, f32[4,128",0.274,0,0
%fusion.1881,"f32[4,128]{1,0:T(4,128)S(1)} fusion(f32[",0.118,0,0
%fusion.375,"(f32[1,4,128,128]{3,2,1,0:T(8,128)S(1)},",1.056,0,0
%subtract_select_fusion.51,"(f32[4,4]{1,0:T(4,128)S(1)}, f32[4,4]{1,",0.439,0,0
%fusion.1456,"(f32[4,4]{1,0:T(4,128)S(1)}, f32[4,4]{1,",0.255,0,0
%select_select_fusion.34,"(f32[4,4]{1,0:T(4,128)S(1)}, f32[4,4]{1,",0.199,0,0
%fusion.1482,"f32[4,4]{1,0:T(4,128)S(1)} fusion(pred[4",0.02,0,0
%select_select_fusion.39,"f32[4,4]{1,0:T(4,128)S(1)} fusion(pred[4",0.025,0,0
%fusion.370,"f32[4,16384]{1,0:T(4,128)S(1)} fusion(f3",0.876,0,0
%fusion.364,"f32[1,128,4,128]{3,2,1,0:T(4,128)S(1)} f",1.055,0,0
%copy.12,"f32[1,128,4,128]{3,1,2,0:T(8,128)S(1)} c",0.045,0,0
%fusion.367,"f32[1,128,4,128]{3,2,1,0:T(4,128)S(1)} f",1.059,0,0
%copy.13,"f32[1,128,4,128]{3,1,2,0:T(8,128)S(1)} c",0.044,0,0
%custom-call.2,c64[65536]{0:T(1024)} custom-call(f32[65,1.153,0,0
%custom-call,f32[65536]{0:T(1024)S(1)} custom-call(c6,0.693,0,0
%reshape.6,"f32[128,512]{1,0:T(8,128)S(1)} reshape(f",0.086,0,0
%iota_and_fusion.1,"u32[128]{0:T(128)S(1)} fusion(), kind=kL",0.004,0,0
%iota_shift-right-logical_fusion.1,"u32[128]{0:T(128)S(1)} fusion(), kind=kL",0.005,0,0
%add_select_fusion.173,"(f32[128,128]{1,0:T(8,128)S(1)}, pred[12",7.904,0,0
%fusion.874,"(f32[128,128]{1,0:T(8,128)S(1)}, f32[128",0.859,0,0
%and_or_fusion.13,"(pred[128,128]{1,0:T(8,128)(4,1)S(1)}, p",0.05,0,0
%add_select_fusion.128,"(f32[128,128]{1,0:T(8,128)S(1)}, f32[128",0.486,0,0
%add_select_fusion.140,"(f32[128,128]{1,0:T(8,128)S(1)}, f32[128",0.487,0,0
%fusion.919,"(f32[128,128]{1,0:T(8,128)S(1)}, f32[128",7.04,0,0
%fusion.911,"f32[128,128]{1,0:T(8,128)S(1)} fusion(f3",1.499,0,0
%fusion.1144,"f32[128,512]{1,0:T(8,128)S(1)} fusion(f3",0.195,0,0
%custom-call.1,f32[65536]{0:T(1024)S(1)} custom-call(c6,0.699,0,0
%reshape.14,"f32[128,512]{1,0:T(8,128)S(1)} reshape(f",0.087,0,0
%convolution_add_fusion.1,"f32[128,512]{1,0:T(8,128)S(1)} fusion(f3",0.21,0,0
%convolution_subtract_fusion.1,"f32[128,512]{1,0:T(8,128)S(1)} fusion(f3",0.209,0,0
%iota_and_fusion,"u32[512]{0:T(512)S(1)} fusion(), kind=kL",0.005,0,0
%iota_shift-right-logical_fusion,"u32[512]{0:T(512)S(1)} fusion(), kind=kL",0.004,0,0
%is-finite_and_fusion.22,"(pred[128,512,1]{1,0,2:T(8,128)(4,1)S(1)",6.228,0,0
%fusion.2249,"(pred[128,512,1]{1,0,2:T(8,128)(4,1)S(1)",8.09,0,0
%fusion.335,"(f32[128,512,1]{1,0,2:T(8,128)S(1)}, f32",9.692,0,0
%add_select_fusion.84,"(f32[128,512,1]{1,0,2:T(8,128)S(1)}, f32",4.384,0,0
%fusion.377,"(f32[512,128,1]{0,1,2:T(8,128)S(1)}, f32",37.231,0,0
%fusion.379,"f32[512,128,1]{0,1,2:T(8,128)S(1)} fusio",0.114,0,0
%copy.5,"f32[512,128,1]{1,0,2:T(8,128)S(1)} copy(",0.278,0,0
%fusion.386,"f32[128,4,128]{2,0,1:T(8,128)S(1)} fusio",0.198,0,0
%copy.7,"f32[512,128,1]{1,0,2:T(8,128)S(1)} copy(",0.276,0,0
%fusion.2252,"(bf16[64,8,128]{2,1,0:T(8,128)(2,1)S(1)}",0.09,0,0
%convolution_add_fusion,"f32[128,4,128]{2,0,1:T(8,128)S(1)} fusio",0.199,0,0
%iota_and_fusion.2,"u32[4]{0:T(128)S(1)} fusion(), kind=kLoo",0.005,0,0
%iota_shift-right-logical_fusion.2,"u32[4]{0:T(128)S(1)} fusion(), kind=kLoo",0.005,0,0
%fusion.1783,"(f32[4,128]{1,0:T(4,128)S(1)}, f32[4,128",0.491,0,0
%multiply_add_fusion.88,"(f32[4,128]{1,0:T(4,128)S(1)}, f32[4,128",0.075,0,0
%multiply_add_fusion.86,"(f32[4,128]{1,0:T(4,128)S(1)}, f32[4,128",0.077,0,0
%fusion.1807,"(f32[4,128]{1,0:T(4,128)S(1)}, f32[4,128",0.3,0,0
%and_or_fusion.21,"(pred[4,128]{1,0:T(4,128)(4,1)S(1)}, pre",0.011,0,0
%fusion.2236,"(pred[4,128]{1,0:T(4,128)(4,1)S(1)}, f32",0.168,0,0
%and_or_fusion.25,"(pred[4,128]{1,0:T(4,128)(4,1)S(1)}, pre",0.01,0,0
%fusion.2233,"(pred[4,128]{1,0:T(4,128)(4,1)S(1)}, f32",0.168,0,0
%fusion.1873,"(f32[4,128]{1,0:T(4,128)S(1)}, f32[4,128",0.274,0,0
%fusion.1881,"f32[4,128]{1,0:T(4,128)S(1)} fusion(f32[",0.118,0,0
%fusion.375,"(f32[1,4,128,128]{3,2,1,0:T(8,128)S(1)},",1.058,0,0
%subtract_select_fusion.51,"(f32[4,4]{1,0:T(4,128)S(1)}, f32[4,4]{1,",0.44,0,0
%fusion.1456,"(f32[4,4]{1,0:T(4,128)S(1)}, f32[4,4]{1,",0.256,0,0
%select_select_fusion.34,"(f32[4,4]{1,0:T(4,128)S(1)}, f32[4,4]{1,",0.199,0,0
%fusion.1482,"f32[4,4]{1,0:T(4,128)S(1)} fusion(pred[4",0.02,0,0
%select_select_fusion.39,"f32[4,4]{1,0:T(4,128)S(1)} fusion(pred[4",0.025,0,0
%fusion.370,"f32[4,16384]{1,0:T(4,128)S(1)} fusion(f3",0.876,0,0
%fusion.364,"f32[1,128,4,128]{3,2,1,0:T(4,128)S(1)} f",1.058,0,0
%copy.12,"f32[1,128,4,128]{3,1,2,0:T(8,128)S(1)} c",0.045,0,0
%fusion.367,"f32[1,128,4,128]{3,2,1,0:T(4,128)S(1)} f",1.06,0,0
%copy.13,"f32[1,128,4,128]{3,1,2,0:T(8,128)S(1)} c",0.044,0,0
%custom-call.2,c64[65536]{0:T(1024)} custom-call(f32[65,1.152,0,0
%iota.1,"f32[65536]{0:T(1024)} iota(), iota_dimen",0.655,0,0
%broadcast_add_fusion,f32[65536]{0:T(1024)} fusion(f32[65536]{,1.319,0,0
%broadcast,f32[65536]{0:T(1024)S(1)} broadcast(f32[,0.046,0,0
%custom-call,c64[65536]{0:T(1024)} custom-call(f32[65,2.177,0,0
%iota_and_fusion,"u32[512]{0:T(512)S(1)} fusion(), kind=kL",0.005,0,0
%iota_shift-right-logical_fusion,"u32[512]{0:T(512)S(1)} fusion(), kind=kL",0.005,0,0
%add_select_fusion.76,"(f32[512,512]{1,0:T(8,128)S(1)}, pred[51",119.836,0,0
%fusion.316,"(f32[512,512]{1,0:T(8,128)S(1)}, f32[512",12.915,0,0
%and_or_fusion.4,"(pred[512,512]{1,0:T(8,128)(4,1)S(1)}, p",0.691,0,0
%add_select_fusion.31,"(f32[512,512]{1,0:T(8,128)S(1)}, f32[512",7.436,0,0
%add_select_fusion.43,"(f32[512,512]{1,0:T(8,128)S(1)}, f32[512",7.438,0,0
%fusion.361,"(f32[512,512]{1,0:T(8,128)S(1)}, f32[512",110.701,0,0
%fusion.353,"f32[512,512]{1,0:T(8,128)S(1)} fusion(f3",21.774,0,0
%custom-call,f32[65536]{0:T(1024)S(1)} custom-call(c6,0.701,0,0
%reshape.4,"f32[128,512]{1,0:T(8,128)S(1)} reshape(f",0.087,0,0
%iota_and_fusion.1,"u32[128]{0:T(128)S(1)} fusion(), kind=kL",0.005,0,0
%iota_shift-right-logical_fusion.1,"u32[128]{0:T(128)S(1)} fusion(), kind=kL",0.005,0,0
%add_select_fusion.270,"(f32[128,128]{1,0:T(8,128)S(1)}, pred[12",8.124,0,0
%fusion.1454,"(f32[128,128]{1,0:T(8,128)S(1)}, f32[128",0.859,0,0
%and_or_fusion.22,"(pred[128,128]{1,0:T(8,128)(4,1)S(1)}, p",0.049,0,0
%add_select_fusion.225,"(f32[128,128]{1,0:T(8,128)S(1)}, f32[128",0.486,0,0
%add_select_fusion.237,"(f32[128,128]{1,0:T(8,128)S(1)}, f32[128",0.486,0,0
%fusion.1499,"(f32[128,128]{1,0:T(8,128)S(1)}, f32[128",7.039,0,0
%fusion.1491,"f32[128,128]{1,0:T(8,128)S(1)} fusion(f3",1.496,0,0
%fusion.1505,"f32[128,512]{1,0:T(8,128)S(1)} fusion(f3",0.194,0,0
%custom-call.1,f32[65536]{0:T(1024)S(1)} custom-call(c6,0.686,0,0
%reshape.12,"f32[128,512]{1,0:T(8,128)S(1)} reshape(f",0.086,0,0
%convolution_subtract_fusion,"f32[128,512]{1,0:T(8,128)S(1)} fusion(f3",0.207,0,0
%is-finite_and_fusion.53,"(pred[128,512,1]{1,0,2:T(32,128)(4,1)S(1",6.226,0,0
%fusion.1753,"(pred[128,512,1]{1,0,2:T(32,128)(4,1)S(1",8.318,0,0
%fusion.931,"(f32[128,512,1]{1,0,2:T(8,128)S(1)}, f32",9.691,0,0
%add_select_fusion.181,"(f32[128,512,1]{1,0,2:T(8,128)S(1)}, f32",4.565,0,0
%fusion.967,"(f32[128,512,1]{1,0,2:T(8,128)S(1)}, f32",20.424,0,0
%fusion.968,"f32[128,512,1]{1,0,2:T(8,128)S(1)} fusio",0.12,0,0
%fusion.367,"f32[512,128]{1,0:T(8,128)S(1)} fusion(f3",0.474,0,0
%fusion.960,f32[65536]{0:T(1024)S(1)} fusion(f32[512,0.476,0,0
%fusion.963,f32[65536]{0:T(1024)S(1)} fusion(f32[512,0.477,0,0
%custom-call.2,c64[65536]{0:T(1024)} custom-call(f32[65,1.155,0,0
%iota_and_fusion,"u32[512]{0:T(512)S(1)} fusion(), kind=kL",0.004,0,0
%iota_shift-right-logical_fusion,"u32[512]{0:T(512)S(1)} fusion(), kind=kL",0.005,0,0
%add_select_fusion.76,"(f32[512,512]{1,0:T(8,128)S(1)}, pred[51",119.836,0,0
%fusion.316,"(f32[512,512]{1,0:T(8,128)S(1)}, f32[512",12.916,0,0
%and_or_fusion.4,"(pred[512,512]{1,0:T(8,128)(4,1)S(1)}, p",0.691,0,0
%add_select_fusion.31,"(f32[512,512]{1,0:T(8,128)S(1)}, f32[512",7.438,0,0
%add_select_fusion.43,"(f32[512,512]{1,0:T(8,128)S(1)}, f32[512",7.439,0,0
%fusion.361,"(f32[512,512]{1,0:T(8,128)S(1)}, f32[512",110.701,0,0
%fusion.353,"f32[512,512]{1,0:T(8,128)S(1)} fusion(f3",21.774,0,0
%custom-call,f32[65536]{0:T(1024)S(1)} custom-call(c6,0.706,0,0
%reshape.4,"f32[128,512]{1,0:T(8,128)S(1)} reshape(f",0.087,0,0
%iota_and_fusion.1,"u32[128]{0:T(128)S(1)} fusion(), kind=kL",0.005,0,0
%iota_shift-right-logical_fusion.1,"u32[128]{0:T(128)S(1)} fusion(), kind=kL",0.005,0,0
%add_select_fusion.270,"(f32[128,128]{1,0:T(8,128)S(1)}, pred[12",8.084,0,0
%fusion.1454,"(f32[128,128]{1,0:T(8,128)S(1)}, f32[128",0.859,0,0
%and_or_fusion.22,"(pred[128,128]{1,0:T(8,128)(4,1)S(1)}, p",0.049,0,0
%add_select_fusion.225,"(f32[128,128]{1,0:T(8,128)S(1)}, f32[128",0.487,0,0
%add_select_fusion.237,"(f32[128,128]{1,0:T(8,128)S(1)}, f32[128",0.486,0,0
%fusion.1499,"(f32[128,128]{1,0:T(8,128)S(1)}, f32[128",7.039,0,0
%fusion.1491,"f32[128,128]{1,0:T(8,128)S(1)} fusion(f3",1.499,0,0
%fusion.1505,"f32[128,512]{1,0:T(8,128)S(1)} fusion(f3",0.194,0,0
%custom-call.1,f32[65536]{0:T(1024)S(1)} custom-call(c6,0.698,0,0
%reshape.12,"f32[128,512]{1,0:T(8,128)S(1)} reshape(f",0.087,0,0
%convolution_subtract_fusion,"f32[128,512]{1,0:T(8,128)S(1)} fusion(f3",0.207,0,0
%is-finite_and_fusion.53,"(pred[128,512,1]{1,0,2:T(32,128)(4,1)S(1",6.226,0,0
%fusion.1753,"(pred[128,512,1]{1,0,2:T(32,128)(4,1)S(1",8.126,0,0
%fusion.931,"(f32[128,512,1]{1,0,2:T(8,128)S(1)}, f32",9.69,0,0
%add_select_fusion.181,"(f32[128,512,1]{1,0,2:T(8,128)S(1)}, f32",4.796,0,0
%fusion.967,"(f32[128,512,1]{1,0,2:T(8,128)S(1)}, f32",20.383,0,0
%fusion.968,"f32[128,512,1]{1,0,2:T(8,128)S(1)} fusio",0.12,0,0
%fusion.367,"f32[512,128]{1,0:T(8,128)S(1)} fusion(f3",0.473,0,0
%fusion.960,f32[65536]{0:T(1024)S(1)} fusion(f32[512,0.476,0,0
%fusion.963,f32[65536]{0:T(1024)S(1)} fusion(f32[512,0.476,0,0
%custom-call.2,c64[65536]{0:T(1024)} custom-call(f32[65,1.149,0,0
%iota_and_fusion,"u32[512]{0:T(512)S(1)} fusion(), kind=kL",0.005,0,0
%iota_shift-right-logical_fusion,"u32[512]{0:T(512)S(1)} fusion(), kind=kL",0.005,0,0
%add_select_fusion.76,"(f32[512,512]{1,0:T(8,128)S(1)}, pred[51",119.836,0,0
%fusion.316,"(f32[512,512]{1,0:T(8,128)S(1)}, f32[512",12.916,0,0
%and_or_fusion.4,"(pred[512,512]{1,0:T(8,128)(4,1)S(1)}, p",0.691,0,0
%add_select_fusion.31,"(f32[512,512]{1,0:T(8,128)S(1)}, f32[512",7.438,0,0
%add_select_fusion.43,"(f32[512,512]{1,0:T(8,128)S(1)}, f32[512",7.436,0,0
%fusion.361,"(f32[512,512]{1,0:T(8,128)S(1)}, f32[512",110.702,0,0
%fusion.353,"f32[512,512]{1,0:T(8,128)S(1)} fusion(f3",21.774,0,0
%custom-call,f32[65536]{0:T(1024)S(1)} custom-call(c6,0.96,0,0
%reshape.4,"f32[128,512]{1,0:T(8,128)S(1)} reshape(f",0.086,0,0
%iota_and_fusion.1,"u32[128]{0:T(128)S(1)} fusion(), kind=kL",0.005,0,0
%iota_shift-right-logical_fusion.1,"u32[128]{0:T(128)S(1)} fusion(), kind=kL",0.004,0,0
%add_select_fusion.270,"(f32[128,128]{1,0:T(8,128)S(1)}, pred[12",8.377,0,0
%fusion.1454,"(f32[128,128]{1,0:T(8,128)S(1)}, f32[128",0.859,0,0
%and_or_fusion.22,"(pred[128,128]{1,0:T(8,128)(4,1)S(1)}, p",0.05,0,0
%add_select_fusion.225,"(f32[128,128]{1,0:T(8,128)S(1)}, f32[128",0.486,0,0
%add_select_fusion.237,"(f32[128,128]{1,0:T(8,128)S(1)}, f32[128",0.487,0,0
%fusion.1499,"(f32[128,128]{1,0:T(8,128)S(1)}, f32[128",7.039,0,0
%fusion.1491,"f32[128,128]{1,0:T(8,128)S(1)} fusion(f3",1.498,0,0
%fusion.1505,"f32[128,512]{1,0:T(8,128)S(1)} fusion(f3",0.194,0,0
%custom-call.1,f32[65536]{0:T(1024)S(1)} custom-call(c6,0.69,0,0
%reshape.12,"f32[128,512]{1,0:T(8,128)S(1)} reshape(f",0.086,0,0
%convolution_subtract_fusion,"f32[128,512]{1,0:T(8,128)S(1)} fusion(f3",0.208,0,0
%is-finite_and_fusion.53,"(pred[128,512,1]{1,0,2:T(32,128)(4,1)S(1",6.227,0,0
%fusion.1753,"(pred[128,512,1]{1,0,2:T(32,128)(4,1)S(1",8.086,0,0
%fusion.931,"(f32[128,512,1]{1,0,2:T(8,128)S(1)}, f32",9.691,0,0
%add_select_fusion.181,"(f32[128,512,1]{1,0,2:T(8,128)S(1)}, f32",4.605,0,0
%fusion.967,"(f32[128,512,1]{1,0,2:T(8,128)S(1)}, f32",20.464,0,0
%fusion.968,"f32[128,512,1]{1,0,2:T(8,128)S(1)} fusio",0.12,0,0
%fusion.367,"f32[512,128]{1,0:T(8,128)S(1)} fusion(f3",0.474,0,0
%fusion.960,f32[65536]{0:T(1024)S(1)} fusion(f32[512,0.477,0,0
%fusion.963,f32[65536]{0:T(1024)S(1)} fusion(f32[512,0.477,0,0
%custom-call.2,c64[65536]{0:T(1024)} custom-call(f32[65,1.154,0,0
%iota_and_fusion,"u32[512]{0:T(512)S(1)} fusion(), kind=kL",0.004,0,0
%iota_shift-right-logical_fusion,"u32[512]{0:T(512)S(1)} fusion(), kind=kL",0.005,0,0
%add_select_fusion.76,"(f32[512,512]{1,0:T(8,128)S(1)}, pred[51",119.836,0,0
%fusion.316,"(f32[512,512]{1,0:T(8,128)S(1)}, f32[512",12.916,0,0
%and_or_fusion.4,"(pred[512,512]{1,0:T(8,128)(4,1)S(1)}, p",0.691,0,0
%add_select_fusion.31,"(f32[512,512]{1,0:T(8,128)S(1)}, f32[512",7.438,0,0
%add_select_fusion.43,"(f32[512,512]{1,0:T(8,128)S(1)}, f32[512",7.436,0,0
%fusion.361,"(f32[512,512]{1,0:T(8,128)S(1)}, f32[512",110.701,0,0
%fusion.353,"f32[512,512]{1,0:T(8,128)S(1)} fusion(f3",21.774,0,0
%custom-call,f32[65536]{0:T(1024)S(1)} custom-call(c6,0.703,0,0
%reshape.4,"f32[128,512]{1,0:T(8,128)S(1)} reshape(f",0.087,0,0
%iota_and_fusion.1,"u32[128]{0:T(128)S(1)} fusion(), kind=kL",0.005,0,0
%iota_shift-right-logical_fusion.1,"u32[128]{0:T(128)S(1)} fusion(), kind=kL",0.005,0,0
%add_select_fusion.270,"(f32[128,128]{1,0:T(8,128)S(1)}, pred[12",8.124,0,0
%fusion.1454,"(f32[128,128]{1,0:T(8,128)S(1)}, f32[128",0.859,0,0
%and_or_fusion.22,"(pred[128,128]{1,0:T(8,128)(4,1)S(1)}, p",0.05,0,0
%add_select_fusion.225,"(f32[128,128]{1,0:T(8,128)S(1)}, f32[128",0.486,0,0
%add_select_fusion.237,"(f32[128,128]{1,0:T(8,128)S(1)}, f32[128",0.486,0,0
%fusion.1499,"(f32[128,128]{1,0:T(8,128)S(1)}, f32[128",7.039,0,0
%fusion.1491,"f32[128,128]{1,0:T(8,128)S(1)} fusion(f3",1.498,0,0
%fusion.1505,"f32[128,512]{1,0:T(8,128)S(1)} fusion(f3",0.194,0,0
%custom-call.1,f32[65536]{0:T(1024)S(1)} custom-call(c6,0.695,0,0
%reshape.12,"f32[128,512]{1,0:T(8,128)S(1)} reshape(f",0.086,0,0
%convolution_subtract_fusion,"f32[128,512]{1,0:T(8,128)S(1)} fusion(f3",0.208,0,0
%is-finite_and_fusion.53,"(pred[128,512,1]{1,0,2:T(32,128)(4,1)S(1",6.227,0,0
%fusion.1753,"(pred[128,512,1]{1,0,2:T(32,128)(4,1)S(1",8.318,0,0
%fusion.931,"(f32[128,512,1]{1,0,2:T(8,128)S(1)}, f32",9.691,0,0
%add_select_fusion.181,"(f32[128,512,1]{1,0,2:T(8,128)S(1)}, f32",4.566,0,0
%fusion.967,"(f32[128,512,1]{1,0,2:T(8,128)S(1)}, f32",20.424,0,0
%fusion.968,"f32[128,512,1]{1,0,2:T(8,128)S(1)} fusio",0.12,0,0
%fusion.367,"f32[512,128]{1,0:T(8,128)S(1)} fusion(f3",0.474,0,0
%fusion.960,f32[65536]{0:T(1024)S(1)} fusion(f32[512,0.476,0,0
%fusion.963,f32[65536]{0:T(1024)S(1)} fusion(f32[512,0.476,0,0
%custom-call.2,c64[65536]{0:T(1024)} custom-call(f32[65,1.154,0,0
%iota_and_fusion,"u32[512]{0:T(512)S(1)} fusion(), kind=kL",0.006,0,0
%iota_shift-right-logical_fusion,"u32[512]{0:T(512)S(1)} fusion(), kind=kL",0.005,0,0
%add_select_fusion.76,"(f32[512,512]{1,0:T(8,128)S(1)}, pred[51",119.836,0,0
%fusion.316,"(f32[512,512]{1,0:T(8,128)S(1)}, f32[512",12.916,0,0
%and_or_fusion.4,"(pred[512,512]{1,0:T(8,128)(4,1)S(1)}, p",0.691,0,0
%add_select_fusion.31,"(f32[512,512]{1,0:T(8,128)S(1)}, f32[512",7.438,0,0
%add_select_fusion.43,"(f32[512,512]{1,0:T(8,128)S(1)}, f32[512",7.438,0,0
%fusion.361,"(f32[512,512]{1,0:T(8,128)S(1)}, f32[512",110.701,0,0
%fusion.353,"f32[512,512]{1,0:T(8,128)S(1)} fusion(f3",21.775,0,0
%custom-call,f32[65536]{0:T(1024)S(1)} custom-call(c6,0.71,0,0
%reshape.4,"f32[128,512]{1,0:T(8,128)S(1)} reshape(f",0.087,0,0
%iota_and_fusion.1,"u32[128]{0:T(128)S(1)} fusion(), kind=kL",0.005,0,0
%iota_shift-right-logical_fusion.1,"u32[128]{0:T(128)S(1)} fusion(), kind=kL",0.005,0,0
%add_select_fusion.270,"(f32[128,128]{1,0:T(8,128)S(1)}, pred[12",8.084,0,0
%fusion.1454,"(f32[128,128]{1,0:T(8,128)S(1)}, f32[128",0.859,0,0
%and_or_fusion.22,"(pred[128,128]{1,0:T(8,128)(4,1)S(1)}, p",0.049,0,0
%add_select_fusion.225,"(f32[128,128]{1,0:T(8,128)S(1)}, f32[128",0.486,0,0
%add_select_fusion.237,"(f32[128,128]{1,0:T(8,128)S(1)}, f32[128",0.486,0,0
%fusion.1499,"(f32[128,128]{1,0:T(8,128)S(1)}, f32[128",7.039,0,0
%fusion.1491,"f32[128,128]{1,0:T(8,128)S(1)} fusion(f3",1.498,0,0
%fusion.1505,"f32[128,512]{1,0:T(8,128)S(1)} fusion(f3",0.194,0,0
%custom-call.1,f32[65536]{0:T(1024)S(1)} custom-call(c6,0.694,0,0
%reshape.12,"f32[128,512]{1,0:T(8,128)S(1)} reshape(f",0.086,0,0
%convolution_subtract_fusion,"f32[128,512]{1,0:T(8,128)S(1)} fusion(f3",0.207,0,0
%is-finite_and_fusion.53,"(pred[128,512,1]{1,0,2:T(32,128)(4,1)S(1",6.228,0,0
%fusion.1753,"(pred[128,512,1]{1,0,2:T(32,128)(4,1)S(1",8.126,0,0
%fusion.931,"(f32[128,512,1]{1,0,2:T(8,128)S(1)}, f32",9.691,0,0
%add_select_fusion.181,"(f32[128,512,1]{1,0,2:T(8,128)S(1)}, f32",4.797,0,0
%fusion.967,"(f32[128,512,1]{1,0,2:T(8,128)S(1)}, f32",20.384,0,0
%fusion.968,"f32[128,512,1]{1,0,2:T(8,128)S(1)} fusio",0.12,0,0
%fusion.367,"f32[512,128]{1,0:T(8,128)S(1)} fusion(f3",0.473,0,0
%fusion.960,f32[65536]{0:T(1024)S(1)} fusion(f32[512,0.476,0,0
%fusion.963,f32[65536]{0:T(1024)S(1)} fusion(f32[512,0.476,0,0
%custom-call.2,c64[65536]{0:T(1024)} custom-call(f32[65,1.15,0,0
%iota.1,"f32[131072]{0:T(1024)} iota(), iota_dime",1.075,0,0
%broadcast_add_fusion,f32[131072]{0:T(1024)} fusion(f32[131072,2.067,0,0
%broadcast,f32[131072]{0:T(1024)S(1)} broadcast(f32,0.089,0,0
%custom-call,c64[131072]{0:T(1024)} custom-call(f32[1,4.066,0,0
%iota_and_fusion.1,"u32[128]{0:T(128)S(1)} fusion(), kind=kL",0.004,0,0
%iota_shift-right-logical_fusion.1,"u32[128]{0:T(128)S(1)} fusion(), kind=kL",0.005,0,0
%add_select_fusion.173,"(f32[128,128]{1,0:T(8,128)S(1)}, pred[12",7.903,0,0
%fusion.874,"(f32[128,128]{1,0:T(8,128)S(1)}, f32[128",0.858,0,0
%add_select_fusion.140,"(f32[128,128]{1,0:T(8,128)S(1)}, f32[128",0.485,0,0
%add_select_fusion.128,"(f32[128,128]{1,0:T(8,128)S(1)}, f32[128",0.485,0,0
%and_or_fusion.13,"(pred[128,128]{1,0:T(8,128)(4,1)S(1)}, p",0.051,0,0
%fusion.919,"(f32[128,128]{1,0:T(8,128)S(1)}, f32[128",7.039,0,0
%fusion.911,"f32[128,128]{1,0:T(8,128)S(1)} fusion(f3",1.498,0,0
%custom-call,f32[131072]{0:T(1024)S(1)} custom-call(c,1.045,0,0
%reshape.6,"f32[128,1024]{1,0:T(8,128)S(1)} reshape(",0.171,0,0
%fusion.1144,"f32[128,1024]{1,0:T(8,128)S(1)} fusion(f",0.281,0,0
%custom-call.1,f32[131072]{0:T(1024)S(1)} custom-call(c,1.24,0,0
%reshape.14,"f32[128,1024]{1,0:T(8,128)S(1)} reshape(",0.172,0,0
%convolution_subtract_fusion.1,"f32[128,1024]{1,0:T(8,128)S(1)} fusion(f",0.294,0,0
%convolution_add_fusion.1,"f32[128,1024]{1,0:T(8,128)S(1)} fusion(f",0.294,0,0
%iota_and_fusion,"u32[1024]{0:T(1024)S(1)} fusion(), kind=",0.005,0,0
%iota_shift-right-logical_fusion,"u32[1024]{0:T(1024)S(1)} fusion(), kind=",0.004,0,0
%is-finite_and_fusion.22,"(pred[128,1024,1]{1,0,2:T(8,128)(4,1)S(1",12.533,0,0
%fusion.2326,"(pred[128,1024,1]{1,0,2:T(8,128)(4,1)S(1",15.744,0,0
%fusion.335,"(f32[128,1024,1]{1,0,2:T(8,128)S(1)}, f3",19.24,0,0
%add_select_fusion.84,"(f32[128,1024,1]{1,0,2:T(8,128)S(1)}, f3",8.741,0,0
%fusion.377,"(f32[1024,128,1]{0,1,2:T(8,128)S(1)}, f3",74.265,0,0
%fusion.379,"f32[1024,128,1]{0,1,2:T(8,128)S(1)} fusi",0.211,0,0
%copy.5,"f32[1024,128,1]{1,0,2:T(8,128)S(1)} copy",0.364,0,0
%copy.7,"f32[1024,128,1]{1,0,2:T(8,128)S(1)} copy",0.362,0,0
%bitcast_add_fusion.6,"(bf16[128,8,128]{2,1,0:T(8,128)(2,1)S(1)",0.174,0,0
%fusion.386,"f32[128,8,128]{2,0,1:T(8,128)S(1)} fusio",0.304,0,0
%convolution_add_fusion,"f32[128,8,128]{2,0,1:T(8,128)S(1)} fusio",0.281,0,0
%iota_and_fusion.2,"u32[8]{0:T(128)S(1)} fusion(), kind=kLoo",0.006,0,0
%iota_shift-right-logical_fusion.2,"u32[8]{0:T(128)S(1)} fusion(), kind=kLoo",0.005,0,0
%is-finite_and_fusion.84,"(pred[8,128]{1,0:T(8,128)(4,1)S(1)}, f32",0.404,0,0
%fusion.1873,"(f32[8,128]{1,0:T(8,128)S(1)}, pred[8,12",0.679,0,0
%fusion.1881,"f32[8,128]{1,0:T(8,128)S(1)} fusion(f32[",0.385,0,0
%fusion.375,"(f32[1,8,128,128]{3,2,1,0:T(8,128)S(1)},",1.638,0,0
%add_select_fusion.353,"(f32[8,8]{1,0:T(8,128)S(1)}, pred[8,8]{1",0.525,0,0
%add_select_fusion.375,"(f32[8,8]{1,0:T(8,128)S(1)}, f32[8,8]{1,",0.18,0,0
%subtract_select_fusion.43,"f32[8,8]{1,0:T(8,128)S(1)} fusion(pred[8",0.037,0,0
%subtract_select_fusion.48,"f32[8,8]{1,0:T(8,128)S(1)} fusion(pred[8",0.02,0,0
%subtract_select_fusion.51,"f32[8,8]{1,0:T(8,128)S(1)} fusion(pred[8",0.022,0,0
%and_or_fusion.31,"(pred[8,8]{1,0:T(8,128)(4,1)S(1)}, pred[",0.011,0,0
%fusion.370,"f32[8,16384]{1,0:T(8,128)S(1)} fusion(f3",0.82,0,0
%fusion.367,"f32[1,128,8,128]{3,2,1,0:T(8,128)S(1)} f",1.16,0,0
%copy.13,"f32[1,128,8,128]{3,1,2,0:T(8,128)S(1)} c",0.129,0,0
%fusion.364,"f32[1,128,8,128]{3,2,1,0:T(8,128)S(1)} f",1.165,0,0
%copy.12,"f32[1,128,8,128]{3,1,2,0:T(8,128)S(1)} c",0.13,0,0
%custom-call.2,c64[131072]{0:T(1024)} custom-call(f32[1,1.839,0,0
%iota_and_fusion.1,"u32[128]{0:T(128)S(1)} fusion(), kind=kL",0.004,0,0
%iota_shift-right-logical_fusion.1,"u32[128]{0:T(128)S(1)} fusion(), kind=kL",0.006,0,0
%add_select_fusion.173,"(f32[128,128]{1,0:T(8,128)S(1)}, pred[12",7.904,0,0
%fusion.874,"(f32[128,128]{1,0:T(8,128)S(1)}, f32[128",0.86,0,0
%add_select_fusion.140,"(f32[128,128]{1,0:T(8,128)S(1)}, f32[128",0.485,0,0
%add_select_fusion.128,"(f32[128,128]{1,0:T(8,128)S(1)}, f32[128",0.485,0,0
%and_or_fusion.13,"(pred[128,128]{1,0:T(8,128)(4,1)S(1)}, p",0.051,0,0
%fusion.919,"(f32[128,128]{1,0:T(8,128)S(1)}, f32[128",7.04,0,0
%fusion.911,"f32[128,128]{1,0:T(8,128)S(1)} fusion(f3",1.498,0,0
%custom-call,f32[131072]{0:T(1024)S(1)} custom-call(c,1.046,0,0
%reshape.6,"f32[128,1024]{1,0:T(8,128)S(1)} reshape(",0.172,0,0
%fusion.1144,"f32[128,1024]{1,0:T(8,128)S(1)} fusion(f",0.282,0,0
%custom-call.1,f32[131072]{0:T(1024)S(1)} custom-call(c,1.044,0,0
%reshape.14,"f32[128,1024]{1,0:T(8,128)S(1)} reshape(",0.171,0,0
%convolution_subtract_fusion.1,"f32[128,1024]{1,0:T(8,128)S(1)} fusion(f",0.293,0,0
%convolution_add_fusion.1,"f32[128,1024]{1,0:T(8,128)S(1)} fusion(f",0.293,0,0
%iota_and_fusion,"u32[1024]{0:T(1024)S(1)} fusion(), kind=",0.005,0,0
%iota_shift-right-logical_fusion,"u32[1024]{0:T(1024)S(1)} fusion(), kind=",0.005,0,0
%is-finite_and_fusion.22,"(pred[128,1024,1]{1,0,2:T(8,128)(4,1)S(1",20.959,0,0
%fusion.2326,"(pred[128,1024,1]{1,0,2:T(8,128)(4,1)S(1",15.745,0,0
%fusion.335,"(f32[128,1024,1]{1,0,2:T(8,128)S(1)}, f3",19.249,0,0
%add_select_fusion.84,"(f32[128,1024,1]{1,0,2:T(8,128)S(1)}, f3",8.742,0,0
%fusion.377,"(f32[1024,128,1]{0,1,2:T(8,128)S(1)}, f3",74.265,0,0
%fusion.379,"f32[1024,128,1]{0,1,2:T(8,128)S(1)} fusi",0.211,0,0
%copy.5,"f32[1024,128,1]{1,0,2:T(8,128)S(1)} copy",0.364,0,0
%copy.7,"f32[1024,128,1]{1,0,2:T(8,128)S(1)} copy",0.362,0,0
%bitcast_add_fusion.6,"(bf16[128,8,128]{2,1,0:T(8,128)(2,1)S(1)",0.175,0,0
%fusion.386,"f32[128,8,128]{2,0,1:T(8,128)S(1)} fusio",0.305,0,0
%convolution_add_fusion,"f32[128,8,128]{2,0,1:T(8,128)S(1)} fusio",0.281,0,0
%iota_and_fusion.2,"u32[8]{0:T(128)S(1)} fusion(), kind=kLoo",0.005,0,0
%iota_shift-right-logical_fusion.2,"u32[8]{0:T(128)S(1)} fusion(), kind=kLoo",0.005,0,0
%is-finite_and_fusion.84,"(pred[8,128]{1,0:T(8,128)(4,1)S(1)}, f32",0.405,0,0
%fusion.1873,"(f32[8,128]{1,0:T(8,128)S(1)}, pred[8,12",0.68,0,0
%fusion.1881,"f32[8,128]{1,0:T(8,128)S(1)} fusion(f32[",0.386,0,0
%fusion.375,"(f32[1,8,128,128]{3,2,1,0:T(8,128)S(1)},",1.639,0,0
%add_select_fusion.353,"(f32[8,8]{1,0:T(8,128)S(1)}, pred[8,8]{1",0.524,0,0
%add_select_fusion.375,"(f32[8,8]{1,0:T(8,128)S(1)}, f32[8,8]{1,",0.18,0,0
%subtract_select_fusion.43,"f32[8,8]{1,0:T(8,128)S(1)} fusion(pred[8",0.037,0,0
%subtract_select_fusion.48,"f32[8,8]{1,0:T(8,128)S(1)} fusion(pred[8",0.02,0,0
%subtract_select_fusion.51,"f32[8,8]{1,0:T(8,128)S(1)} fusion(pred[8",0.022,0,0
%and_or_fusion.31,"(pred[8,8]{1,0:T(8,128)(4,1)S(1)}, pred[",0.011,0,0
%fusion.370,"f32[8,16384]{1,0:T(8,128)S(1)} fusion(f3",0.82,0,0
%fusion.367,"f32[1,128,8,128]{3,2,1,0:T(8,128)S(1)} f",1.16,0,0
%copy.13,"f32[1,128,8,128]{3,1,2,0:T(8,128)S(1)} c",0.131,0,0
%fusion.364,"f32[1,128,8,128]{3,2,1,0:T(8,128)S(1)} f",1.165,0,0
%copy.12,"f32[1,128,8,128]{3,1,2,0:T(8,128)S(1)} c",0.13,0,0
%custom-call.2,c64[131072]{0:T(1024)} custom-call(f32[1,1.841,0,0
%iota_and_fusion.1,"u32[128]{0:T(128)S(1)} fusion(), kind=kL",0.004,0,0
%iota_shift-right-logical_fusion.1,"u32[128]{0:T(128)S(1)} fusion(), kind=kL",0.005,0,0
%add_select_fusion.173,"(f32[128,128]{1,0:T(8,128)S(1)}, pred[12",7.902,0,0
%fusion.874,"(f32[128,128]{1,0:T(8,128)S(1)}, f32[128",0.858,0,0
%add_select_fusion.140,"(f32[128,128]{1,0:T(8,128)S(1)}, f32[128",0.485,0,0
%add_select_fusion.128,"(f32[128,128]{1,0:T(8,128)S(1)}, f32[128",0.486,0,0
%and_or_fusion.13,"(pred[128,128]{1,0:T(8,128)(4,1)S(1)}, p",0.051,0,0
%fusion.919,"(f32[128,128]{1,0:T(8,128)S(1)}, f32[128",7.039,0,0
%fusion.911,"f32[128,128]{1,0:T(8,128)S(1)} fusion(f3",1.499,0,0
%custom-call,f32[131072]{0:T(1024)S(1)} custom-call(c,1.23,0,0
%reshape.6,"f32[128,1024]{1,0:T(8,128)S(1)} reshape(",0.171,0,0
%fusion.1144,"f32[128,1024]{1,0:T(8,128)S(1)} fusion(f",0.281,0,0
%custom-call.1,f32[131072]{0:T(1024)S(1)} custom-call(c,1.067,0,0
%reshape.14,"f32[128,1024]{1,0:T(8,128)S(1)} reshape(",0.172,0,0
%convolution_subtract_fusion.1,"f32[128,1024]{1,0:T(8,128)S(1)} fusion(f",0.295,0,0
%convolution_add_fusion.1,"f32[128,1024]{1,0:T(8,128)S(1)} fusion(f",0.294,0,0
%iota_and_fusion,"u32[1024]{0:T(1024)S(1)} fusion(), kind=",0.004,0,0
%iota_shift-right-logical_fusion,"u32[1024]{0:T(1024)S(1)} fusion(), kind=",0.005,0,0
%is-finite_and_fusion.22,"(pred[128,1024,1]{1,0,2:T(8,128)(4,1)S(1",12.531,0,0
%fusion.2326,"(pred[128,1024,1]{1,0,2:T(8,128)(4,1)S(1",15.744,0,0
%fusion.335,"(f32[128,1024,1]{1,0,2:T(8,128)S(1)}, f3",19.24,0,0
%add_select_fusion.84,"(f32[128,1024,1]{1,0,2:T(8,128)S(1)}, f3",8.742,0,0
%fusion.377,"(f32[1024,128,1]{0,1,2:T(8,128)S(1)}, f3",74.265,0,0
%fusion.379,"f32[1024,128,1]{0,1,2:T(8,128)S(1)} fusi",0.211,0,0
%copy.5,"f32[1024,128,1]{1,0,2:T(8,128)S(1)} copy",0.364,0,0
%copy.7,"f32[1024,128,1]{1,0,2:T(8,128)S(1)} copy",0.362,0,0
%bitcast_add_fusion.6,"(bf16[128,8,128]{2,1,0:T(8,128)(2,1)S(1)",0.175,0,0
%fusion.386,"f32[128,8,128]{2,0,1:T(8,128)S(1)} fusio",0.304,0,0
%convolution_add_fusion,"f32[128,8,128]{2,0,1:T(8,128)S(1)} fusio",0.281,0,0
%iota_and_fusion.2,"u32[8]{0:T(128)S(1)} fusion(), kind=kLoo",0.005,0,0
%iota_shift-right-logical_fusion.2,"u32[8]{0:T(128)S(1)} fusion(), kind=kLoo",0.004,0,0
%is-finite_and_fusion.84,"(pred[8,128]{1,0:T(8,128)(4,1)S(1)}, f32",0.405,0,0
%fusion.1873,"(f32[8,128]{1,0:T(8,128)S(1)}, pred[8,12",0.68,0,0
%fusion.1881,"f32[8,128]{1,0:T(8,128)S(1)} fusion(f32[",0.386,0,0
%fusion.375,"(f32[1,8,128,128]{3,2,1,0:T(8,128)S(1)},",1.639,0,0
%add_select_fusion.353,"(f32[8,8]{1,0:T(8,128)S(1)}, pred[8,8]{1",0.525,0,0
%add_select_fusion.375,"(f32[8,8]{1,0:T(8,128)S(1)}, f32[8,8]{1,",0.18,0,0
%subtract_select_fusion.43,"f32[8,8]{1,0:T(8,128)S(1)} fusion(pred[8",0.037,0,0
%subtract_select_fusion.48,"f32[8,8]{1,0:T(8,128)S(1)} fusion(pred[8",0.02,0,0
%subtract_select_fusion.51,"f32[8,8]{1,0:T(8,128)S(1)} fusion(pred[8",0.022,0,0
%and_or_fusion.31,"(pred[8,8]{1,0:T(8,128)(4,1)S(1)}, pred[",0.011,0,0
%fusion.370,"f32[8,16384]{1,0:T(8,128)S(1)} fusion(f3",0.82,0,0
%fusion.367,"f32[1,128,8,128]{3,2,1,0:T(8,128)S(1)} f",1.159,0,0
%copy.13,"f32[1,128,8,128]{3,1,2,0:T(8,128)S(1)} c",0.13,0,0
%fusion.364,"f32[1,128,8,128]{3,2,1,0:T(8,128)S(1)} f",1.165,0,0
%copy.12,"f32[1,128,8,128]{3,1,2,0:T(8,128)S(1)} c",0.131,0,0
%custom-call.2,c64[131072]{0:T(1024)} custom-call(f32[1,1.839,0,0
%iota_and_fusion.1,"u32[128]{0:T(128)S(1)} fusion(), kind=kL",0.005,0,0
%iota_shift-right-logical_fusion.1,"u32[128]{0:T(128)S(1)} fusion(), kind=kL",0.004,0,0
%add_select_fusion.173,"(f32[128,128]{1,0:T(8,128)S(1)}, pred[12",7.903,0,0
%fusion.874,"(f32[128,128]{1,0:T(8,128)S(1)}, f32[128",0.858,0,0
%add_select_fusion.140,"(f32[128,128]{1,0:T(8,128)S(1)}, f32[128",0.485,0,0
%add_select_fusion.128,"(f32[128,128]{1,0:T(8,128)S(1)}, f32[128",0.486,0,0
%and_or_fusion.13,"(pred[128,128]{1,0:T(8,128)(4,1)S(1)}, p",0.051,0,0
%fusion.919,"(f32[128,128]{1,0:T(8,128)S(1)}, f32[128",7.039,0,0
%fusion.911,"f32[128,128]{1,0:T(8,128)S(1)} fusion(f3",1.499,0,0
%custom-call,f32[131072]{0:T(1024)S(1)} custom-call(c,1.045,0,0
%reshape.6,"f32[128,1024]{1,0:T(8,128)S(1)} reshape(",0.172,0,0
%fusion.1144,"f32[128,1024]{1,0:T(8,128)S(1)} fusion(f",0.282,0,0
%custom-call.1,f32[131072]{0:T(1024)S(1)} custom-call(c,1.064,0,0
%reshape.14,"f32[128,1024]{1,0:T(8,128)S(1)} reshape(",0.172,0,0
%convolution_subtract_fusion.1,"f32[128,1024]{1,0:T(8,128)S(1)} fusion(f",0.293,0,0
%convolution_add_fusion.1,"f32[128,1024]{1,0:T(8,128)S(1)} fusion(f",0.294,0,0
%iota_and_fusion,"u32[1024]{0:T(1024)S(1)} fusion(), kind=",0.006,0,0
%iota_shift-right-logical_fusion,"u32[1024]{0:T(1024)S(1)} fusion(), kind=",0.004,0,0
%is-finite_and_fusion.22,"(pred[128,1024,1]{1,0,2:T(8,128)(4,1)S(1",20.996,0,0
%fusion.2326,"(pred[128,1024,1]{1,0,2:T(8,128)(4,1)S(1",15.744,0,0
%fusion.335,"(f32[128,1024,1]{1,0,2:T(8,128)S(1)}, f3",19.248,0,0
%add_select_fusion.84,"(f32[128,1024,1]{1,0,2:T(8,128)S(1)}, f3",8.742,0,0
%fusion.377,"(f32[1024,128,1]{0,1,2:T(8,128)S(1)}, f3",74.266,0,0
%fusion.379,"f32[1024,128,1]{0,1,2:T(8,128)S(1)} fusi",0.211,0,0
%copy.5,"f32[1024,128,1]{1,0,2:T(8,128)S(1)} copy",0.364,0,0
%copy.7,"f32[1024,128,1]{1,0,2:T(8,128)S(1)} copy",0.362,0,0
%bitcast_add_fusion.6,"(bf16[128,8,128]{2,1,0:T(8,128)(2,1)S(1)",0.175,0,0
%fusion.386,"f32[128,8,128]{2,0,1:T(8,128)S(1)} fusio",0.305,0,0
%convolution_add_fusion,"f32[128,8,128]{2,0,1:T(8,128)S(1)} fusio",0.282,0,0
%iota_and_fusion.2,"u32[8]{0:T(128)S(1)} fusion(), kind=kLoo",0.004,0,0
%iota_shift-right-logical_fusion.2,"u32[8]{0:T(128)S(1)} fusion(), kind=kLoo",0.006,0,0
%is-finite_and_fusion.84,"(pred[8,128]{1,0:T(8,128)(4,1)S(1)}, f32",0.405,0,0
%fusion.1873,"(f32[8,128]{1,0:T(8,128)S(1)}, pred[8,12",0.68,0,0
%fusion.1881,"f32[8,128]{1,0:T(8,128)S(1)} fusion(f32[",0.385,0,0
%fusion.375,"(f32[1,8,128,128]{3,2,1,0:T(8,128)S(1)},",1.637,0,0
%add_select_fusion.353,"(f32[8,8]{1,0:T(8,128)S(1)}, pred[8,8]{1",0.524,0,0
%add_select_fusion.375,"(f32[8,8]{1,0:T(8,128)S(1)}, f32[8,8]{1,",0.18,0,0
%subtract_select_fusion.43,"f32[8,8]{1,0:T(8,128)S(1)} fusion(pred[8",0.037,0,0
%subtract_select_fusion.48,"f32[8,8]{1,0:T(8,128)S(1)} fusion(pred[8",0.02,0,0
%subtract_select_fusion.51,"f32[8,8]{1,0:T(8,128)S(1)} fusion(pred[8",0.023,0,0
%and_or_fusion.31,"(pred[8,8]{1,0:T(8,128)(4,1)S(1)}, pred[",0.011,0,0
%fusion.370,"f32[8,16384]{1,0:T(8,128)S(1)} fusion(f3",0.82,0,0
%fusion.367,"f32[1,128,8,128]{3,2,1,0:T(8,128)S(1)} f",1.16,0,0
%copy.13,"f32[1,128,8,128]{3,1,2,0:T(8,128)S(1)} c",0.129,0,0
%fusion.364,"f32[1,128,8,128]{3,2,1,0:T(8,128)S(1)} f",1.164,0,0
%copy.12,"f32[1,128,8,128]{3,1,2,0:T(8,128)S(1)} c",0.13,0,0
%custom-call.2,c64[131072]{0:T(1024)} custom-call(f32[1,1.837,0,0
%iota_and_fusion.1,"u32[128]{0:T(128)S(1)} fusion(), kind=kL",0.004,0,0
%iota_shift-right-logical_fusion.1,"u32[128]{0:T(128)S(1)} fusion(), kind=kL",0.005,0,0
%add_select_fusion.173,"(f32[128,128]{1,0:T(8,128)S(1)}, pred[12",7.902,0,0
%fusion.874,"(f32[128,128]{1,0:T(8,128)S(1)}, f32[128",0.859,0,0
%add_select_fusion.140,"(f32[128,128]{1,0:T(8,128)S(1)}, f32[128",0.486,0,0
%add_select_fusion.128,"(f32[128,128]{1,0:T(8,128)S(1)}, f32[128",0.485,0,0
%and_or_fusion.13,"(pred[128,128]{1,0:T(8,128)(4,1)S(1)}, p",0.05,0,0
%fusion.919,"(f32[128,128]{1,0:T(8,128)S(1)}, f32[128",7.04,0,0
%fusion.911,"f32[128,128]{1,0:T(8,128)S(1)} fusion(f3",1.499,0,0
%custom-call,f32[131072]{0:T(1024)S(1)} custom-call(c,1.05,0,0
%reshape.6,"f32[128,1024]{1,0:T(8,128)S(1)} reshape(",0.171,0,0
%fusion.1144,"f32[128,1024]{1,0:T(8,128)S(1)} fusion(f",0.28,0,0
%custom-call.1,f32[131072]{0:T(1024)S(1)} custom-call(c,1.05,0,0
%reshape.14,"f32[128,1024]{1,0:T(8,128)S(1)} reshape(",0.172,0,0
%convolution_subtract_fusion.1,"f32[128,1024]{1,0:T(8,128)S(1)} fusion(f",0.292,0,0
%convolution_add_fusion.1,"f32[128,1024]{1,0:T(8,128)S(1)} fusion(f",0.294,0,0
%iota_and_fusion,"u32[1024]{0:T(1024)S(1)} fusion(), kind=",0.005,0,0
%iota_shift-right-logical_fusion,"u32[1024]{0:T(1024)S(1)} fusion(), kind=",0.005,0,0
%is-finite_and_fusion.22,"(pred[128,1024,1]{1,0,2:T(8,128)(4,1)S(1",12.531,0,0
%fusion.2326,"(pred[128,1024,1]{1,0,2:T(8,128)(4,1)S(1",15.744,0,0
%fusion.335,"(f32[128,1024,1]{1,0,2:T(8,128)S(1)}, f3",19.24,0,0
%add_select_fusion.84,"(f32[128,1024,1]{1,0,2:T(8,128)S(1)}, f3",8.742,0,0
%fusion.377,"(f32[1024,128,1]{0,1,2:T(8,128)S(1)}, f3",74.265,0,0
%fusion.379,"f32[1024,128,1]{0,1,2:T(8,128)S(1)} fusi",0.211,0,0
%copy.5,"f32[1024,128,1]{1,0,2:T(8,128)S(1)} copy",0.364,0,0
%copy.7,"f32[1024,128,1]{1,0,2:T(8,128)S(1)} copy",0.363,0,0
%bitcast_add_fusion.6,"(bf16[128,8,128]{2,1,0:T(8,128)(2,1)S(1)",0.176,0,0
%fusion.386,"f32[128,8,128]{2,0,1:T(8,128)S(1)} fusio",0.305,0,0
%convolution_add_fusion,"f32[128,8,128]{2,0,1:T(8,128)S(1)} fusio",0.284,0,0
%iota_and_fusion.2,"u32[8]{0:T(128)S(1)} fusion(), kind=kLoo",0.004,0,0
%iota_shift-right-logical_fusion.2,"u32[8]{0:T(128)S(1)} fusion(), kind=kLoo",0.006,0,0
%is-finite_and_fusion.84,"(pred[8,128]{1,0:T(8,128)(4,1)S(1)}, f32",0.405,0,0
%fusion.1873,"(f32[8,128]{1,0:T(8,128)S(1)}, pred[8,12",0.679,0,0
%fusion.1881,"f32[8,128]{1,0:T(8,128)S(1)} fusion(f32[",0.385,0,0
%fusion.375,"(f32[1,8,128,128]{3,2,1,0:T(8,128)S(1)},",1.637,0,0
%add_select_fusion.353,"(f32[8,8]{1,0:T(8,128)S(1)}, pred[8,8]{1",0.524,0,0
%add_select_fusion.375,"(f32[8,8]{1,0:T(8,128)S(1)}, f32[8,8]{1,",0.18,0,0
%subtract_select_fusion.43,"f32[8,8]{1,0:T(8,128)S(1)} fusion(pred[8",0.037,0,0
%subtract_select_fusion.48,"f32[8,8]{1,0:T(8,128)S(1)} fusion(pred[8",0.02,0,0
%subtract_select_fusion.51,"f32[8,8]{1,0:T(8,128)S(1)} fusion(pred[8",0.023,0,0
%and_or_fusion.31,"(pred[8,8]{1,0:T(8,128)(4,1)S(1)}, pred[",0.011,0,0
%fusion.370,"f32[8,16384]{1,0:T(8,128)S(1)} fusion(f3",0.82,0,0
%fusion.367,"f32[1,128,8,128]{3,2,1,0:T(8,128)S(1)} f",1.16,0,0
%copy.13,"f32[1,128,8,128]{3,1,2,0:T(8,128)S(1)} c",0.13,0,0
%fusion.364,"f32[1,128,8,128]{3,2,1,0:T(8,128)S(1)} f",1.165,0,0
%copy.12,"f32[1,128,8,128]{3,1,2,0:T(8,128)S(1)} c",0.129,0,0
%custom-call.2,c64[131072]{0:T(1024)} custom-call(f32[1,1.843,0,0
%iota.1,"f32[131072]{0:T(1024)} iota(), iota_dime",1.074,0,0
%broadcast_add_fusion,f32[131072]{0:T(1024)} fusion(f32[131072,2.307,0,0
%broadcast,f32[131072]{0:T(1024)S(1)} broadcast(f32,0.088,0,0
%custom-call,c64[131072]{0:T(1024)} custom-call(f32[1,4.248,0,0
%iota_and_fusion,"u32[1024]{0:T(1024)S(1)} fusion(), kind=",0.005,0,0
%copy-start,"(u32[1024]{0:T(1024)}, u32[1024]{0:T(102",0.003,0,0
%iota_shift-right-logical_fusion,"u32[1024]{0:T(1024)S(1)} fusion(), kind=",0.005,0,0
%copy-start.2,"(u32[1024]{0:T(1024)}, u32[1024]{0:T(102",0.003,0,0
%add_select_fusion.76,"(f32[1024,1024]{1,0:T(8,128)S(1)}, pred[",554.727,0,0
%copy-done,u32[1024]{0:T(1024)} copy-done((u32[1024,0.003,0,0
%copy-done.2,u32[1024]{0:T(1024)} copy-done((u32[1024,0.004,0,0
%fusion.316,"(f32[1024,1024]{1,0:T(8,128)S(1)}, f32[1",53.549,0,0
%and_or_fusion.4,"(pred[1024,1024]{1,0:T(8,128)(4,1)}, pre",4.549,0,0
%add_select_fusion.31,"(f32[1024,1024]{1,0:T(8,128)S(1)}, f32[1",28.976,0,0
%add_select_fusion.43,"(f32[1024,1024]{1,0:T(8,128)S(1)}, f32[1",29.008,0,0
%fusion.361,"(f32[1024,1024]{1,0:T(8,128)S(1)}, f32[1",648.736,0,0
%fusion.353,"f32[1024,1024]{1,0:T(8,128)S(1)} fusion(",90.271,0,0
%custom-call,f32[131072]{0:T(1024)S(1)} custom-call(c,1.051,0,0
%reshape.4,"f32[128,1024]{1,0:T(8,128)S(1)} reshape(",0.172,0,0
%iota_and_fusion.1,"u32[128]{0:T(128)S(1)} fusion(), kind=kL",0.005,0,0
%iota_shift-right-logical_fusion.1,"u32[128]{0:T(128)S(1)} fusion(), kind=kL",0.005,0,0
%fusion.1757,"(pred[128,128]{1,0:T(8,128)(4,1)S(1)}, f",7.29,0,0
%select_select_fusion.23,"(f32[128,128]{1,0:T(8,128)S(1)}, f32[128",0.985,0,0
%copy-start.1,"(u32[1024]{0:T(1024)S(1)}, u32[1024]{0:T",0.001,0,0
%copy-start.3,"(u32[1024]{0:T(1024)S(1)}, u32[1024]{0:T",0.003,0,0
%fusion.1327,"f32[128,128]{1,0:T(8,128)S(1)} fusion(pr",0.355,0,0
%add_select_fusion.277,"(f32[128,128]{1,0:T(8,128)S(1)}, f32[128",9.545,0,0
%select_select_fusion.28,"f32[128,128]{1,0:T(8,128)S(1)} fusion(f3",1.149,0,0
%fusion.1567,"(f32[128,128]{1,0:T(8,128)S(1)}, f32[128",1.556,0,0
%add_select_fusion.278,"(f32[128,128]{1,0:T(8,128)S(1)}, f32[128",0.95,0,0
%subtract_select_fusion.29,"f32[128,128]{1,0:T(8,128)S(1)} fusion(pr",0.165,0,0
%fusion.1505,"f32[128,1024]{1,0:T(8,128)S(1)} fusion(f",1.814,0,0
%custom-call.1,f32[131072]{0:T(1024)S(1)} custom-call(c,1.086,0,0
%reshape.12,"f32[128,1024]{1,0:T(8,128)S(1)} reshape(",0.172,0,0
%convolution_subtract_fusion,"f32[128,1024]{1,0:T(8,128)S(1)} fusion(f",1.608,0,0
%copy-done.1,u32[1024]{0:T(1024)S(1)} copy-done((u32[,0.004,0,0
%copy-done.3,u32[1024]{0:T(1024)S(1)} copy-done((u32[,0.003,0,0
%is-finite_and_fusion.53,"(pred[128,1024,1]{1,0,2:T(32,128)(4,1)S(",12.719,0,0
%fusion.1762,"(pred[128,1024,1]{1,0,2:T(32,128)(4,1)S(",15.459,0,0
%fusion.931,"(f32[128,1024,1]{1,0,2:T(8,128)S(1)}, f3",19.059,0,0
%add_select_fusion.181,"(f32[128,1024,1]{1,0,2:T(8,128)S(1)}, f3",8.741,0,0
%fusion.967,"(f32[128,1024,1]{1,0,2:T(8,128)S(1)}, f3",40.12,0,0
%fusion.968,"f32[128,1024,1]{1,0,2:T(8,128)S(1)} fusi",0.211,0,0
%fusion.367,"f32[1024,128]{1,0:T(8,128)S(1)} fusion(f",1.498,0,0
%fusion.960,f32[131072]{0:T(1024)S(1)} fusion(f32[10,1.501,0,0
%fusion.963,f32[131072]{0:T(1024)S(1)} fusion(f32[10,1.504,0,0
%custom-call.2,c64[131072]{0:T(1024)} custom-call(f32[1,1.847,0,0
%iota_and_fusion,"u32[1024]{0:T(1024)S(1)} fusion(), kind=",0.005,0,0
%copy-start,"(u32[1024]{0:T(1024)}, u32[1024]{0:T(102",0.004,0,0
%iota_shift-right-logical_fusion,"u32[1024]{0:T(1024)S(1)} fusion(), kind=",0.004,0,0
%copy-start.2,"(u32[1024]{0:T(1024)}, u32[1024]{0:T(102",0.003,0,0
%add_select_fusion.76,"(f32[1024,1024]{1,0:T(8,128)S(1)}, pred[",554.729,0,0
%copy-done,u32[1024]{0:T(1024)} copy-done((u32[1024,0.003,0,0
%copy-done.2,u32[1024]{0:T(1024)} copy-done((u32[1024,0.003,0,0
%fusion.316,"(f32[1024,1024]{1,0:T(8,128)S(1)}, f32[1",53.545,0,0
%and_or_fusion.4,"(pred[1024,1024]{1,0:T(8,128)(4,1)}, pre",4.633,0,0
%add_select_fusion.31,"(f32[1024,1024]{1,0:T(8,128)S(1)}, f32[1",28.976,0,0
%add_select_fusion.43,"(f32[1024,1024]{1,0:T(8,128)S(1)}, f32[1",29.009,0,0
%fusion.361,"(f32[1024,1024]{1,0:T(8,128)S(1)}, f32[1",648.736,0,0
%fusion.353,"f32[1024,1024]{1,0:T(8,128)S(1)} fusion(",90.116,0,0
%custom-call,f32[131072]{0:T(1024)S(1)} custom-call(c,1.049,0,0
%reshape.4,"f32[128,1024]{1,0:T(8,128)S(1)} reshape(",0.172,0,0
%iota_and_fusion.1,"u32[128]{0:T(128)S(1)} fusion(), kind=kL",0.005,0,0
%iota_shift-right-logical_fusion.1,"u32[128]{0:T(128)S(1)} fusion(), kind=kL",0.005,0,0
%fusion.1757,"(pred[128,128]{1,0:T(8,128)(4,1)S(1)}, f",7.291,0,0
%select_select_fusion.23,"(f32[128,128]{1,0:T(8,128)S(1)}, f32[128",0.985,0,0
%copy-start.1,"(u32[1024]{0:T(1024)S(1)}, u32[1024]{0:T",0.002,0,0
%copy-start.3,"(u32[1024]{0:T(1024)S(1)}, u32[1024]{0:T",0.003,0,0
%fusion.1327,"f32[128,128]{1,0:T(8,128)S(1)} fusion(pr",0.354,0,0
%add_select_fusion.277,"(f32[128,128]{1,0:T(8,128)S(1)}, f32[128",9.809,0,0
%select_select_fusion.28,"f32[128,128]{1,0:T(8,128)S(1)} fusion(f3",1.149,0,0
%fusion.1567,"(f32[128,128]{1,0:T(8,128)S(1)}, f32[128",1.555,0,0
%add_select_fusion.278,"(f32[128,128]{1,0:T(8,128)S(1)}, f32[128",0.95,0,0
%subtract_select_fusion.29,"f32[128,128]{1,0:T(8,128)S(1)} fusion(pr",0.164,0,0
%fusion.1505,"f32[128,1024]{1,0:T(8,128)S(1)} fusion(f",1.814,0,0
%custom-call.1,f32[131072]{0:T(1024)S(1)} custom-call(c,1.271,0,0
%reshape.12,"f32[128,1024]{1,0:T(8,128)S(1)} reshape(",0.171,0,0
%convolution_subtract_fusion,"f32[128,1024]{1,0:T(8,128)S(1)} fusion(f",1.608,0,0
%copy-done.1,u32[1024]{0:T(1024)S(1)} copy-done((u32[,0.004,0,0
%copy-done.3,u32[1024]{0:T(1024)S(1)} copy-done((u32[,0.003,0,0
%is-finite_and_fusion.53,"(pred[128,1024,1]{1,0,2:T(32,128)(4,1)S(",12.374,0,0
%fusion.1762,"(pred[128,1024,1]{1,0,2:T(32,128)(4,1)S(",15.682,0,0
%fusion.931,"(f32[128,1024,1]{1,0,2:T(8,128)S(1)}, f3",19.059,0,0
%add_select_fusion.181,"(f32[128,1024,1]{1,0,2:T(8,128)S(1)}, f3",8.742,0,0
%fusion.967,"(f32[128,1024,1]{1,0,2:T(8,128)S(1)}, f3",39.929,0,0
%fusion.968,"f32[128,1024,1]{1,0,2:T(8,128)S(1)} fusi",0.212,0,0
%fusion.367,"f32[1024,128]{1,0:T(8,128)S(1)} fusion(f",1.498,0,0
%fusion.960,f32[131072]{0:T(1024)S(1)} fusion(f32[10,1.5,0,0
%fusion.963,f32[131072]{0:T(1024)S(1)} fusion(f32[10,1.505,0,0
%custom-call.2,c64[131072]{0:T(1024)} custom-call(f32[1,1.847,0,0
%iota_and_fusion,"u32[1024]{0:T(1024)S(1)} fusion(), kind=",0.004,0,0
%copy-start,"(u32[1024]{0:T(1024)}, u32[1024]{0:T(102",0.003,0,0
%iota_shift-right-logical_fusion,"u32[1024]{0:T(1024)S(1)} fusion(), kind=",0.005,0,0
%copy-start.2,"(u32[1024]{0:T(1024)}, u32[1024]{0:T(102",0.003,0,0
%add_select_fusion.76,"(f32[1024,1024]{1,0:T(8,128)S(1)}, pred[",554.727,0,0
%copy-done,u32[1024]{0:T(1024)} copy-done((u32[1024,0.003,0,0
%copy-done.2,u32[1024]{0:T(1024)} copy-done((u32[1024,0.004,0,0
%fusion.316,"(f32[1024,1024]{1,0:T(8,128)S(1)}, f32[1",53.549,0,0
%and_or_fusion.4,"(pred[1024,1024]{1,0:T(8,128)(4,1)}, pre",4.539,0,0
%add_select_fusion.31,"(f32[1024,1024]{1,0:T(8,128)S(1)}, f32[1",28.976,0,0
%add_select_fusion.43,"(f32[1024,1024]{1,0:T(8,128)S(1)}, f32[1",29.007,0,0
%fusion.361,"(f32[1024,1024]{1,0:T(8,128)S(1)}, f32[1",648.736,0,0
%fusion.353,"f32[1024,1024]{1,0:T(8,128)S(1)} fusion(",90.564,0,0
%custom-call,f32[131072]{0:T(1024)S(1)} custom-call(c,1.23,0,0
%reshape.4,"f32[128,1024]{1,0:T(8,128)S(1)} reshape(",0.172,0,0
%iota_and_fusion.1,"u32[128]{0:T(128)S(1)} fusion(), kind=kL",0.005,0,0
%iota_shift-right-logical_fusion.1,"u32[128]{0:T(128)S(1)} fusion(), kind=kL",0.005,0,0
%fusion.1757,"(pred[128,128]{1,0:T(8,128)(4,1)S(1)}, f",7.29,0,0
%select_select_fusion.23,"(f32[128,128]{1,0:T(8,128)S(1)}, f32[128",0.985,0,0
%copy-start.1,"(u32[1024]{0:T(1024)S(1)}, u32[1024]{0:T",0.001,0,0
%copy-start.3,"(u32[1024]{0:T(1024)S(1)}, u32[1024]{0:T",0.003,0,0
%fusion.1327,"f32[128,128]{1,0:T(8,128)S(1)} fusion(pr",0.354,0,0
%add_select_fusion.277,"(f32[128,128]{1,0:T(8,128)S(1)}, f32[128",9.464,0,0
%select_select_fusion.28,"f32[128,128]{1,0:T(8,128)S(1)} fusion(f3",1.148,0,0
%fusion.1567,"(f32[128,128]{1,0:T(8,128)S(1)}, f32[128",1.555,0,0
%add_select_fusion.278,"(f32[128,128]{1,0:T(8,128)S(1)}, f32[128",0.951,0,0
%subtract_select_fusion.29,"f32[128,128]{1,0:T(8,128)S(1)} fusion(pr",0.164,0,0
%fusion.1505,"f32[128,1024]{1,0:T(8,128)S(1)} fusion(f",1.815,0,0
%custom-call.1,f32[131072]{0:T(1024)S(1)} custom-call(c,1.05,0,0
%reshape.12,"f32[128,1024]{1,0:T(8,128)S(1)} reshape(",0.171,0,0
%convolution_subtract_fusion,"f32[128,1024]{1,0:T(8,128)S(1)} fusion(f",1.607,0,0
%copy-done.1,u32[1024]{0:T(1024)S(1)} copy-done((u32[,0.003,0,0
%copy-done.3,u32[1024]{0:T(1024)S(1)} copy-done((u32[,0.004,0,0
%is-finite_and_fusion.53,"(pred[128,1024,1]{1,0,2:T(32,128)(4,1)S(",12.599,0,0
%fusion.1762,"(pred[128,1024,1]{1,0,2:T(32,128)(4,1)S(",15.458,0,0
%fusion.931,"(f32[128,1024,1]{1,0,2:T(8,128)S(1)}, f3",19.059,0,0
%add_select_fusion.181,"(f32[128,1024,1]{1,0,2:T(8,128)S(1)}, f3",8.741,0,0
%fusion.967,"(f32[128,1024,1]{1,0,2:T(8,128)S(1)}, f3",40.119,0,0
%fusion.968,"f32[128,1024,1]{1,0,2:T(8,128)S(1)} fusi",0.211,0,0
%fusion.367,"f32[1024,128]{1,0:T(8,128)S(1)} fusion(f",1.499,0,0
%fusion.960,f32[131072]{0:T(1024)S(1)} fusion(f32[10,1.5,0,0
%fusion.963,f32[131072]{0:T(1024)S(1)} fusion(f32[10,1.504,0,0
%custom-call.2,c64[131072]{0:T(1024)} custom-call(f32[1,1.846,0,0
%iota_and_fusion,"u32[1024]{0:T(1024)S(1)} fusion(), kind=",0.004,0,0
%copy-start,"(u32[1024]{0:T(1024)}, u32[1024]{0:T(102",0.004,0,0
%iota_shift-right-logical_fusion,"u32[1024]{0:T(1024)S(1)} fusion(), kind=",0.004,0,0
%copy-start.2,"(u32[1024]{0:T(1024)}, u32[1024]{0:T(102",0.003,0,0
%add_select_fusion.76,"(f32[1024,1024]{1,0:T(8,128)S(1)}, pred[",554.729,0,0
%copy-done,u32[1024]{0:T(1024)} copy-done((u32[1024,0.003,0,0
%copy-done.2,u32[1024]{0:T(1024)} copy-done((u32[1024,0.004,0,0
%fusion.316,"(f32[1024,1024]{1,0:T(8,128)S(1)}, f32[1",53.55,0,0
%and_or_fusion.4,"(pred[1024,1024]{1,0:T(8,128)(4,1)}, pre",4.535,0,0
%add_select_fusion.31,"(f32[1024,1024]{1,0:T(8,128)S(1)}, f32[1",28.976,0,0
%add_select_fusion.43,"(f32[1024,1024]{1,0:T(8,128)S(1)}, f32[1",29.009,0,0
%fusion.361,"(f32[1024,1024]{1,0:T(8,128)S(1)}, f32[1",648.736,0,0
%fusion.353,"f32[1024,1024]{1,0:T(8,128)S(1)} fusion(",90.088,0,0
%custom-call,f32[131072]{0:T(1024)S(1)} custom-call(c,1.045,0,0
%reshape.4,"f32[128,1024]{1,0:T(8,128)S(1)} reshape(",0.171,0,0
%iota_and_fusion.1,"u32[128]{0:T(128)S(1)} fusion(), kind=kL",0.005,0,0
%iota_shift-right-logical_fusion.1,"u32[128]{0:T(128)S(1)} fusion(), kind=kL",0.005,0,0
%fusion.1757,"(pred[128,128]{1,0:T(8,128)(4,1)S(1)}, f",7.291,0,0
%select_select_fusion.23,"(f32[128,128]{1,0:T(8,128)S(1)}, f32[128",0.985,0,0
%copy-start.1,"(u32[1024]{0:T(1024)S(1)}, u32[1024]{0:T",0.002,0,0
%copy-start.3,"(u32[1024]{0:T(1024)S(1)}, u32[1024]{0:T",0.004,0,0
%fusion.1327,"f32[128,128]{1,0:T(8,128)S(1)} fusion(pr",0.355,0,0
%add_select_fusion.277,"(f32[128,128]{1,0:T(8,128)S(1)}, f32[128",9.809,0,0
%select_select_fusion.28,"f32[128,128]{1,0:T(8,128)S(1)} fusion(f3",1.149,0,0
%fusion.1567,"(f32[128,128]{1,0:T(8,128)S(1)}, f32[128",1.555,0,0
%add_select_fusion.278,"(f32[128,128]{1,0:T(8,128)S(1)}, f32[128",0.95,0,0
%subtract_select_fusion.29,"f32[128,128]{1,0:T(8,128)S(1)} fusion(pr",0.165,0,0
%fusion.1505,"f32[128,1024]{1,0:T(8,128)S(1)} fusion(f",1.814,0,0
%custom-call.1,f32[131072]{0:T(1024)S(1)} custom-call(c,1.298,0,0
%reshape.12,"f32[128,1024]{1,0:T(8,128)S(1)} reshape(",0.172,0,0
%convolution_subtract_fusion,"f32[128,1024]{1,0:T(8,128)S(1)} fusion(f",1.608,0,0
%copy-done.1,u32[1024]{0:T(1024)S(1)} copy-done((u32[,0.004,0,0
%copy-done.3,u32[1024]{0:T(1024)S(1)} copy-done((u32[,0.004,0,0
%is-finite_and_fusion.53,"(pred[128,1024,1]{1,0,2:T(32,128)(4,1)S(",12.374,0,0
%fusion.1762,"(pred[128,1024,1]{1,0,2:T(32,128)(4,1)S(",15.682,0,0
%fusion.931,"(f32[128,1024,1]{1,0,2:T(8,128)S(1)}, f3",19.059,0,0
%add_select_fusion.181,"(f32[128,1024,1]{1,0,2:T(8,128)S(1)}, f3",8.742,0,0
%fusion.967,"(f32[128,1024,1]{1,0,2:T(8,128)S(1)}, f3",39.929,0,0
%fusion.968,"f32[128,1024,1]{1,0,2:T(8,128)S(1)} fusi",0.211,0,0
%fusion.367,"f32[1024,128]{1,0:T(8,128)S(1)} fusion(f",1.498,0,0
%fusion.960,f32[131072]{0:T(1024)S(1)} fusion(f32[10,1.501,0,0
%fusion.963,f32[131072]{0:T(1024)S(1)} fusion(f32[10,1.504,0,0
%custom-call.2,c64[131072]{0:T(1024)} custom-call(f32[1,1.85,0,0
%iota_and_fusion,"u32[1024]{0:T(1024)S(1)} fusion(), kind=",0.005,0,0
%copy-start,"(u32[1024]{0:T(1024)}, u32[1024]{0:T(102",0.003,0,0
%iota_shift-right-logical_fusion,"u32[1024]{0:T(1024)S(1)} fusion(), kind=",0.005,0,0
%copy-start.2,"(u32[1024]{0:T(1024)}, u32[1024]{0:T(102",0.004,0,0
%add_select_fusion.76,"(f32[1024,1024]{1,0:T(8,128)S(1)}, pred[",554.729,0,0
%copy-done,u32[1024]{0:T(1024)} copy-done((u32[1024,0.004,0,0
%copy-done.2,u32[1024]{0:T(1024)} copy-done((u32[1024,0.003,0,0
%fusion.316,"(f32[1024,1024]{1,0:T(8,128)S(1)}, f32[1",53.549,0,0
%and_or_fusion.4,"(pred[1024,1024]{1,0:T(8,128)(4,1)}, pre",4.543,0,0
%add_select_fusion.31,"(f32[1024,1024]{1,0:T(8,128)S(1)}, f32[1",28.976,0,0
%add_select_fusion.43,"(f32[1024,1024]{1,0:T(8,128)S(1)}, f32[1",29.007,0,0
%fusion.361,"(f32[1024,1024]{1,0:T(8,128)S(1)}, f32[1",648.736,0,0
%fusion.353,"f32[1024,1024]{1,0:T(8,128)S(1)} fusion(",90.576,0,0
%custom-call,f32[131072]{0:T(1024)S(1)} custom-call(c,1.251,0,0
%reshape.4,"f32[128,1024]{1,0:T(8,128)S(1)} reshape(",0.172,0,0
%iota_and_fusion.1,"u32[128]{0:T(128)S(1)} fusion(), kind=kL",0.004,0,0
%iota_shift-right-logical_fusion.1,"u32[128]{0:T(128)S(1)} fusion(), kind=kL",0.005,0,0
%fusion.1757,"(pred[128,128]{1,0:T(8,128)(4,1)S(1)}, f",7.291,0,0
%select_select_fusion.23,"(f32[128,128]{1,0:T(8,128)S(1)}, f32[128",0.986,0,0
%copy-start.1,"(u32[1024]{0:T(1024)S(1)}, u32[1024]{0:T",0.002,0,0
%copy-start.3,"(u32[1024]{0:T(1024)S(1)}, u32[1024]{0:T",0.003,0,0
%fusion.1327,"f32[128,128]{1,0:T(8,128)S(1)} fusion(pr",0.354,0,0
%add_select_fusion.277,"(f32[128,128]{1,0:T(8,128)S(1)}, f32[128",9.464,0,0
%select_select_fusion.28,"f32[128,128]{1,0:T(8,128)S(1)} fusion(f3",1.148,0,0
%fusion.1567,"(f32[128,128]{1,0:T(8,128)S(1)}, f32[128",1.556,0,0
%add_select_fusion.278,"(f32[128,128]{1,0:T(8,128)S(1)}, f32[128",0.95,0,0
%subtract_select_fusion.29,"f32[128,128]{1,0:T(8,128)S(1)} fusion(pr",0.164,0,0
%fusion.1505,"f32[128,1024]{1,0:T(8,128)S(1)} fusion(f",1.814,0,0
%custom-call.1,f32[131072]{0:T(1024)S(1)} custom-call(c,1.042,0,0
%reshape.12,"f32[128,1024]{1,0:T(8,128)S(1)} reshape(",0.171,0,0
%convolution_subtract_fusion,"f32[128,1024]{1,0:T(8,128)S(1)} fusion(f",1.606,0,0
%copy-done.1,u32[1024]{0:T(1024)S(1)} copy-done((u32[,0.004,0,0
%copy-done.3,u32[1024]{0:T(1024)S(1)} copy-done((u32[,0.004,0,0
%is-finite_and_fusion.53,"(pred[128,1024,1]{1,0,2:T(32,128)(4,1)S(",12.598,0,0
%fusion.1762,"(pred[128,1024,1]{1,0,2:T(32,128)(4,1)S(",15.459,0,0
%fusion.931,"(f32[128,1024,1]{1,0,2:T(8,128)S(1)}, f3",19.059,0,0
%add_select_fusion.181,"(f32[128,1024,1]{1,0,2:T(8,128)S(1)}, f3",8.741,0,0
%fusion.967,"(f32[128,1024,1]{1,0,2:T(8,128)S(1)}, f3",40.119,0,0
%fusion.968,"f32[128,1024,1]{1,0,2:T(8,128)S(1)} fusi",0.211,0,0
%fusion.367,"f32[1024,128]{1,0:T(8,128)S(1)} fusion(f",1.499,0,0
%fusion.960,f32[131072]{0:T(1024)S(1)} fusion(f32[10,1.5,0,0
%fusion.963,f32[131072]{0:T(1024)S(1)} fusion(f32[10,1.504,0,0
%custom-call.2,c64[131072]{0:T(1024)} custom-call(f32[1,1.851,0,0
%iota.1,"f32[196608]{0:T(1024)} iota(), iota_dime",1.497,0,0
%broadcast_add_fusion,f32[196608]{0:T(1024)} fusion(f32[196608,2.793,0,0
%broadcast,f32[196608]{0:T(1024)S(1)} broadcast(f32,0.13,0,0
%custom-call,c64[196608]{0:T(1024)} custom-call(f32[1,6.312,0,0
%custom-call,f32[196608]{0:T(1024)S(1)} custom-call(c,1.696,0,0
%reshape.6,"f32[128,1536]{1,0:T(8,128)S(1)} reshape(",0.256,0,0
%iota_and_fusion.1,"u32[128]{0:T(128)S(1)} fusion(), kind=kL",0.005,0,0
%iota_shift-right-logical_fusion.1,"u32[128]{0:T(128)S(1)} fusion(), kind=kL",0.006,0,0
%add_select_fusion.173,"(f32[128,128]{1,0:T(8,128)S(1)}, pred[12",7.58,0,0
%fusion.859,"(f32[128,128]{1,0:T(8,128)S(1)}, f32[128",0.86,0,0
%and_or_fusion.13,"(pred[128,128]{1,0:T(8,128)(4,1)S(1)}, p",0.05,0,0
%add_select_fusion.128,"(f32[128,128]{1,0:T(8,128)S(1)}, f32[128",0.486,0,0
%add_select_fusion.140,"(f32[128,128]{1,0:T(8,128)S(1)}, f32[128",0.486,0,0
%fusion.904,"(f32[128,128]{1,0:T(8,128)S(1)}, f32[128",7.261,0,0
%fusion.896,"f32[128,128]{1,0:T(8,128)S(1)} fusion(f3",1.499,0,0
%fusion.1129,"f32[128,1536]{1,0:T(8,128)S(1)} fusion(f",0.365,0,0
%custom-call.1,f32[196608]{0:T(1024)S(1)} custom-call(c,1.785,0,0
%reshape.14,"f32[128,1536]{1,0:T(8,128)S(1)} reshape(",0.258,0,0
%convolution_add_fusion.2,"f32[128,1536]{1,0:T(8,128)S(1)} fusion(f",0.379,0,0
%convolution_subtract_fusion.2,"f32[128,1536]{1,0:T(8,128)S(1)} fusion(f",0.38,0,0
%iota_and_fusion,"u32[1536]{0:T(1024)S(1)} fusion(), kind=",0.006,0,0
%iota_shift-right-logical_fusion,"u32[1536]{0:T(1024)S(1)} fusion(), kind=",0.005,0,0
%is-finite_and_fusion.22,"(pred[128,1536,1]{1,0,2:T(8,128)(4,1)S(1",18.564,0,0
%fusion.2311,"(pred[128,1536,1]{1,0,2:T(8,128)(4,1)S(1",22.957,0,0
%fusion.337,"(f32[128,1536,1]{1,0,2:T(8,128)S(1)}, f3",30.266,0,0
%add_select_fusion.84,"(f32[128,1536,1]{1,0,2:T(8,128)S(1)}, f3",13.305,0,0
%fusion.367,"(f32[1536,128,1]{0,1,2:T(8,128)S(1)}, f3",111.299,0,0
%fusion.369,"f32[1536,128,1]{0,1,2:T(8,128)S(1)} fusi",0.301,0,0
%copy.5,"f32[1536,128,1]{1,0,2:T(8,128)S(1)} copy",0.45,0,0
%reshape.3,"f32[128,12,128]{2,1,0:T(8,128)S(1)} resh",0.171,0,0
%fusion.376,"f32[128,12,128]{2,0,1:T(8,128)S(1)} fusi",0.46,0,0
%copy.7,"f32[1536,128,1]{1,0,2:T(8,128)S(1)} copy",0.451,0,0
%reshape.0,"f32[128,12,128]{2,1,0:T(8,128)S(1)} resh",0.172,0,0
%fusion.2314,"(bf16[128,12,128]{2,1,0:T(8,128)(2,1)S(1",0.35,0,0
%convolution_subtract_fusion.1,"f32[128,12,128]{2,0,1:T(8,128)S(1)} fusi",0.373,0,0
%iota_and_fusion.2,"u32[12]{0:T(128)S(1)} fusion(), kind=kLo",0.006,0,0
%iota_shift-right-logical_fusion.2,"u32[12]{0:T(128)S(1)} fusion(), kind=kLo",0.005,0,0
%is-finite_and_fusion.84,"(pred[12,128]{1,0:T(8,128)(4,1)S(1)}, f3",0.427,0,0
%fusion.1858,"(f32[12,128]{1,0:T(8,128)S(1)}, f32[12,1",1.383,0,0
%fusion.1866,"f32[12,128]{1,0:T(8,128)S(1)} fusion(f32",1.155,0,0
%fusion.365,"(f32[12,128,128]{2,1,0:T(8,128)S(1)}, f3",2.449,0,0
%pad,"f32[16,128,128]{2,1,0:T(8,128)S(1)} pad(",0.18,0,0
%copy.10,"f32[2,8,128,128]{3,1,2,0:T(8,128)S(1)} c",0.776,0,0
%fusion.2292,"(pred[12,12]{1,0:T(8,128)(4,1)S(1)}, f32",0.927,0,0
%select_select_fusion.34,"(f32[12,12]{1,0:T(8,128)S(1)}, f32[12,12",0.197,0,0
%fusion.1467,"f32[12,12]{1,0:T(8,128)S(1)} fusion(pred",0.08,0,0
%fusion.1441,"(f32[12,12]{1,0:T(8,128)S(1)}, f32[12,12",0.345,0,0
%fusion.2077,"(f32[12,12]{1,0:T(8,128)S(1)}, f32[12,12",0.996,0,0
%add_select_fusion.375,"(f32[12,12]{1,0:T(8,128)S(1)}, f32[12,12",0.188,0,0
%subtract_select_fusion.43,"f32[12,12]{1,0:T(8,128)S(1)} fusion(pred",0.04,0,0
%fusion.2015,"f32[12,16384]{1,0:T(8,128)S(1)} fusion(f",0.905,0,0
%pad.1,"f32[16,128,128]{2,1,0:T(8,128)S(1)} pad(",0.182,0,0
%copy.11,"f32[2,8,128,128]{3,1,2,0:T(8,128)S(1)} c",0.775,0,0
%convolution_subtract_fusion,"f32[12,16384]{1,0:T(8,128)S(1)} fusion(f",0.903,0,0
%reshape.5,f32[196608]{0:T(1024)S(1)} reshape(f32[1,1.027,0,0
%convolution_add_fusion,"f32[12,16384]{1,0:T(8,128)S(1)} fusion(f",0.89,0,0
%reshape.2,f32[196608]{0:T(1024)S(1)} reshape(f32[1,1.027,0,0
%custom-call.2,c64[196608]{0:T(1024)} custom-call(f32[1,2.536,0,0
%custom-call,f32[196608]{0:T(1024)S(1)} custom-call(c,1.788,0,0
%reshape.6,"f32[128,1536]{1,0:T(8,128)S(1)} reshape(",0.258,0,0
%iota_and_fusion.1,"u32[128]{0:T(128)S(1)} fusion(), kind=kL",0.005,0,0
%iota_shift-right-logical_fusion.1,"u32[128]{0:T(128)S(1)} fusion(), kind=kL",0.005,0,0
%add_select_fusion.173,"(f32[128,128]{1,0:T(8,128)S(1)}, pred[12",7.581,0,0
%fusion.859,"(f32[128,128]{1,0:T(8,128)S(1)}, f32[128",0.859,0,0
%and_or_fusion.13,"(pred[128,128]{1,0:T(8,128)(4,1)S(1)}, p",0.05,0,0
%add_select_fusion.128,"(f32[128,128]{1,0:T(8,128)S(1)}, f32[128",0.487,0,0
%add_select_fusion.140,"(f32[128,128]{1,0:T(8,128)S(1)}, f32[128",0.486,0,0
%fusion.904,"(f32[128,128]{1,0:T(8,128)S(1)}, f32[128",7.513,0,0
%fusion.896,"f32[128,128]{1,0:T(8,128)S(1)} fusion(f3",1.498,0,0
%fusion.1129,"f32[128,1536]{1,0:T(8,128)S(1)} fusion(f",0.365,0,0
%custom-call.1,f32[196608]{0:T(1024)S(1)} custom-call(c,1.624,0,0
%reshape.14,"f32[128,1536]{1,0:T(8,128)S(1)} reshape(",0.258,0,0
%convolution_add_fusion.2,"f32[128,1536]{1,0:T(8,128)S(1)} fusion(f",0.379,0,0
%convolution_subtract_fusion.2,"f32[128,1536]{1,0:T(8,128)S(1)} fusion(f",0.378,0,0
%iota_and_fusion,"u32[1536]{0:T(1024)S(1)} fusion(), kind=",0.006,0,0
%iota_shift-right-logical_fusion,"u32[1536]{0:T(1024)S(1)} fusion(), kind=",0.006,0,0
%is-finite_and_fusion.22,"(pred[128,1536,1]{1,0,2:T(8,128)(4,1)S(1",18.334,0,0
%fusion.2311,"(pred[128,1536,1]{1,0,2:T(8,128)(4,1)S(1",22.956,0,0
%fusion.337,"(f32[128,1536,1]{1,0,2:T(8,128)S(1)}, f3",30.265,0,0
%add_select_fusion.84,"(f32[128,1536,1]{1,0,2:T(8,128)S(1)}, f3",13.344,0,0
%fusion.367,"(f32[1536,128,1]{0,1,2:T(8,128)S(1)}, f3",111.299,0,0
%fusion.369,"f32[1536,128,1]{0,1,2:T(8,128)S(1)} fusi",0.301,0,0
%copy.5,"f32[1536,128,1]{1,0,2:T(8,128)S(1)} copy",0.45,0,0
%reshape.3,"f32[128,12,128]{2,1,0:T(8,128)S(1)} resh",0.172,0,0
%fusion.376,"f32[128,12,128]{2,0,1:T(8,128)S(1)} fusi",0.46,0,0
%copy.7,"f32[1536,128,1]{1,0,2:T(8,128)S(1)} copy",0.449,0,0
%reshape.0,"f32[128,12,128]{2,1,0:T(8,128)S(1)} resh",0.171,0,0
%fusion.2314,"(bf16[128,12,128]{2,1,0:T(8,128)(2,1)S(1",0.349,0,0
%convolution_subtract_fusion.1,"f32[128,12,128]{2,0,1:T(8,128)S(1)} fusi",0.374,0,0
%iota_and_fusion.2,"u32[12]{0:T(128)S(1)} fusion(), kind=kLo",0.005,0,0
%iota_shift-right-logical_fusion.2,"u32[12]{0:T(128)S(1)} fusion(), kind=kLo",0.004,0,0
%is-finite_and_fusion.84,"(pred[12,128]{1,0:T(8,128)(4,1)S(1)}, f3",0.429,0,0
%fusion.1858,"(f32[12,128]{1,0:T(8,128)S(1)}, f32[12,1",1.384,0,0
%fusion.1866,"f32[12,128]{1,0:T(8,128)S(1)} fusion(f32",1.156,0,0
%fusion.365,"(f32[12,128,128]{2,1,0:T(8,128)S(1)}, f3",2.45,0,0
%pad,"f32[16,128,128]{2,1,0:T(8,128)S(1)} pad(",0.18,0,0
%copy.10,"f32[2,8,128,128]{3,1,2,0:T(8,128)S(1)} c",0.775,0,0
%fusion.2292,"(pred[12,12]{1,0:T(8,128)(4,1)S(1)}, f32",0.926,0,0
%select_select_fusion.34,"(f32[12,12]{1,0:T(8,128)S(1)}, f32[12,12",0.195,0,0
%fusion.1467,"f32[12,12]{1,0:T(8,128)S(1)} fusion(pred",0.077,0,0
%fusion.1441,"(f32[12,12]{1,0:T(8,128)S(1)}, f32[12,12",0.345,0,0
%fusion.2077,"(f32[12,12]{1,0:T(8,128)S(1)}, f32[12,12",0.996,0,0
%add_select_fusion.375,"(f32[12,12]{1,0:T(8,128)S(1)}, f32[12,12",0.189,0,0
%subtract_select_fusion.43,"f32[12,12]{1,0:T(8,128)S(1)} fusion(pred",0.04,0,0
%fusion.2015,"f32[12,16384]{1,0:T(8,128)S(1)} fusion(f",0.904,0,0
%pad.1,"f32[16,128,128]{2,1,0:T(8,128)S(1)} pad(",0.181,0,0
%copy.11,"f32[2,8,128,128]{3,1,2,0:T(8,128)S(1)} c",0.775,0,0
%convolution_subtract_fusion,"f32[12,16384]{1,0:T(8,128)S(1)} fusion(f",0.903,0,0
%reshape.5,f32[196608]{0:T(1024)S(1)} reshape(f32[1,1.026,0,0
%convolution_add_fusion,"f32[12,16384]{1,0:T(8,128)S(1)} fusion(f",0.89,0,0
%reshape.2,f32[196608]{0:T(1024)S(1)} reshape(f32[1,1.028,0,0
%custom-call.2,c64[196608]{0:T(1024)} custom-call(f32[1,2.596,0,0
%custom-call,f32[196608]{0:T(1024)S(1)} custom-call(c,1.634,0,0
%reshape.6,"f32[128,1536]{1,0:T(8,128)S(1)} reshape(",0.258,0,0
%iota_and_fusion.1,"u32[128]{0:T(128)S(1)} fusion(), kind=kL",0.004,0,0
%iota_shift-right-logical_fusion.1,"u32[128]{0:T(128)S(1)} fusion(), kind=kL",0.005,0,0
%add_select_fusion.173,"(f32[128,128]{1,0:T(8,128)S(1)}, pred[12",7.581,0,0
%fusion.859,"(f32[128,128]{1,0:T(8,128)S(1)}, f32[128",0.859,0,0
%and_or_fusion.13,"(pred[128,128]{1,0:T(8,128)(4,1)S(1)}, p",0.051,0,0
%add_select_fusion.128,"(f32[128,128]{1,0:T(8,128)S(1)}, f32[128",0.486,0,0
%add_select_fusion.140,"(f32[128,128]{1,0:T(8,128)S(1)}, f32[128",0.486,0,0
%fusion.904,"(f32[128,128]{1,0:T(8,128)S(1)}, f32[128",7.222,0,0
%fusion.896,"f32[128,128]{1,0:T(8,128)S(1)} fusion(f3",1.498,0,0
%fusion.1129,"f32[128,1536]{1,0:T(8,128)S(1)} fusion(f",0.365,0,0
%custom-call.1,f32[196608]{0:T(1024)S(1)} custom-call(c,1.81,0,0
%reshape.14,"f32[128,1536]{1,0:T(8,128)S(1)} reshape(",0.258,0,0
%convolution_add_fusion.2,"f32[128,1536]{1,0:T(8,128)S(1)} fusion(f",0.379,0,0
%convolution_subtract_fusion.2,"f32[128,1536]{1,0:T(8,128)S(1)} fusion(f",0.38,0,0
%iota_and_fusion,"u32[1536]{0:T(1024)S(1)} fusion(), kind=",0.005,0,0
%iota_shift-right-logical_fusion,"u32[1536]{0:T(1024)S(1)} fusion(), kind=",0.006,0,0
%is-finite_and_fusion.22,"(pred[128,1536,1]{1,0,2:T(8,128)(4,1)S(1",18.373,0,0
%fusion.2311,"(pred[128,1536,1]{1,0,2:T(8,128)(4,1)S(1",22.957,0,0
%fusion.337,"(f32[128,1536,1]{1,0,2:T(8,128)S(1)}, f3",30.266,0,0
%add_select_fusion.84,"(f32[128,1536,1]{1,0,2:T(8,128)S(1)}, f3",13.385,0,0
%fusion.367,"(f32[1536,128,1]{0,1,2:T(8,128)S(1)}, f3",111.301,0,0
%fusion.369,"f32[1536,128,1]{0,1,2:T(8,128)S(1)} fusi",0.301,0,0
%copy.5,"f32[1536,128,1]{1,0,2:T(8,128)S(1)} copy",0.45,0,0
%reshape.3,"f32[128,12,128]{2,1,0:T(8,128)S(1)} resh",0.172,0,0
%fusion.376,"f32[128,12,128]{2,0,1:T(8,128)S(1)} fusi",0.46,0,0
%copy.7,"f32[1536,128,1]{1,0,2:T(8,128)S(1)} copy",0.45,0,0
%reshape.0,"f32[128,12,128]{2,1,0:T(8,128)S(1)} resh",0.172,0,0
%fusion.2314,"(bf16[128,12,128]{2,1,0:T(8,128)(2,1)S(1",0.35,0,0
%convolution_subtract_fusion.1,"f32[128,12,128]{2,0,1:T(8,128)S(1)} fusi",0.373,0,0
%iota_and_fusion.2,"u32[12]{0:T(128)S(1)} fusion(), kind=kLo",0.006,0,0
%iota_shift-right-logical_fusion.2,"u32[12]{0:T(128)S(1)} fusion(), kind=kLo",0.004,0,0
%is-finite_and_fusion.84,"(pred[12,128]{1,0:T(8,128)(4,1)S(1)}, f3",0.428,0,0
%fusion.1858,"(f32[12,128]{1,0:T(8,128)S(1)}, f32[12,1",1.383,0,0
%fusion.1866,"f32[12,128]{1,0:T(8,128)S(1)} fusion(f32",1.155,0,0
%fusion.365,"(f32[12,128,128]{2,1,0:T(8,128)S(1)}, f3",2.449,0,0
%pad,"f32[16,128,128]{2,1,0:T(8,128)S(1)} pad(",0.18,0,0
%copy.10,"f32[2,8,128,128]{3,1,2,0:T(8,128)S(1)} c",0.776,0,0
%fusion.2292,"(pred[12,12]{1,0:T(8,128)(4,1)S(1)}, f32",0.927,0,0
%select_select_fusion.34,"(f32[12,12]{1,0:T(8,128)S(1)}, f32[12,12",0.197,0,0
%fusion.1467,"f32[12,12]{1,0:T(8,128)S(1)} fusion(pred",0.08,0,0
%fusion.1441,"(f32[12,12]{1,0:T(8,128)S(1)}, f32[12,12",0.345,0,0
%fusion.2077,"(f32[12,12]{1,0:T(8,128)S(1)}, f32[12,12",0.996,0,0
%add_select_fusion.375,"(f32[12,12]{1,0:T(8,128)S(1)}, f32[12,12",0.189,0,0
%subtract_select_fusion.43,"f32[12,12]{1,0:T(8,128)S(1)} fusion(pred",0.039,0,0
%fusion.2015,"f32[12,16384]{1,0:T(8,128)S(1)} fusion(f",0.904,0,0
%pad.1,"f32[16,128,128]{2,1,0:T(8,128)S(1)} pad(",0.184,0,0
%copy.11,"f32[2,8,128,128]{3,1,2,0:T(8,128)S(1)} c",0.776,0,0
%convolution_subtract_fusion,"f32[12,16384]{1,0:T(8,128)S(1)} fusion(f",0.904,0,0
%reshape.5,f32[196608]{0:T(1024)S(1)} reshape(f32[1,1.027,0,0
%convolution_add_fusion,"f32[12,16384]{1,0:T(8,128)S(1)} fusion(f",0.89,0,0
%reshape.2,f32[196608]{0:T(1024)S(1)} reshape(f32[1,1.027,0,0
%custom-call.2,c64[196608]{0:T(1024)} custom-call(f32[1,2.539,0,0
%custom-call,f32[196608]{0:T(1024)S(1)} custom-call(c,1.72,0,0
%reshape.6,"f32[128,1536]{1,0:T(8,128)S(1)} reshape(",0.256,0,0
%iota_and_fusion.1,"u32[128]{0:T(128)S(1)} fusion(), kind=kL",0.004,0,0
%iota_shift-right-logical_fusion.1,"u32[128]{0:T(128)S(1)} fusion(), kind=kL",0.006,0,0
%add_select_fusion.173,"(f32[128,128]{1,0:T(8,128)S(1)}, pred[12",7.581,0,0
%fusion.859,"(f32[128,128]{1,0:T(8,128)S(1)}, f32[128",0.858,0,0
%and_or_fusion.13,"(pred[128,128]{1,0:T(8,128)(4,1)S(1)}, p",0.05,0,0
%add_select_fusion.128,"(f32[128,128]{1,0:T(8,128)S(1)}, f32[128",0.486,0,0
%add_select_fusion.140,"(f32[128,128]{1,0:T(8,128)S(1)}, f32[128",0.486,0,0
%fusion.904,"(f32[128,128]{1,0:T(8,128)S(1)}, f32[128",7.261,0,0
%fusion.896,"f32[128,128]{1,0:T(8,128)S(1)} fusion(f3",1.499,0,0
%fusion.1129,"f32[128,1536]{1,0:T(8,128)S(1)} fusion(f",0.365,0,0
%custom-call.1,f32[196608]{0:T(1024)S(1)} custom-call(c,1.694,0,0
%reshape.14,"f32[128,1536]{1,0:T(8,128)S(1)} reshape(",0.258,0,0
%convolution_add_fusion.2,"f32[128,1536]{1,0:T(8,128)S(1)} fusion(f",0.379,0,0
%convolution_subtract_fusion.2,"f32[128,1536]{1,0:T(8,128)S(1)} fusion(f",0.378,0,0
%iota_and_fusion,"u32[1536]{0:T(1024)S(1)} fusion(), kind=",0.006,0,0
%iota_shift-right-logical_fusion,"u32[1536]{0:T(1024)S(1)} fusion(), kind=",0.006,0,0
%is-finite_and_fusion.22,"(pred[128,1536,1]{1,0,2:T(8,128)(4,1)S(1",18.565,0,0
%fusion.2311,"(pred[128,1536,1]{1,0,2:T(8,128)(4,1)S(1",22.957,0,0
%fusion.337,"(f32[128,1536,1]{1,0,2:T(8,128)S(1)}, f3",30.265,0,0
%add_select_fusion.84,"(f32[128,1536,1]{1,0,2:T(8,128)S(1)}, f3",13.304,0,0
%fusion.367,"(f32[1536,128,1]{0,1,2:T(8,128)S(1)}, f3",111.301,0,0
%fusion.369,"f32[1536,128,1]{0,1,2:T(8,128)S(1)} fusi",0.302,0,0
%copy.5,"f32[1536,128,1]{1,0,2:T(8,128)S(1)} copy",0.45,0,0
%reshape.3,"f32[128,12,128]{2,1,0:T(8,128)S(1)} resh",0.172,0,0
%fusion.376,"f32[128,12,128]{2,0,1:T(8,128)S(1)} fusi",0.46,0,0
%copy.7,"f32[1536,128,1]{1,0,2:T(8,128)S(1)} copy",0.45,0,0
%reshape.0,"f32[128,12,128]{2,1,0:T(8,128)S(1)} resh",0.171,0,0
%fusion.2314,"(bf16[128,12,128]{2,1,0:T(8,128)(2,1)S(1",0.349,0,0
%convolution_subtract_fusion.1,"f32[128,12,128]{2,0,1:T(8,128)S(1)} fusi",0.374,0,0
%iota_and_fusion.2,"u32[12]{0:T(128)S(1)} fusion(), kind=kLo",0.005,0,0
%iota_shift-right-logical_fusion.2,"u32[12]{0:T(128)S(1)} fusion(), kind=kLo",0.004,0,0
%is-finite_and_fusion.84,"(pred[12,128]{1,0:T(8,128)(4,1)S(1)}, f3",0.429,0,0
%fusion.1858,"(f32[12,128]{1,0:T(8,128)S(1)}, f32[12,1",1.384,0,0
%fusion.1866,"f32[12,128]{1,0:T(8,128)S(1)} fusion(f32",1.155,0,0
%fusion.365,"(f32[12,128,128]{2,1,0:T(8,128)S(1)}, f3",2.45,0,0
%pad,"f32[16,128,128]{2,1,0:T(8,128)S(1)} pad(",0.18,0,0
%copy.10,"f32[2,8,128,128]{3,1,2,0:T(8,128)S(1)} c",0.776,0,0
%fusion.2292,"(pred[12,12]{1,0:T(8,128)(4,1)S(1)}, f32",0.926,0,0
%select_select_fusion.34,"(f32[12,12]{1,0:T(8,128)S(1)}, f32[12,12",0.195,0,0
%fusion.1467,"f32[12,12]{1,0:T(8,128)S(1)} fusion(pred",0.078,0,0
%fusion.1441,"(f32[12,12]{1,0:T(8,128)S(1)}, f32[12,12",0.345,0,0
%fusion.2077,"(f32[12,12]{1,0:T(8,128)S(1)}, f32[12,12",0.997,0,0
%add_select_fusion.375,"(f32[12,12]{1,0:T(8,128)S(1)}, f32[12,12",0.189,0,0
%subtract_select_fusion.43,"f32[12,12]{1,0:T(8,128)S(1)} fusion(pred",0.04,0,0
%fusion.2015,"f32[12,16384]{1,0:T(8,128)S(1)} fusion(f",0.904,0,0
%pad.1,"f32[16,128,128]{2,1,0:T(8,128)S(1)} pad(",0.182,0,0
%copy.11,"f32[2,8,128,128]{3,1,2,0:T(8,128)S(1)} c",0.776,0,0
%convolution_subtract_fusion,"f32[12,16384]{1,0:T(8,128)S(1)} fusion(f",0.903,0,0
%reshape.5,f32[196608]{0:T(1024)S(1)} reshape(f32[1,1.027,0,0
%convolution_add_fusion,"f32[12,16384]{1,0:T(8,128)S(1)} fusion(f",0.889,0,0
%reshape.2,f32[196608]{0:T(1024)S(1)} reshape(f32[1,1.027,0,0
%custom-call.2,c64[196608]{0:T(1024)} custom-call(f32[1,2.609,0,0
%custom-call,f32[196608]{0:T(1024)S(1)} custom-call(c,1.645,0,0
%reshape.6,"f32[128,1536]{1,0:T(8,128)S(1)} reshape(",0.257,0,0
%iota_and_fusion.1,"u32[128]{0:T(128)S(1)} fusion(), kind=kL",0.004,0,0
%iota_shift-right-logical_fusion.1,"u32[128]{0:T(128)S(1)} fusion(), kind=kL",0.005,0,0
%add_select_fusion.173,"(f32[128,128]{1,0:T(8,128)S(1)}, pred[12",7.582,0,0
%fusion.859,"(f32[128,128]{1,0:T(8,128)S(1)}, f32[128",0.86,0,0
%and_or_fusion.13,"(pred[128,128]{1,0:T(8,128)(4,1)S(1)}, p",0.05,0,0
%add_select_fusion.128,"(f32[128,128]{1,0:T(8,128)S(1)}, f32[128",0.486,0,0
%add_select_fusion.140,"(f32[128,128]{1,0:T(8,128)S(1)}, f32[128",0.487,0,0
%fusion.904,"(f32[128,128]{1,0:T(8,128)S(1)}, f32[128",7.512,0,0
%fusion.896,"f32[128,128]{1,0:T(8,128)S(1)} fusion(f3",1.499,0,0
%fusion.1129,"f32[128,1536]{1,0:T(8,128)S(1)} fusion(f",0.364,0,0
%custom-call.1,f32[196608]{0:T(1024)S(1)} custom-call(c,1.788,0,0
%reshape.14,"f32[128,1536]{1,0:T(8,128)S(1)} reshape(",0.258,0,0
%convolution_add_fusion.2,"f32[128,1536]{1,0:T(8,128)S(1)} fusion(f",0.378,0,0
%convolution_subtract_fusion.2,"f32[128,1536]{1,0:T(8,128)S(1)} fusion(f",0.379,0,0
%iota_and_fusion,"u32[1536]{0:T(1024)S(1)} fusion(), kind=",0.005,0,0
%iota_shift-right-logical_fusion,"u32[1536]{0:T(1024)S(1)} fusion(), kind=",0.006,0,0
%is-finite_and_fusion.22,"(pred[128,1536,1]{1,0,2:T(8,128)(4,1)S(1",18.333,0,0
%fusion.2311,"(pred[128,1536,1]{1,0,2:T(8,128)(4,1)S(1",22.957,0,0
%fusion.337,"(f32[128,1536,1]{1,0,2:T(8,128)S(1)}, f3",30.265,0,0
%add_select_fusion.84,"(f32[128,1536,1]{1,0,2:T(8,128)S(1)}, f3",13.345,0,0
%fusion.367,"(f32[1536,128,1]{0,1,2:T(8,128)S(1)}, f3",111.3,0,0
%fusion.369,"f32[1536,128,1]{0,1,2:T(8,128)S(1)} fusi",0.302,0,0
%copy.5,"f32[1536,128,1]{1,0,2:T(8,128)S(1)} copy",0.45,0,0
%reshape.3,"f32[128,12,128]{2,1,0:T(8,128)S(1)} resh",0.171,0,0
%fusion.376,"f32[128,12,128]{2,0,1:T(8,128)S(1)} fusi",0.46,0,0
%copy.7,"f32[1536,128,1]{1,0,2:T(8,128)S(1)} copy",0.45,0,0
%reshape.0,"f32[128,12,128]{2,1,0:T(8,128)S(1)} resh",0.172,0,0
%fusion.2314,"(bf16[128,12,128]{2,1,0:T(8,128)(2,1)S(1",0.35,0,0
%convolution_subtract_fusion.1,"f32[128,12,128]{2,0,1:T(8,128)S(1)} fusi",0.371,0,0
%iota_and_fusion.2,"u32[12]{0:T(128)S(1)} fusion(), kind=kLo",0.004,0,0
%iota_shift-right-logical_fusion.2,"u32[12]{0:T(128)S(1)} fusion(), kind=kLo",0.006,0,0
%is-finite_and_fusion.84,"(pred[12,128]{1,0:T(8,128)(4,1)S(1)}, f3",0.427,0,0
%fusion.1858,"(f32[12,128]{1,0:T(8,128)S(1)}, f32[12,1",1.383,0,0
%fusion.1866,"f32[12,128]{1,0:T(8,128)S(1)} fusion(f32",1.156,0,0
%fusion.365,"(f32[12,128,128]{2,1,0:T(8,128)S(1)}, f3",2.449,0,0
%pad,"f32[16,128,128]{2,1,0:T(8,128)S(1)} pad(",0.18,0,0
%copy.10,"f32[2,8,128,128]{3,1,2,0:T(8,128)S(1)} c",0.775,0,0
%fusion.2292,"(pred[12,12]{1,0:T(8,128)(4,1)S(1)}, f32",0.926,0,0
%select_select_fusion.34,"(f32[12,12]{1,0:T(8,128)S(1)}, f32[12,12",0.195,0,0
%fusion.1467,"f32[12,12]{1,0:T(8,128)S(1)} fusion(pred",0.078,0,0
%fusion.1441,"(f32[12,12]{1,0:T(8,128)S(1)}, f32[12,12",0.346,0,0
%fusion.2077,"(f32[12,12]{1,0:T(8,128)S(1)}, f32[12,12",0.997,0,0
%add_select_fusion.375,"(f32[12,12]{1,0:T(8,128)S(1)}, f32[12,12",0.189,0,0
%subtract_select_fusion.43,"f32[12,12]{1,0:T(8,128)S(1)} fusion(pred",0.04,0,0
%fusion.2015,"f32[12,16384]{1,0:T(8,128)S(1)} fusion(f",0.904,0,0
%pad.1,"f32[16,128,128]{2,1,0:T(8,128)S(1)} pad(",0.182,0,0
%copy.11,"f32[2,8,128,128]{3,1,2,0:T(8,128)S(1)} c",0.775,0,0
%convolution_subtract_fusion,"f32[12,16384]{1,0:T(8,128)S(1)} fusion(f",0.904,0,0
%reshape.5,f32[196608]{0:T(1024)S(1)} reshape(f32[1,1.026,0,0
%convolution_add_fusion,"f32[12,16384]{1,0:T(8,128)S(1)} fusion(f",0.89,0,0
%reshape.2,f32[196608]{0:T(1024)S(1)} reshape(f32[1,1.028,0,0
%custom-call.2,c64[196608]{0:T(1024)} custom-call(f32[1,2.539,0,0
%iota.1,"f32[196608]{0:T(1024)} iota(), iota_dime",1.499,0,0
%broadcast_add_fusion,f32[196608]{0:T(1024)} fusion(f32[196608,3.046,0,0
%broadcast,f32[196608]{0:T(1024)S(1)} broadcast(f32,0.131,0,0
%custom-call,c64[196608]{0:T(1024)} custom-call(f32[1,6.43,0,0
%iota_and_fusion,"u32[1536]{0:T(1024)S(1)} fusion(), kind=",0.006,0,0
%iota_shift-right-logical_fusion,"u32[1536]{0:T(1024)S(1)} fusion(), kind=",0.006,0,0
%add_select_fusion.76,"(f32[1536,1536]{1,0:T(8,128)S(1)}, pred[",1455.054,0,0
%fusion.316,"(f32[1536,1536]{1,0:T(8,128)}, f32[1536,",119.475,0,0
%and_or_fusion.4,"(pred[1536,1536]{1,0:T(8,128)(4,1)}, pre",35.025,0,0
%add_select_fusion.31,"(f32[1536,1536]{1,0:T(8,128)}, f32[1536,",72.121,0,0
%add_select_fusion.43,"(f32[1536,1536]{1,0:T(8,128)}, f32[1536,",70.211,0,0
%fusion.361,"(f32[1536,1536]{1,0:T(8,128)S(1)}, f32[1",1891.349,0,0
%fusion.353,"f32[1536,1536]{1,0:T(8,128)S(1)} fusion(",194.065,0,0
%custom-call,f32[196608]{0:T(1024)S(1)} custom-call(c,1.39,0,0
%reshape.4,"f32[128,1536]{1,0:T(8,128)S(1)} reshape(",0.258,0,0
%iota_and_fusion.1,"u32[128]{0:T(128)S(1)} fusion(), kind=kL",0.005,0,0
%iota_shift-right-logical_fusion.1,"u32[128]{0:T(128)S(1)} fusion(), kind=kL",0.005,0,0
%fusion.1757,"(pred[128,128]{1,0:T(8,128)(4,1)S(1)}, f",7.29,0,0
%select_select_fusion.23,"(f32[128,128]{1,0:T(8,128)S(1)}, f32[128",0.985,0,0
%fusion.1327,"f32[128,128]{1,0:T(8,128)S(1)} fusion(pr",0.351,0,0
%add_select_fusion.277,"(f32[128,128]{1,0:T(8,128)S(1)}, f32[128",9.464,0,0
%select_select_fusion.28,"f32[128,128]{1,0:T(8,128)S(1)} fusion(f3",1.147,0,0
%fusion.1567,"(f32[128,128]{1,0:T(8,128)S(1)}, f32[128",1.555,0,0
%add_select_fusion.278,"(f32[128,128]{1,0:T(8,128)S(1)}, f32[128",0.95,0,0
%subtract_select_fusion.29,"f32[128,128]{1,0:T(8,128)S(1)} fusion(pr",0.165,0,0
%fusion.1505,"f32[128,1536]{1,0:T(8,128)S(1)} fusion(f",2.04,0,0
%custom-call.1,f32[196608]{0:T(1024)S(1)} custom-call(c,1.765,0,0
%reshape.12,"f32[128,1536]{1,0:T(8,128)S(1)} reshape(",0.256,0,0
%convolution_subtract_fusion,"f32[128,1536]{1,0:T(8,128)S(1)} fusion(f",1.681,0,0
%is-finite_and_fusion.53,"(pred[128,1536,1]{1,0,2:T(32,128)(4,1)S(",18.562,0,0
%fusion.1762,"(pred[128,1536,1]{1,0,2:T(32,128)(4,1)S(",23.192,0,0
%fusion.931,"(f32[128,1536,1]{1,0,2:T(8,128)S(1)}, f3",30.265,0,0
%add_select_fusion.181,"(f32[128,1536,1]{1,0,2:T(8,128)S(1)}, f3",13.123,0,0
%fusion.967,"(f32[128,1536,1]{1,0,2:T(8,128)S(1)}, f3",59.602,0,0
%fusion.968,"f32[128,1536,1]{1,0,2:T(8,128)S(1)} fusi",0.303,0,0
%fusion.367,"f32[1536,128]{1,0:T(8,128)S(1)} fusion(f",3.204,0,0
%fusion.960,f32[196608]{0:T(1024)S(1)} fusion(f32[15,3.206,0,0
%fusion.963,f32[196608]{0:T(1024)S(1)} fusion(f32[15,3.21,0,0
%custom-call.2,c64[196608]{0:T(1024)} custom-call(f32[1,2.566,0,0
%iota_and_fusion,"u32[1536]{0:T(1024)S(1)} fusion(), kind=",0.006,0,0
%iota_shift-right-logical_fusion,"u32[1536]{0:T(1024)S(1)} fusion(), kind=",0.005,0,0
%add_select_fusion.76,"(f32[1536,1536]{1,0:T(8,128)S(1)}, pred[",1455.055,0,0
%fusion.316,"(f32[1536,1536]{1,0:T(8,128)}, f32[1536,",119.392,0,0
%and_or_fusion.4,"(pred[1536,1536]{1,0:T(8,128)(4,1)}, pre",34.872,0,0
%add_select_fusion.31,"(f32[1536,1536]{1,0:T(8,128)}, f32[1536,",72.416,0,0
%add_select_fusion.43,"(f32[1536,1536]{1,0:T(8,128)}, f32[1536,",70.121,0,0
%fusion.361,"(f32[1536,1536]{1,0:T(8,128)S(1)}, f32[1",1891.349,0,0
%fusion.353,"f32[1536,1536]{1,0:T(8,128)S(1)} fusion(",193.806,0,0
%custom-call,f32[196608]{0:T(1024)S(1)} custom-call(c,1.417,0,0
%reshape.4,"f32[128,1536]{1,0:T(8,128)S(1)} reshape(",0.258,0,0
%iota_and_fusion.1,"u32[128]{0:T(128)S(1)} fusion(), kind=kL",0.005,0,0
%iota_shift-right-logical_fusion.1,"u32[128]{0:T(128)S(1)} fusion(), kind=kL",0.005,0,0
%fusion.1757,"(pred[128,128]{1,0:T(8,128)(4,1)S(1)}, f",7.29,0,0
%select_select_fusion.23,"(f32[128,128]{1,0:T(8,128)S(1)}, f32[128",0.985,0,0
%fusion.1327,"f32[128,128]{1,0:T(8,128)S(1)} fusion(pr",0.351,0,0
%add_select_fusion.277,"(f32[128,128]{1,0:T(8,128)S(1)}, f32[128",9.689,0,0
%select_select_fusion.28,"f32[128,128]{1,0:T(8,128)S(1)} fusion(f3",1.146,0,0
%fusion.1567,"(f32[128,128]{1,0:T(8,128)S(1)}, f32[128",1.555,0,0
%add_select_fusion.278,"(f32[128,128]{1,0:T(8,128)S(1)}, f32[128",0.951,0,0
%subtract_select_fusion.29,"f32[128,128]{1,0:T(8,128)S(1)} fusion(pr",0.164,0,0
%fusion.1505,"f32[128,1536]{1,0:T(8,128)S(1)} fusion(f",2.042,0,0
%custom-call.1,f32[196608]{0:T(1024)S(1)} custom-call(c,1.809,0,0
%reshape.12,"f32[128,1536]{1,0:T(8,128)S(1)} reshape(",0.257,0,0
%convolution_subtract_fusion,"f32[128,1536]{1,0:T(8,128)S(1)} fusion(f",1.683,0,0
%is-finite_and_fusion.53,"(pred[128,1536,1]{1,0,2:T(32,128)(4,1)S(",18.332,0,0
%fusion.1762,"(pred[128,1536,1]{1,0,2:T(32,128)(4,1)S(",23.192,0,0
%fusion.931,"(f32[128,1536,1]{1,0,2:T(8,128)S(1)}, f3",30.266,0,0
%add_select_fusion.181,"(f32[128,1536,1]{1,0,2:T(8,128)S(1)}, f3",13.122,0,0
%fusion.967,"(f32[128,1536,1]{1,0,2:T(8,128)S(1)}, f3",59.681,0,0
%fusion.968,"f32[128,1536,1]{1,0,2:T(8,128)S(1)} fusi",0.301,0,0
%fusion.367,"f32[1536,128]{1,0:T(8,128)S(1)} fusion(f",3.205,0,0
%fusion.960,f32[196608]{0:T(1024)S(1)} fusion(f32[15,3.208,0,0
%fusion.963,f32[196608]{0:T(1024)S(1)} fusion(f32[15,3.211,0,0
%custom-call.2,c64[196608]{0:T(1024)} custom-call(f32[1,2.539,0,0
%iota_and_fusion,"u32[1536]{0:T(1024)S(1)} fusion(), kind=",0.006,0,0
%iota_shift-right-logical_fusion,"u32[1536]{0:T(1024)S(1)} fusion(), kind=",0.006,0,0
%add_select_fusion.76,"(f32[1536,1536]{1,0:T(8,128)S(1)}, pred[",1455.055,0,0
%fusion.316,"(f32[1536,1536]{1,0:T(8,128)}, f32[1536,",119.72,0,0
%and_or_fusion.4,"(pred[1536,1536]{1,0:T(8,128)(4,1)}, pre",34.939,0,0
%add_select_fusion.31,"(f32[1536,1536]{1,0:T(8,128)}, f32[1536,",72.204,0,0
%add_select_fusion.43,"(f32[1536,1536]{1,0:T(8,128)}, f32[1536,",70.246,0,0
%fusion.361,"(f32[1536,1536]{1,0:T(8,128)S(1)}, f32[1",1891.349,0,0
%fusion.353,"f32[1536,1536]{1,0:T(8,128)S(1)} fusion(",193.851,0,0
%custom-call,f32[196608]{0:T(1024)S(1)} custom-call(c,1.395,0,0
%reshape.4,"f32[128,1536]{1,0:T(8,128)S(1)} reshape(",0.258,0,0
%iota_and_fusion.1,"u32[128]{0:T(128)S(1)} fusion(), kind=kL",0.005,0,0
%iota_shift-right-logical_fusion.1,"u32[128]{0:T(128)S(1)} fusion(), kind=kL",0.005,0,0
%fusion.1757,"(pred[128,128]{1,0:T(8,128)(4,1)S(1)}, f",7.291,0,0
%select_select_fusion.23,"(f32[128,128]{1,0:T(8,128)S(1)}, f32[128",0.985,0,0
%fusion.1327,"f32[128,128]{1,0:T(8,128)S(1)} fusion(pr",0.351,0,0
%add_select_fusion.277,"(f32[128,128]{1,0:T(8,128)S(1)}, f32[128",9.464,0,0
%select_select_fusion.28,"f32[128,128]{1,0:T(8,128)S(1)} fusion(f3",1.145,0,0
%fusion.1567,"(f32[128,128]{1,0:T(8,128)S(1)}, f32[128",1.556,0,0
%add_select_fusion.278,"(f32[128,128]{1,0:T(8,128)S(1)}, f32[128",0.95,0,0
%subtract_select_fusion.29,"f32[128,128]{1,0:T(8,128)S(1)} fusion(pr",0.164,0,0
%fusion.1505,"f32[128,1536]{1,0:T(8,128)S(1)} fusion(f",2.041,0,0
%custom-call.1,f32[196608]{0:T(1024)S(1)} custom-call(c,1.69,0,0
%reshape.12,"f32[128,1536]{1,0:T(8,128)S(1)} reshape(",0.258,0,0
%convolution_subtract_fusion,"f32[128,1536]{1,0:T(8,128)S(1)} fusion(f",1.684,0,0
%is-finite_and_fusion.53,"(pred[128,1536,1]{1,0,2:T(32,128)(4,1)S(",18.562,0,0
%fusion.1762,"(pred[128,1536,1]{1,0,2:T(32,128)(4,1)S(",23.192,0,0
%fusion.931,"(f32[128,1536,1]{1,0,2:T(8,128)S(1)}, f3",30.266,0,0
%add_select_fusion.181,"(f32[128,1536,1]{1,0,2:T(8,128)S(1)}, f3",13.123,0,0
%fusion.967,"(f32[128,1536,1]{1,0,2:T(8,128)S(1)}, f3",59.603,0,0
%fusion.968,"f32[128,1536,1]{1,0,2:T(8,128)S(1)} fusi",0.302,0,0
%fusion.367,"f32[1536,128]{1,0:T(8,128)S(1)} fusion(f",3.205,0,0
%fusion.960,f32[196608]{0:T(1024)S(1)} fusion(f32[15,3.207,0,0
%fusion.963,f32[196608]{0:T(1024)S(1)} fusion(f32[15,3.209,0,0
%custom-call.2,c64[196608]{0:T(1024)} custom-call(f32[1,2.539,0,0
%iota_and_fusion,"u32[1536]{0:T(1024)S(1)} fusion(), kind=",0.006,0,0
%iota_shift-right-logical_fusion,"u32[1536]{0:T(1024)S(1)} fusion(), kind=",0.005,0,0
%add_select_fusion.76,"(f32[1536,1536]{1,0:T(8,128)S(1)}, pred[",1455.055,0,0
%fusion.316,"(f32[1536,1536]{1,0:T(8,128)}, f32[1536,",119.441,0,0
%and_or_fusion.4,"(pred[1536,1536]{1,0:T(8,128)(4,1)}, pre",34.806,0,0
%add_select_fusion.31,"(f32[1536,1536]{1,0:T(8,128)}, f32[1536,",72.375,0,0
%add_select_fusion.43,"(f32[1536,1536]{1,0:T(8,128)}, f32[1536,",70.125,0,0
%fusion.361,"(f32[1536,1536]{1,0:T(8,128)S(1)}, f32[1",1891.349,0,0
%fusion.353,"f32[1536,1536]{1,0:T(8,128)S(1)} fusion(",193.816,0,0
%custom-call,f32[196608]{0:T(1024)S(1)} custom-call(c,1.435,0,0
%reshape.4,"f32[128,1536]{1,0:T(8,128)S(1)} reshape(",0.258,0,0
%iota_and_fusion.1,"u32[128]{0:T(128)S(1)} fusion(), kind=kL",0.006,0,0
%iota_shift-right-logical_fusion.1,"u32[128]{0:T(128)S(1)} fusion(), kind=kL",0.004,0,0
%fusion.1757,"(pred[128,128]{1,0:T(8,128)(4,1)S(1)}, f",7.29,0,0
%select_select_fusion.23,"(f32[128,128]{1,0:T(8,128)S(1)}, f32[128",0.985,0,0
%fusion.1327,"f32[128,128]{1,0:T(8,128)S(1)} fusion(pr",0.351,0,0
%add_select_fusion.277,"(f32[128,128]{1,0:T(8,128)S(1)}, f32[128",9.689,0,0
%select_select_fusion.28,"f32[128,128]{1,0:T(8,128)S(1)} fusion(f3",1.147,0,0
%fusion.1567,"(f32[128,128]{1,0:T(8,128)S(1)}, f32[128",1.556,0,0
%add_select_fusion.278,"(f32[128,128]{1,0:T(8,128)S(1)}, f32[128",0.95,0,0
%subtract_select_fusion.29,"f32[128,128]{1,0:T(8,128)S(1)} fusion(pr",0.164,0,0
%fusion.1505,"f32[128,1536]{1,0:T(8,128)S(1)} fusion(f",2.042,0,0
%custom-call.1,f32[196608]{0:T(1024)S(1)} custom-call(c,1.85,0,0
%reshape.12,"f32[128,1536]{1,0:T(8,128)S(1)} reshape(",0.257,0,0
%convolution_subtract_fusion,"f32[128,1536]{1,0:T(8,128)S(1)} fusion(f",1.683,0,0
%is-finite_and_fusion.53,"(pred[128,1536,1]{1,0,2:T(32,128)(4,1)S(",18.331,0,0
%fusion.1762,"(pred[128,1536,1]{1,0,2:T(32,128)(4,1)S(",23.191,0,0
%fusion.931,"(f32[128,1536,1]{1,0,2:T(8,128)S(1)}, f3",30.266,0,0
%add_select_fusion.181,"(f32[128,1536,1]{1,0,2:T(8,128)S(1)}, f3",13.121,0,0
%fusion.967,"(f32[128,1536,1]{1,0,2:T(8,128)S(1)}, f3",59.682,0,0
%fusion.968,"f32[128,1536,1]{1,0,2:T(8,128)S(1)} fusi",0.301,0,0
%fusion.367,"f32[1536,128]{1,0:T(8,128)S(1)} fusion(f",3.205,0,0
%fusion.960,f32[196608]{0:T(1024)S(1)} fusion(f32[15,3.206,0,0
%fusion.963,f32[196608]{0:T(1024)S(1)} fusion(f32[15,3.21,0,0
%custom-call.2,c64[196608]{0:T(1024)} custom-call(f32[1,2.545,0,0
%iota_and_fusion,"u32[1536]{0:T(1024)S(1)} fusion(), kind=",0.006,0,0
%iota_shift-right-logical_fusion,"u32[1536]{0:T(1024)S(1)} fusion(), kind=",0.005,0,0
%add_select_fusion.76,"(f32[1536,1536]{1,0:T(8,128)S(1)}, pred[",1455.055,0,0
%fusion.316,"(f32[1536,1536]{1,0:T(8,128)}, f32[1536,",119.43,0,0
%and_or_fusion.4,"(pred[1536,1536]{1,0:T(8,128)(4,1)}, pre",34.86,0,0
%add_select_fusion.31,"(f32[1536,1536]{1,0:T(8,128)}, f32[1536,",72.201,0,0
%add_select_fusion.43,"(f32[1536,1536]{1,0:T(8,128)}, f32[1536,",70.274,0,0
%fusion.361,"(f32[1536,1536]{1,0:T(8,128)S(1)}, f32[1",1891.35,0,0
%fusion.353,"f32[1536,1536]{1,0:T(8,128)S(1)} fusion(",194.081,0,0
%custom-call,f32[196608]{0:T(1024)S(1)} custom-call(c,1.394,0,0
%reshape.4,"f32[128,1536]{1,0:T(8,128)S(1)} reshape(",0.258,0,0
%iota_and_fusion.1,"u32[128]{0:T(128)S(1)} fusion(), kind=kL",0.005,0,0
%iota_shift-right-logical_fusion.1,"u32[128]{0:T(128)S(1)} fusion(), kind=kL",0.004,0,0
%fusion.1757,"(pred[128,128]{1,0:T(8,128)(4,1)S(1)}, f",7.291,0,0
%select_select_fusion.23,"(f32[128,128]{1,0:T(8,128)S(1)}, f32[128",0.984,0,0
%fusion.1327,"f32[128,128]{1,0:T(8,128)S(1)} fusion(pr",0.351,0,0
%add_select_fusion.277,"(f32[128,128]{1,0:T(8,128)S(1)}, f32[128",9.465,0,0
%select_select_fusion.28,"f32[128,128]{1,0:T(8,128)S(1)} fusion(f3",1.146,0,0
%fusion.1567,"(f32[128,128]{1,0:T(8,128)S(1)}, f32[128",1.555,0,0
%add_select_fusion.278,"(f32[128,128]{1,0:T(8,128)S(1)}, f32[128",0.951,0,0
%subtract_select_fusion.29,"f32[128,128]{1,0:T(8,128)S(1)} fusion(pr",0.164,0,0
%fusion.1505,"f32[128,1536]{1,0:T(8,128)S(1)} fusion(f",2.042,0,0
%custom-call.1,f32[196608]{0:T(1024)S(1)} custom-call(c,1.82,0,0
%reshape.12,"f32[128,1536]{1,0:T(8,128)S(1)} reshape(",0.257,0,0
%convolution_subtract_fusion,"f32[128,1536]{1,0:T(8,128)S(1)} fusion(f",1.683,0,0
%is-finite_and_fusion.53,"(pred[128,1536,1]{1,0,2:T(32,128)(4,1)S(",18.563,0,0
%fusion.1762,"(pred[128,1536,1]{1,0,2:T(32,128)(4,1)S(",23.193,0,0
%fusion.931,"(f32[128,1536,1]{1,0,2:T(8,128)S(1)}, f3",30.265,0,0
%add_select_fusion.181,"(f32[128,1536,1]{1,0,2:T(8,128)S(1)}, f3",13.122,0,0
%fusion.967,"(f32[128,1536,1]{1,0,2:T(8,128)S(1)}, f3",59.602,0,0
%fusion.968,"f32[128,1536,1]{1,0,2:T(8,128)S(1)} fusi",0.302,0,0
%fusion.367,"f32[1536,128]{1,0:T(8,128)S(1)} fusion(f",3.205,0,0
%fusion.960,f32[196608]{0:T(1024)S(1)} fusion(f32[15,3.208,0,0
%fusion.963,f32[196608]{0:T(1024)S(1)} fusion(f32[15,3.209,0,0
%custom-call.2,c64[196608]{0:T(1024)} custom-call(f32[1,2.556,0,0
%iota.1,"f32[16384]{0:T(1024)} iota(), iota_dimen",0.336,0,0
%broadcast_add_fusion,f32[16384]{0:T(1024)} fusion(f32[16384]{,0.76,0,0
%broadcast,f32[16384]{0:T(1024)S(1)} broadcast(f32[,0.014,0,0
%custom-call,c64[16384]{0:T(1024)} custom-call(f32[16,1.07,0,0
%iota_and_fusion,"u32[128]{0:T(128)S(1)} fusion(), kind=kL",0.005,0,0
%iota_shift-right-logical_fusion,"u32[128]{0:T(128)S(1)} fusion(), kind=kL",0.006,0,0
%fusion.1167,"(pred[128,128]{1,0:T(8,128)(4,1)S(1)}, f",1.847,0,0
%fusion.1169,"(pred[128,128]{1,0:T(8,128)(4,1)S(1)}, f",7.276,0,0
%add_select_fusion.180,"(f32[128,128]{1,0:T(8,128)S(1)}, f32[128",9.273,0,0
%select_select_fusion.12,"(f32[128,128]{1,0:T(8,128)S(1)}, f32[128",0.986,0,0
%fusion.953,"(f32[128,128]{1,0:T(8,128)S(1)}, f32[128",0.53,0,0
%add_select_fusion.181,"(f32[128,128]{1,0:T(8,128)S(1)}, f32[128",1.959,0,0
%fusion.1155,"(bf16[128,128]{1,0:T(8,128)(2,1)S(1)}, b",2.33,0,0
%custom-call,f32[16384]{0:T(1024)S(1)} custom-call(c6,0.421,0,0
%fusion.1172,"f32[128,128]{1,0:T(8,128)S(1)} fusion(bf",0.129,0,0
%custom-call.1,f32[16384]{0:T(1024)S(1)} custom-call(c6,0.421,0,0
%fusion.741,"f32[128,128]{1,0:T(8,128)S(1)} fusion(f3",0.134,0,0
%is-finite_and_fusion.22,"(pred[128,128,1]{1,0,2:T(32,128)(4,1)S(1",1.766,0,0
%fusion.1152,"(pred[128,128,1]{1,0,2:T(32,128)(4,1)S(1",2.014,0,0
%fusion.683,"(f32[128,128,1]{1,0,2:T(8,128)S(1)}, f32",2.68,0,0
%add_select_fusion.167,"(f32[128,128,1]{1,0,2:T(8,128)S(1)}, f32",1.129,0,0
%fusion.734,"(f32[128,128,1]{1,0,2:T(8,128)S(1)}, f32",5.219,0,0
%fusion.735,"f32[128,128,1]{1,0,2:T(8,128)S(1)} fusio",0.02,0,0
%fusion.1174,"f32[128,128]{1,0:T(8,128)S(1)} fusion(bf",0.151,0,0
%fusion.726,f32[16384]{0:T(1024)S(1)} fusion(f32[128,0.153,0,0
%fusion.729,f32[16384]{0:T(1024)S(1)} fusion(f32[128,0.155,0,0
%custom-call.2,c64[16384]{0:T(1024)} custom-call(f32[16,0.632,0,0
%iota_and_fusion,"u32[128]{0:T(128)S(1)} fusion(), kind=kL",0.005,0,0
%iota_shift-right-logical_fusion,"u32[128]{0:T(128)S(1)} fusion(), kind=kL",0.004,0,0
%fusion.1167,"(pred[128,128]{1,0:T(8,128)(4,1)S(1)}, f",1.848,0,0
%fusion.1169,"(pred[128,128]{1,0:T(8,128)(4,1)S(1)}, f",7.276,0,0
%add_select_fusion.180,"(f32[128,128]{1,0:T(8,128)S(1)}, f32[128",9.271,0,0
%select_select_fusion.12,"(f32[128,128]{1,0:T(8,128)S(1)}, f32[128",0.985,0,0
%fusion.953,"(f32[128,128]{1,0:T(8,128)S(1)}, f32[128",0.53,0,0
%add_select_fusion.181,"(f32[128,128]{1,0:T(8,128)S(1)}, f32[128",1.959,0,0
%fusion.1155,"(bf16[128,128]{1,0:T(8,128)(2,1)S(1)}, b",2.329,0,0
%custom-call,f32[16384]{0:T(1024)S(1)} custom-call(c6,0.422,0,0
%fusion.1172,"f32[128,128]{1,0:T(8,128)S(1)} fusion(bf",0.129,0,0
%custom-call.1,f32[16384]{0:T(1024)S(1)} custom-call(c6,0.421,0,0
%fusion.741,"f32[128,128]{1,0:T(8,128)S(1)} fusion(f3",0.132,0,0
%is-finite_and_fusion.22,"(pred[128,128,1]{1,0,2:T(32,128)(4,1)S(1",1.765,0,0
%fusion.1152,"(pred[128,128,1]{1,0,2:T(32,128)(4,1)S(1",2.013,0,0
%fusion.683,"(f32[128,128,1]{1,0,2:T(8,128)S(1)}, f32",2.68,0,0
%add_select_fusion.167,"(f32[128,128,1]{1,0,2:T(8,128)S(1)}, f32",1.128,0,0
%fusion.734,"(f32[128,128,1]{1,0,2:T(8,128)S(1)}, f32",5.184,0,0
%fusion.735,"f32[128,128,1]{1,0,2:T(8,128)S(1)} fusio",0.02,0,0
%fusion.1174,"f32[128,128]{1,0:T(8,128)S(1)} fusion(bf",0.151,0,0
%fusion.726,f32[16384]{0:T(1024)S(1)} fusion(f32[128,0.152,0,0
%fusion.729,f32[16384]{0:T(1024)S(1)} fusion(f32[128,0.155,0,0
%custom-call.2,c64[16384]{0:T(1024)} custom-call(f32[16,0.638,0,0
%iota_and_fusion,"u32[128]{0:T(128)S(1)} fusion(), kind=kL",0.004,0,0
%iota_shift-right-logical_fusion,"u32[128]{0:T(128)S(1)} fusion(), kind=kL",0.005,0,0
%fusion.1167,"(pred[128,128]{1,0:T(8,128)(4,1)S(1)}, f",1.847,0,0
%fusion.1169,"(pred[128,128]{1,0:T(8,128)(4,1)S(1)}, f",7.277,0,0
%add_select_fusion.180,"(f32[128,128]{1,0:T(8,128)S(1)}, f32[128",9.273,0,0
%select_select_fusion.12,"(f32[128,128]{1,0:T(8,128)S(1)}, f32[128",0.985,0,0
%fusion.953,"(f32[128,128]{1,0:T(8,128)S(1)}, f32[128",0.53,0,0
%add_select_fusion.181,"(f32[128,128]{1,0:T(8,128)S(1)}, f32[128",1.959,0,0
%fusion.1155,"(bf16[128,128]{1,0:T(8,128)(2,1)S(1)}, b",2.329,0,0
%custom-call,f32[16384]{0:T(1024)S(1)} custom-call(c6,0.421,0,0
%fusion.1172,"f32[128,128]{1,0:T(8,128)S(1)} fusion(bf",0.129,0,0
%custom-call.1,f32[16384]{0:T(1024)S(1)} custom-call(c6,0.421,0,0
%fusion.741,"f32[128,128]{1,0:T(8,128)S(1)} fusion(f3",0.133,0,0
%is-finite_and_fusion.22,"(pred[128,128,1]{1,0,2:T(32,128)(4,1)S(1",1.764,0,0
%fusion.1152,"(pred[128,128,1]{1,0,2:T(32,128)(4,1)S(1",2.016,0,0
%fusion.683,"(f32[128,128,1]{1,0,2:T(8,128)S(1)}, f32",2.68,0,0
%add_select_fusion.167,"(f32[128,128,1]{1,0,2:T(8,128)S(1)}, f32",1.128,0,0
%fusion.734,"(f32[128,128,1]{1,0,2:T(8,128)S(1)}, f32",5.185,0,0
%fusion.735,"f32[128,128,1]{1,0,2:T(8,128)S(1)} fusio",0.02,0,0
%fusion.1174,"f32[128,128]{1,0:T(8,128)S(1)} fusion(bf",0.151,0,0
%fusion.726,f32[16384]{0:T(1024)S(1)} fusion(f32[128,0.153,0,0
%fusion.729,f32[16384]{0:T(1024)S(1)} fusion(f32[128,0.155,0,0
%custom-call.2,c64[16384]{0:T(1024)} custom-call(f32[16,0.637,0,0
%iota_and_fusion,"u32[128]{0:T(128)S(1)} fusion(), kind=kL",0.005,0,0
%iota_shift-right-logical_fusion,"u32[128]{0:T(128)S(1)} fusion(), kind=kL",0.004,0,0
%fusion.1167,"(pred[128,128]{1,0:T(8,128)(4,1)S(1)}, f",1.848,0,0
%fusion.1169,"(pred[128,128]{1,0:T(8,128)(4,1)S(1)}, f",7.276,0,0
%add_select_fusion.180,"(f32[128,128]{1,0:T(8,128)S(1)}, f32[128",9.274,0,0
%select_select_fusion.12,"(f32[128,128]{1,0:T(8,128)S(1)}, f32[128",0.985,0,0
%fusion.953,"(f32[128,128]{1,0:T(8,128)S(1)}, f32[128",0.531,0,0
%add_select_fusion.181,"(f32[128,128]{1,0:T(8,128)S(1)}, f32[128",1.958,0,0
%fusion.1155,"(bf16[128,128]{1,0:T(8,128)(2,1)S(1)}, b",2.33,0,0
%custom-call,f32[16384]{0:T(1024)S(1)} custom-call(c6,0.423,0,0
%fusion.1172,"f32[128,128]{1,0:T(8,128)S(1)} fusion(bf",0.13,0,0
%custom-call.1,f32[16384]{0:T(1024)S(1)} custom-call(c6,0.419,0,0
%fusion.741,"f32[128,128]{1,0:T(8,128)S(1)} fusion(f3",0.131,0,0
%is-finite_and_fusion.22,"(pred[128,128,1]{1,0,2:T(32,128)(4,1)S(1",1.766,0,0
%fusion.1152,"(pred[128,128,1]{1,0,2:T(32,128)(4,1)S(1",2.014,0,0
%fusion.683,"(f32[128,128,1]{1,0,2:T(8,128)S(1)}, f32",2.68,0,0
%add_select_fusion.167,"(f32[128,128,1]{1,0,2:T(8,128)S(1)}, f32",1.129,0,0
%fusion.734,"(f32[128,128,1]{1,0,2:T(8,128)S(1)}, f32",5.184,0,0
%fusion.735,"f32[128,128,1]{1,0,2:T(8,128)S(1)} fusio",0.02,0,0
%fusion.1174,"f32[128,128]{1,0:T(8,128)S(1)} fusion(bf",0.151,0,0
%fusion.726,f32[16384]{0:T(1024)S(1)} fusion(f32[128,0.153,0,0
%fusion.729,f32[16384]{0:T(1024)S(1)} fusion(f32[128,0.155,0,0
%custom-call.2,c64[16384]{0:T(1024)} custom-call(f32[16,0.639,0,0
%iota_and_fusion,"u32[128]{0:T(128)S(1)} fusion(), kind=kL",0.005,0,0
%iota_shift-right-logical_fusion,"u32[128]{0:T(128)S(1)} fusion(), kind=kL",0.005,0,0
%fusion.1167,"(pred[128,128]{1,0:T(8,128)(4,1)S(1)}, f",1.847,0,0
%fusion.1169,"(pred[128,128]{1,0:T(8,128)(4,1)S(1)}, f",7.275,0,0
%add_select_fusion.180,"(f32[128,128]{1,0:T(8,128)S(1)}, f32[128",9.273,0,0
%select_select_fusion.12,"(f32[128,128]{1,0:T(8,128)S(1)}, f32[128",0.986,0,0
%fusion.953,"(f32[128,128]{1,0:T(8,128)S(1)}, f32[128",0.53,0,0
%add_select_fusion.181,"(f32[128,128]{1,0:T(8,128)S(1)}, f32[128",1.959,0,0
%fusion.1155,"(bf16[128,128]{1,0:T(8,128)(2,1)S(1)}, b",2.33,0,0
%custom-call,f32[16384]{0:T(1024)S(1)} custom-call(c6,0.421,0,0
%fusion.1172,"f32[128,128]{1,0:T(8,128)S(1)} fusion(bf",0.13,0,0
%custom-call.1,f32[16384]{0:T(1024)S(1)} custom-call(c6,0.421,0,0
%fusion.741,"f32[128,128]{1,0:T(8,128)S(1)} fusion(f3",0.131,0,0
%is-finite_and_fusion.22,"(pred[128,128,1]{1,0,2:T(32,128)(4,1)S(1",1.766,0,0
%fusion.1152,"(pred[128,128,1]{1,0,2:T(32,128)(4,1)S(1",2.014,0,0
%fusion.683,"(f32[128,128,1]{1,0,2:T(8,128)S(1)}, f32",2.68,0,0
%add_select_fusion.167,"(f32[128,128,1]{1,0,2:T(8,128)S(1)}, f32",1.127,0,0
%fusion.734,"(f32[128,128,1]{1,0,2:T(8,128)S(1)}, f32",5.185,0,0
%fusion.735,"f32[128,128,1]{1,0,2:T(8,128)S(1)} fusio",0.02,0,0
%fusion.1174,"f32[128,128]{1,0:T(8,128)S(1)} fusion(bf",0.151,0,0
%fusion.726,f32[16384]{0:T(1024)S(1)} fusion(f32[128,0.153,0,0
%fusion.729,f32[16384]{0:T(1024)S(1)} fusion(f32[128,0.155,0,0
%custom-call.2,c64[16384]{0:T(1024)} custom-call(f32[16,0.636,0,0
%iota.1,"f32[2097152]{0:T(1024)} iota(), iota_dim",13.012,0,0
%broadcast_add_fusion,f32[2097152]{0:T(1024)} fusion(f32[20971,25.56,0,0
%broadcast,f32[2097152]{0:T(1024)S(1)} broadcast(f3,1.625,0,0
%custom-call,c64[2097152]{0:T(1024)} custom-call(f32[,62.792,0,0
%iota_shift-right-logical_fusion.1,"u32[128]{0:T(128)S(1)} fusion(), kind=kL",0.004,0,0
%copy-start.10,"(u32[128]{0:T(128)}, u32[128]{0:T(128)S(",0.003,0,0
%iota_and_fusion.1,"u32[128]{0:T(128)S(1)} fusion(), kind=kL",0.004,0,0
%copy-start.11,"(u32[128]{0:T(128)}, u32[128]{0:T(128)S(",0.003,0,0
%iota_shift-right-logical_fusion,"u32[16384]{0:T(1024)S(1)} fusion(), kind",0.014,0,0
%copy-start,"(u32[16384]{0:T(1024)}, u32[16384]{0:T(1",0.003,0,0
%iota_and_fusion,"u32[16384]{0:T(1024)S(1)} fusion(), kind",0.015,0,0
%copy-start.1,"(u32[16384]{0:T(1024)}, u32[16384]{0:T(1",0.003,0,0
%is-finite_and_fusion.53,"(pred[128,128]{1,0:T(8,128)(4,1)S(1)}, f",7.803,0,0
%fusion.1781,"(pred[128,128]{1,0:T(8,128)(4,1)S(1)}, f",1.706,0,0
%select_select_fusion.23,"(f32[128,128]{1,0:T(8,128)S(1)}, f32[128",0.981,0,0
%fusion.1345,"(f32[128,128]{1,0:T(8,128)}, f32[128,128",11.549,0,0
%add_select_fusion.276,"(f32[128,128]{1,0:T(8,128)S(1)}, f32[128",10.171,0,0
%fusion.1565,"(f32[128,128]{1,0:T(8,128)S(1)}, f32[128",0.531,0,0
%add_select_fusion.277,"(f32[128,128]{1,0:T(8,128)S(1)}, f32[128",1.956,0,0
%fusion.1773,"(bf16[128,128]{1,0:T(8,128)(2,1)S(1)}, b",2.328,0,0
%copy-start.2,"(bf16[128,128]{1,0:T(8,128)(2,1)}, bf16[",0.001,0,0
%copy-start.6,"(bf16[128,128]{1,0:T(8,128)(2,1)}, bf16[",0.003,0,0
%copy-start.4,"(bf16[128,128]{1,0:T(8,128)(2,1)}, bf16[",0.003,0,0
%custom-call.1,f32[2097152]{0:T(1024)S(1)} custom-call(,11.857,0,0
%reshape.14,"f32[128,16384]{1,0:T(8,128)S(1)} reshape",2.869,0,0
%custom-call,f32[2097152]{0:T(1024)S(1)} custom-call(,11.464,0,0
%reshape.6,"f32[128,16384]{1,0:T(8,128)S(1)} reshape",3.09,0,0
%copy-done.2,"bf16[128,128]{1,0:T(8,128)(2,1)} copy-do",0.003,0,0
%fusion.1792,"f32[128,16384]{1,0:T(8,128)S(1)} fusion(",2.841,0,0
%copy-done.6,"bf16[128,128]{1,0:T(8,128)(2,1)} copy-do",0.004,0,0
%convolution_subtract_fusion.1,"f32[128,16384]{1,0:T(8,128)S(1)} fusion(",2.853,0,0
%copy-done.4,"bf16[128,128]{1,0:T(8,128)(2,1)} copy-do",0.004,0,0
%convolution_add_fusion.1,"f32[128,16384]{1,0:T(8,128)S(1)} fusion(",2.854,0,0
%is-finite_and_fusion.22,"(pred[128,16384,1]{1,0,2:T(8,128)(4,1)S(",204.413,0,0
%fusion.1770,"(pred[128,16384,1]{1,0,2:T(8,128)(4,1)},",240.227,0,0
%copy-done.10,u32[128]{0:T(128)} copy-done((u32[128]{0,0.004,0,0
%copy-done.11,u32[128]{0:T(128)} copy-done((u32[128]{0,0.004,0,0
%copy-done,u32[16384]{0:T(1024)} copy-done((u32[163,0.003,0,0
%copy-done.1,u32[16384]{0:T(1024)} copy-done((u32[163,0.003,0,0
%fusion.335,"(f32[128,16384,1]{1,0,2:T(8,128)S(1)}, f",317.439,0,0
%add_select_fusion.84,"(f32[128,16384,1]{1,0,2:T(8,128)}, f32[1",142.329,0,0
%fusion.375,"(f32[16,8,128,128]{3,1,2,0:T(8,128)S(1)}",1428.753,0,0
%fusion.377,"f32[16,8,128,128]{3,1,2,0:T(8,128)S(1)} ",11.951,0,0
%copy.6,"f32[16,8,128,128]{3,2,1,0:T(8,128)S(1)} ",2.474,0,0
%copy.2,"f32[128,128,128]{2,0,1:T(8,128)S(1)} cop",8.135,0,0
%copy.5,"f32[16,8,128,128]{3,2,1,0:T(8,128)S(1)} ",2.474,0,0
%copy-start.3,"(bf16[128,128]{1,0:T(8,128)(2,1)S(1)}, b",0.003,0,0
%copy,"f32[128,128,128]{2,0,1:T(8,128)S(1)} cop",8.141,0,0
%copy-done.3,"bf16[128,128]{1,0:T(8,128)(2,1)S(1)} cop",0.004,0,0
%copy-start.7,"(bf16[128,128]{1,0:T(8,128)(2,1)S(1)}, b",0.003,0,0
%fusion.1360,"f32[128,128,128]{2,0,1:T(8,128)S(1)} fus",2.841,0,0
%copy-done.7,"bf16[128,128]{1,0:T(8,128)(2,1)S(1)} cop",0.004,0,0
%copy-start.5,"(bf16[128,128]{1,0:T(8,128)(2,1)S(1)}, b",0.003,0,0
%copy-start.8,"(f32[128,128]{1,0:T(8,128)S(1)}, f32[128",0.003,0,0
%copy-start.9,"(f32[128,128]{1,0:T(8,128)S(1)}, f32[128",0.004,0,0
%convolution_subtract_fusion,"f32[128,128,128]{2,0,1:T(8,128)S(1)} fus",2.853,0,0
%copy-done.5,"bf16[128,128]{1,0:T(8,128)(2,1)S(1)} cop",0.004,0,0
%copy-done.8,"f32[128,128]{1,0:T(8,128)S(1)} copy-done",0.004,0,0
%copy-done.9,"f32[128,128]{1,0:T(8,128)S(1)} copy-done",0.004,0,0
%fusion.373,"(f32[128,128,128]{2,1,0:T(8,128)S(1)}, f",25.968,0,0
%fusion.370,"f32[128,16384]{1,0:T(8,128)S(1)} fusion(",12.473,0,0
%fusion.367,"f32[16,128,8,128]{3,2,1,0:T(8,128)S(1)} ",28.004,0,0
%fusion.364,"f32[16,128,8,128]{3,2,1,0:T(8,128)S(1)} ",28.004,0,0
%copy.9,"f32[16,128,8,128]{3,1,2,0:T(8,128)S(1)} ",2.475,0,0
%copy.10,"f32[16,128,8,128]{3,1,2,0:T(8,128)S(1)} ",2.474,0,0
%custom-call.2,c64[2097152]{0:T(1024)} custom-call(f32[,25.779,0,0
%iota_shift-right-logical_fusion.1,"u32[128]{0:T(128)S(1)} fusion(), kind=kL",0.005,0,0
%copy-start.10,"(u32[128]{0:T(128)}, u32[128]{0:T(128)S(",0.003,0,0
%iota_and_fusion.1,"u32[128]{0:T(128)S(1)} fusion(), kind=kL",0.005,0,0
%copy-start.11,"(u32[128]{0:T(128)}, u32[128]{0:T(128)S(",0.003,0,0
%iota_shift-right-logical_fusion,"u32[16384]{0:T(1024)S(1)} fusion(), kind",0.016,0,0
%copy-start,"(u32[16384]{0:T(1024)}, u32[16384]{0:T(1",0.003,0,0
%iota_and_fusion,"u32[16384]{0:T(1024)S(1)} fusion(), kind",0.015,0,0
%copy-start.1,"(u32[16384]{0:T(1024)}, u32[16384]{0:T(1",0.003,0,0
%is-finite_and_fusion.53,"(pred[128,128]{1,0:T(8,128)(4,1)S(1)}, f",7.803,0,0
%fusion.1781,"(pred[128,128]{1,0:T(8,128)(4,1)S(1)}, f",1.706,0,0
%select_select_fusion.23,"(f32[128,128]{1,0:T(8,128)S(1)}, f32[128",0.98,0,0
%fusion.1345,"(f32[128,128]{1,0:T(8,128)}, f32[128,128",11.547,0,0
%add_select_fusion.276,"(f32[128,128]{1,0:T(8,128)S(1)}, f32[128",10.171,0,0
%fusion.1565,"(f32[128,128]{1,0:T(8,128)S(1)}, f32[128",0.531,0,0
%add_select_fusion.277,"(f32[128,128]{1,0:T(8,128)S(1)}, f32[128",1.956,0,0
%fusion.1773,"(bf16[128,128]{1,0:T(8,128)(2,1)S(1)}, b",2.329,0,0
%copy-start.2,"(bf16[128,128]{1,0:T(8,128)(2,1)}, bf16[",0.001,0,0
%copy-start.6,"(bf16[128,128]{1,0:T(8,128)(2,1)}, bf16[",0.003,0,0
%copy-start.4,"(bf16[128,128]{1,0:T(8,128)(2,1)}, bf16[",0.004,0,0
%custom-call.1,f32[2097152]{0:T(1024)S(1)} custom-call(,11.785,0,0
%reshape.14,"f32[128,16384]{1,0:T(8,128)S(1)} reshape",2.869,0,0
%custom-call,f32[2097152]{0:T(1024)S(1)} custom-call(,11.479,0,0
%reshape.6,"f32[128,16384]{1,0:T(8,128)S(1)} reshape",3.343,0,0
%copy-done.2,"bf16[128,128]{1,0:T(8,128)(2,1)} copy-do",0.003,0,0
%fusion.1792,"f32[128,16384]{1,0:T(8,128)S(1)} fusion(",2.842,0,0
%copy-done.6,"bf16[128,128]{1,0:T(8,128)(2,1)} copy-do",0.003,0,0
%convolution_subtract_fusion.1,"f32[128,16384]{1,0:T(8,128)S(1)} fusion(",2.854,0,0
%copy-done.4,"bf16[128,128]{1,0:T(8,128)(2,1)} copy-do",0.003,0,0
%convolution_add_fusion.1,"f32[128,16384]{1,0:T(8,128)S(1)} fusion(",2.854,0,0
%is-finite_and_fusion.22,"(pred[128,16384,1]{1,0,2:T(8,128)(4,1)S(",204.415,0,0
%fusion.1770,"(pred[128,16384,1]{1,0,2:T(8,128)(4,1)},",239.994,0,0
%copy-done.10,u32[128]{0:T(128)} copy-done((u32[128]{0,0.003,0,0
%copy-done.11,u32[128]{0:T(128)} copy-done((u32[128]{0,0.003,0,0
%copy-done,u32[16384]{0:T(1024)} copy-done((u32[163,0.004,0,0
%copy-done.1,u32[16384]{0:T(1024)} copy-done((u32[163,0.003,0,0
%fusion.335,"(f32[128,16384,1]{1,0,2:T(8,128)S(1)}, f",317.438,0,0
%add_select_fusion.84,"(f32[128,16384,1]{1,0,2:T(8,128)}, f32[1",142.366,0,0
%fusion.375,"(f32[16,8,128,128]{3,1,2,0:T(8,128)S(1)}",1428.754,0,0
%fusion.377,"f32[16,8,128,128]{3,1,2,0:T(8,128)S(1)} ",11.951,0,0
%copy.6,"f32[16,8,128,128]{3,2,1,0:T(8,128)S(1)} ",2.475,0,0
%copy.2,"f32[128,128,128]{2,0,1:T(8,128)S(1)} cop",8.135,0,0
%copy.5,"f32[16,8,128,128]{3,2,1,0:T(8,128)S(1)} ",2.474,0,0
%copy-start.3,"(bf16[128,128]{1,0:T(8,128)(2,1)S(1)}, b",0.003,0,0
%copy,"f32[128,128,128]{2,0,1:T(8,128)S(1)} cop",8.142,0,0
%copy-done.3,"bf16[128,128]{1,0:T(8,128)(2,1)S(1)} cop",0.004,0,0
%copy-start.7,"(bf16[128,128]{1,0:T(8,128)(2,1)S(1)}, b",0.003,0,0
%fusion.1360,"f32[128,128,128]{2,0,1:T(8,128)S(1)} fus",2.842,0,0
%copy-done.7,"bf16[128,128]{1,0:T(8,128)(2,1)S(1)} cop",0.004,0,0
%copy-start.5,"(bf16[128,128]{1,0:T(8,128)(2,1)S(1)}, b",0.004,0,0
%copy-start.8,"(f32[128,128]{1,0:T(8,128)S(1)}, f32[128",0.003,0,0
%copy-start.9,"(f32[128,128]{1,0:T(8,128)S(1)}, f32[128",0.003,0,0
%convolution_subtract_fusion,"f32[128,128,128]{2,0,1:T(8,128)S(1)} fus",2.854,0,0
%copy-done.5,"bf16[128,128]{1,0:T(8,128)(2,1)S(1)} cop",0.004,0,0
%copy-done.8,"f32[128,128]{1,0:T(8,128)S(1)} copy-done",0.003,0,0
%copy-done.9,"f32[128,128]{1,0:T(8,128)S(1)} copy-done",0.004,0,0
%fusion.373,"(f32[128,128,128]{2,1,0:T(8,128)S(1)}, f",25.966,0,0
%fusion.370,"f32[128,16384]{1,0:T(8,128)S(1)} fusion(",12.473,0,0
%fusion.367,"f32[16,128,8,128]{3,2,1,0:T(8,128)S(1)} ",28.004,0,0
%fusion.364,"f32[16,128,8,128]{3,2,1,0:T(8,128)S(1)} ",28.004,0,0
%copy.9,"f32[16,128,8,128]{3,1,2,0:T(8,128)S(1)} ",2.474,0,0
%copy.10,"f32[16,128,8,128]{3,1,2,0:T(8,128)S(1)} ",2.474,0,0
%custom-call.2,c64[2097152]{0:T(1024)} custom-call(f32[,25.749,0,0
%iota_shift-right-logical_fusion.1,"u32[128]{0:T(128)S(1)} fusion(), kind=kL",0.005,0,0
%copy-start.10,"(u32[128]{0:T(128)}, u32[128]{0:T(128)S(",0.004,0,0
%iota_and_fusion.1,"u32[128]{0:T(128)S(1)} fusion(), kind=kL",0.004,0,0
%copy-start.11,"(u32[128]{0:T(128)}, u32[128]{0:T(128)S(",0.003,0,0
%iota_shift-right-logical_fusion,"u32[16384]{0:T(1024)S(1)} fusion(), kind",0.016,0,0
%copy-start,"(u32[16384]{0:T(1024)}, u32[16384]{0:T(1",0.003,0,0
%iota_and_fusion,"u32[16384]{0:T(1024)S(1)} fusion(), kind",0.016,0,0
%copy-start.1,"(u32[16384]{0:T(1024)}, u32[16384]{0:T(1",0.003,0,0
%is-finite_and_fusion.53,"(pred[128,128]{1,0:T(8,128)(4,1)S(1)}, f",7.802,0,0
%fusion.1781,"(pred[128,128]{1,0:T(8,128)(4,1)S(1)}, f",1.706,0,0
%select_select_fusion.23,"(f32[128,128]{1,0:T(8,128)S(1)}, f32[128",0.98,0,0
%fusion.1345,"(f32[128,128]{1,0:T(8,128)}, f32[128,128",11.549,0,0
%add_select_fusion.276,"(f32[128,128]{1,0:T(8,128)S(1)}, f32[128",10.171,0,0
%fusion.1565,"(f32[128,128]{1,0:T(8,128)S(1)}, f32[128",0.531,0,0
%add_select_fusion.277,"(f32[128,128]{1,0:T(8,128)S(1)}, f32[128",1.956,0,0
%fusion.1773,"(bf16[128,128]{1,0:T(8,128)(2,1)S(1)}, b",2.329,0,0
%copy-start.2,"(bf16[128,128]{1,0:T(8,128)(2,1)}, bf16[",0.004,0,0
%copy-start.6,"(bf16[128,128]{1,0:T(8,128)(2,1)}, bf16[",0.003,0,0
%copy-start.4,"(bf16[128,128]{1,0:T(8,128)(2,1)}, bf16[",0.004,0,0
%custom-call.1,f32[2097152]{0:T(1024)S(1)} custom-call(,11.791,0,0
%reshape.14,"f32[128,16384]{1,0:T(8,128)S(1)} reshape",2.87,0,0
%custom-call,f32[2097152]{0:T(1024)S(1)} custom-call(,11.482,0,0
%reshape.6,"f32[128,16384]{1,0:T(8,128)S(1)} reshape",3.051,0,0
%copy-done.2,"bf16[128,128]{1,0:T(8,128)(2,1)} copy-do",0.003,0,0
%fusion.1792,"f32[128,16384]{1,0:T(8,128)S(1)} fusion(",2.841,0,0
%copy-done.6,"bf16[128,128]{1,0:T(8,128)(2,1)} copy-do",0.004,0,0
%convolution_subtract_fusion.1,"f32[128,16384]{1,0:T(8,128)S(1)} fusion(",2.854,0,0
%copy-done.4,"bf16[128,128]{1,0:T(8,128)(2,1)} copy-do",0.004,0,0
%convolution_add_fusion.1,"f32[128,16384]{1,0:T(8,128)S(1)} fusion(",2.853,0,0
%is-finite_and_fusion.22,"(pred[128,16384,1]{1,0,2:T(8,128)(4,1)S(",204.414,0,0
%fusion.1770,"(pred[128,16384,1]{1,0,2:T(8,128)(4,1)},",240.036,0,0
%copy-done.10,u32[128]{0:T(128)} copy-done((u32[128]{0,0.004,0,0
%copy-done.11,u32[128]{0:T(128)} copy-done((u32[128]{0,0.004,0,0
%copy-done,u32[16384]{0:T(1024)} copy-done((u32[163,0.004,0,0
%copy-done.1,u32[16384]{0:T(1024)} copy-done((u32[163,0.004,0,0
%fusion.335,"(f32[128,16384,1]{1,0,2:T(8,128)S(1)}, f",317.438,0,0
%add_select_fusion.84,"(f32[128,16384,1]{1,0,2:T(8,128)}, f32[1",142.404,0,0
%fusion.375,"(f32[16,8,128,128]{3,1,2,0:T(8,128)S(1)}",1428.754,0,0
%fusion.377,"f32[16,8,128,128]{3,1,2,0:T(8,128)S(1)} ",11.981,0,0
%copy.6,"f32[16,8,128,128]{3,2,1,0:T(8,128)S(1)} ",2.475,0,0
%copy.2,"f32[128,128,128]{2,0,1:T(8,128)S(1)} cop",8.136,0,0
%copy.5,"f32[16,8,128,128]{3,2,1,0:T(8,128)S(1)} ",2.474,0,0
%copy-start.3,"(bf16[128,128]{1,0:T(8,128)(2,1)S(1)}, b",0.003,0,0
%copy,"f32[128,128,128]{2,0,1:T(8,128)S(1)} cop",8.141,0,0
%copy-done.3,"bf16[128,128]{1,0:T(8,128)(2,1)S(1)} cop",0.004,0,0
%copy-start.7,"(bf16[128,128]{1,0:T(8,128)(2,1)S(1)}, b",0.003,0,0
%fusion.1360,"f32[128,128,128]{2,0,1:T(8,128)S(1)} fus",2.84,0,0
%copy-done.7,"bf16[128,128]{1,0:T(8,128)(2,1)S(1)} cop",0.004,0,0
%copy-start.5,"(bf16[128,128]{1,0:T(8,128)(2,1)S(1)}, b",0.003,0,0
%copy-start.8,"(f32[128,128]{1,0:T(8,128)S(1)}, f32[128",0.003,0,0
%copy-start.9,"(f32[128,128]{1,0:T(8,128)S(1)}, f32[128",0.003,0,0
%convolution_subtract_fusion,"f32[128,128,128]{2,0,1:T(8,128)S(1)} fus",2.851,0,0
%copy-done.5,"bf16[128,128]{1,0:T(8,128)(2,1)S(1)} cop",0.004,0,0
%copy-done.8,"f32[128,128]{1,0:T(8,128)S(1)} copy-done",0.004,0,0
%copy-done.9,"f32[128,128]{1,0:T(8,128)S(1)} copy-done",0.003,0,0
%fusion.373,"(f32[128,128,128]{2,1,0:T(8,128)S(1)}, f",25.967,0,0
%fusion.370,"f32[128,16384]{1,0:T(8,128)S(1)} fusion(",12.474,0,0
%fusion.367,"f32[16,128,8,128]{3,2,1,0:T(8,128)S(1)} ",28.003,0,0
%fusion.364,"f32[16,128,8,128]{3,2,1,0:T(8,128)S(1)} ",28.004,0,0
%copy.9,"f32[16,128,8,128]{3,1,2,0:T(8,128)S(1)} ",2.475,0,0
%copy.10,"f32[16,128,8,128]{3,1,2,0:T(8,128)S(1)} ",2.474,0,0
%custom-call.2,c64[2097152]{0:T(1024)} custom-call(f32[,25.576,0,0
%iota_shift-right-logical_fusion.1,"u32[128]{0:T(128)S(1)} fusion(), kind=kL",0.005,0,0
%copy-start.10,"(u32[128]{0:T(128)}, u32[128]{0:T(128)S(",0.003,0,0
%iota_and_fusion.1,"u32[128]{0:T(128)S(1)} fusion(), kind=kL",0.006,0,0
%copy-start.11,"(u32[128]{0:T(128)}, u32[128]{0:T(128)S(",0.004,0,0
%iota_shift-right-logical_fusion,"u32[16384]{0:T(1024)S(1)} fusion(), kind",0.016,0,0
%copy-start,"(u32[16384]{0:T(1024)}, u32[16384]{0:T(1",0.004,0,0
%iota_and_fusion,"u32[16384]{0:T(1024)S(1)} fusion(), kind",0.016,0,0
%copy-start.1,"(u32[16384]{0:T(1024)}, u32[16384]{0:T(1",0.003,0,0
%is-finite_and_fusion.53,"(pred[128,128]{1,0:T(8,128)(4,1)S(1)}, f",7.803,0,0
%fusion.1781,"(pred[128,128]{1,0:T(8,128)(4,1)S(1)}, f",1.705,0,0
%select_select_fusion.23,"(f32[128,128]{1,0:T(8,128)S(1)}, f32[128",0.98,0,0
%fusion.1345,"(f32[128,128]{1,0:T(8,128)}, f32[128,128",11.548,0,0
%add_select_fusion.276,"(f32[128,128]{1,0:T(8,128)S(1)}, f32[128",10.174,0,0
%fusion.1565,"(f32[128,128]{1,0:T(8,128)S(1)}, f32[128",0.53,0,0
%add_select_fusion.277,"(f32[128,128]{1,0:T(8,128)S(1)}, f32[128",1.956,0,0
%fusion.1773,"(bf16[128,128]{1,0:T(8,128)(2,1)S(1)}, b",2.329,0,0
%copy-start.2,"(bf16[128,128]{1,0:T(8,128)(2,1)}, bf16[",0.002,0,0
%copy-start.6,"(bf16[128,128]{1,0:T(8,128)(2,1)}, bf16[",0.003,0,0
%copy-start.4,"(bf16[128,128]{1,0:T(8,128)(2,1)}, bf16[",0.003,0,0
%custom-call.1,f32[2097152]{0:T(1024)S(1)} custom-call(,11.5,0,0
%reshape.14,"f32[128,16384]{1,0:T(8,128)S(1)} reshape",2.869,0,0
%custom-call,f32[2097152]{0:T(1024)S(1)} custom-call(,11.52,0,0
%reshape.6,"f32[128,16384]{1,0:T(8,128)S(1)} reshape",3.091,0,0
%copy-done.2,"bf16[128,128]{1,0:T(8,128)(2,1)} copy-do",0.004,0,0
%fusion.1792,"f32[128,16384]{1,0:T(8,128)S(1)} fusion(",2.84,0,0
%copy-done.6,"bf16[128,128]{1,0:T(8,128)(2,1)} copy-do",0.004,0,0
%convolution_subtract_fusion.1,"f32[128,16384]{1,0:T(8,128)S(1)} fusion(",2.853,0,0
%copy-done.4,"bf16[128,128]{1,0:T(8,128)(2,1)} copy-do",0.004,0,0
%convolution_add_fusion.1,"f32[128,16384]{1,0:T(8,128)S(1)} fusion(",2.853,0,0
%is-finite_and_fusion.22,"(pred[128,16384,1]{1,0,2:T(8,128)(4,1)S(",204.414,0,0
%fusion.1770,"(pred[128,16384,1]{1,0,2:T(8,128)(4,1)},",240.226,0,0
%copy-done.10,u32[128]{0:T(128)} copy-done((u32[128]{0,0.003,0,0
%copy-done.11,u32[128]{0:T(128)} copy-done((u32[128]{0,0.004,0,0
%copy-done,u32[16384]{0:T(1024)} copy-done((u32[163,0.004,0,0
%copy-done.1,u32[16384]{0:T(1024)} copy-done((u32[163,0.003,0,0
%fusion.335,"(f32[128,16384,1]{1,0,2:T(8,128)S(1)}, f",317.439,0,0
%add_select_fusion.84,"(f32[128,16384,1]{1,0,2:T(8,128)}, f32[1",142.327,0,0
%fusion.375,"(f32[16,8,128,128]{3,1,2,0:T(8,128)S(1)}",1428.751,0,0
%fusion.377,"f32[16,8,128,128]{3,1,2,0:T(8,128)S(1)} ",11.97,0,0
%copy.6,"f32[16,8,128,128]{3,2,1,0:T(8,128)S(1)} ",2.474,0,0
%copy.2,"f32[128,128,128]{2,0,1:T(8,128)S(1)} cop",8.134,0,0
%copy.5,"f32[16,8,128,128]{3,2,1,0:T(8,128)S(1)} ",2.474,0,0
%copy-start.3,"(bf16[128,128]{1,0:T(8,128)(2,1)S(1)}, b",0.003,0,0
%copy,"f32[128,128,128]{2,0,1:T(8,128)S(1)} cop",8.145,0,0
%copy-done.3,"bf16[128,128]{1,0:T(8,128)(2,1)S(1)} cop",0.004,0,0
%copy-start.7,"(bf16[128,128]{1,0:T(8,128)(2,1)S(1)}, b",0.003,0,0
%fusion.1360,"f32[128,128,128]{2,0,1:T(8,128)S(1)} fus",2.841,0,0
%copy-done.7,"bf16[128,128]{1,0:T(8,128)(2,1)S(1)} cop",0.004,0,0
%copy-start.5,"(bf16[128,128]{1,0:T(8,128)(2,1)S(1)}, b",0.003,0,0
%copy-start.8,"(f32[128,128]{1,0:T(8,128)S(1)}, f32[128",0.003,0,0
%copy-start.9,"(f32[128,128]{1,0:T(8,128)S(1)}, f32[128",0.003,0,0
%convolution_subtract_fusion,"f32[128,128,128]{2,0,1:T(8,128)S(1)} fus",2.851,0,0
%copy-done.5,"bf16[128,128]{1,0:T(8,128)(2,1)S(1)} cop",0.004,0,0
%copy-done.8,"f32[128,128]{1,0:T(8,128)S(1)} copy-done",0.004,0,0
%copy-done.9,"f32[128,128]{1,0:T(8,128)S(1)} copy-done",0.004,0,0
%fusion.373,"(f32[128,128,128]{2,1,0:T(8,128)S(1)}, f",25.969,0,0
%fusion.370,"f32[128,16384]{1,0:T(8,128)S(1)} fusion(",12.475,0,0
%fusion.367,"f32[16,128,8,128]{3,2,1,0:T(8,128)S(1)} ",28.004,0,0
%fusion.364,"f32[16,128,8,128]{3,2,1,0:T(8,128)S(1)} ",28.004,0,0
%copy.9,"f32[16,128,8,128]{3,1,2,0:T(8,128)S(1)} ",2.475,0,0
%copy.10,"f32[16,128,8,128]{3,1,2,0:T(8,128)S(1)} ",2.475,0,0
%custom-call.2,c64[2097152]{0:T(1024)} custom-call(f32[,25.448,0,0
%iota_shift-right-logical_fusion.1,"u32[128]{0:T(128)S(1)} fusion(), kind=kL",0.005,0,0
%copy-start.10,"(u32[128]{0:T(128)}, u32[128]{0:T(128)S(",0.003,0,0
%iota_and_fusion.1,"u32[128]{0:T(128)S(1)} fusion(), kind=kL",0.005,0,0
%copy-start.11,"(u32[128]{0:T(128)}, u32[128]{0:T(128)S(",0.004,0,0
%iota_shift-right-logical_fusion,"u32[16384]{0:T(1024)S(1)} fusion(), kind",0.015,0,0
%copy-start,"(u32[16384]{0:T(1024)}, u32[16384]{0:T(1",0.003,0,0
%iota_and_fusion,"u32[16384]{0:T(1024)S(1)} fusion(), kind",0.015,0,0
%copy-start.1,"(u32[16384]{0:T(1024)}, u32[16384]{0:T(1",0.003,0,0
%is-finite_and_fusion.53,"(pred[128,128]{1,0:T(8,128)(4,1)S(1)}, f",7.803,0,0
%fusion.1781,"(pred[128,128]{1,0:T(8,128)(4,1)S(1)}, f",1.706,0,0
%select_select_fusion.23,"(f32[128,128]{1,0:T(8,128)S(1)}, f32[128",0.98,0,0
%fusion.1345,"(f32[128,128]{1,0:T(8,128)}, f32[128,128",11.546,0,0
%add_select_fusion.276,"(f32[128,128]{1,0:T(8,128)S(1)}, f32[128",10.174,0,0
%fusion.1565,"(f32[128,128]{1,0:T(8,128)S(1)}, f32[128",0.531,0,0
%add_select_fusion.277,"(f32[128,128]{1,0:T(8,128)S(1)}, f32[128",1.957,0,0
%fusion.1773,"(bf16[128,128]{1,0:T(8,128)(2,1)S(1)}, b",2.329,0,0
%copy-start.2,"(bf16[128,128]{1,0:T(8,128)(2,1)}, bf16[",0.002,0,0
%copy-start.6,"(bf16[128,128]{1,0:T(8,128)(2,1)}, bf16[",0.003,0,0
%copy-start.4,"(bf16[128,128]{1,0:T(8,128)(2,1)}, bf16[",0.003,0,0
%custom-call.1,f32[2097152]{0:T(1024)S(1)} custom-call(,11.661,0,0
%reshape.14,"f32[128,16384]{1,0:T(8,128)S(1)} reshape",2.869,0,0
%custom-call,f32[2097152]{0:T(1024)S(1)} custom-call(,11.456,0,0
%reshape.6,"f32[128,16384]{1,0:T(8,128)S(1)} reshape",3.344,0,0
%copy-done.2,"bf16[128,128]{1,0:T(8,128)(2,1)} copy-do",0.003,0,0
%fusion.1792,"f32[128,16384]{1,0:T(8,128)S(1)} fusion(",2.841,0,0
%copy-done.6,"bf16[128,128]{1,0:T(8,128)(2,1)} copy-do",0.003,0,0
%convolution_subtract_fusion.1,"f32[128,16384]{1,0:T(8,128)S(1)} fusion(",2.853,0,0
%copy-done.4,"bf16[128,128]{1,0:T(8,128)(2,1)} copy-do",0.004,0,0
%convolution_add_fusion.1,"f32[128,16384]{1,0:T(8,128)S(1)} fusion(",2.853,0,0
%is-finite_and_fusion.22,"(pred[128,16384,1]{1,0,2:T(8,128)(4,1)S(",204.414,0,0
%fusion.1770,"(pred[128,16384,1]{1,0,2:T(8,128)(4,1)},",239.996,0,0
%copy-done.10,u32[128]{0:T(128)} copy-done((u32[128]{0,0.004,0,0
%copy-done.11,u32[128]{0:T(128)} copy-done((u32[128]{0,0.004,0,0
%copy-done,u32[16384]{0:T(1024)} copy-done((u32[163,0.003,0,0
%copy-done.1,u32[16384]{0:T(1024)} copy-done((u32[163,0.003,0,0
%fusion.335,"(f32[128,16384,1]{1,0,2:T(8,128)S(1)}, f",317.439,0,0
%add_select_fusion.84,"(f32[128,16384,1]{1,0,2:T(8,128)}, f32[1",142.368,0,0
%fusion.375,"(f32[16,8,128,128]{3,1,2,0:T(8,128)S(1)}",1428.753,0,0
%fusion.377,"f32[16,8,128,128]{3,1,2,0:T(8,128)S(1)} ",12.146,0,0
%copy.6,"f32[16,8,128,128]{3,2,1,0:T(8,128)S(1)} ",2.474,0,0
%copy.2,"f32[128,128,128]{2,0,1:T(8,128)S(1)} cop",8.135,0,0
%copy.5,"f32[16,8,128,128]{3,2,1,0:T(8,128)S(1)} ",2.474,0,0
%copy-start.3,"(bf16[128,128]{1,0:T(8,128)(2,1)S(1)}, b",0.003,0,0
%copy,"f32[128,128,128]{2,0,1:T(8,128)S(1)} cop",8.141,0,0
%copy-done.3,"bf16[128,128]{1,0:T(8,128)(2,1)S(1)} cop",0.004,0,0
%copy-start.7,"(bf16[128,128]{1,0:T(8,128)(2,1)S(1)}, b",0.003,0,0
%fusion.1360,"f32[128,128,128]{2,0,1:T(8,128)S(1)} fus",2.841,0,0
%copy-done.7,"bf16[128,128]{1,0:T(8,128)(2,1)S(1)} cop",0.004,0,0
%copy-start.5,"(bf16[128,128]{1,0:T(8,128)(2,1)S(1)}, b",0.003,0,0
%copy-start.8,"(f32[128,128]{1,0:T(8,128)S(1)}, f32[128",0.003,0,0
%copy-start.9,"(f32[128,128]{1,0:T(8,128)S(1)}, f32[128",0.003,0,0
%convolution_subtract_fusion,"f32[128,128,128]{2,0,1:T(8,128)S(1)} fus",2.853,0,0
%copy-done.5,"bf16[128,128]{1,0:T(8,128)(2,1)S(1)} cop",0.004,0,0
%copy-done.8,"f32[128,128]{1,0:T(8,128)S(1)} copy-done",0.004,0,0
%copy-done.9,"f32[128,128]{1,0:T(8,128)S(1)} copy-done",0.004,0,0
%fusion.373,"(f32[128,128,128]{2,1,0:T(8,128)S(1)}, f",25.968,0,0
%fusion.370,"f32[128,16384]{1,0:T(8,128)S(1)} fusion(",12.474,0,0
%fusion.367,"f32[16,128,8,128]{3,2,1,0:T(8,128)S(1)} ",28.003,0,0
%fusion.364,"f32[16,128,8,128]{3,2,1,0:T(8,128)S(1)} ",28.003,0,0
%copy.9,"f32[16,128,8,128]{3,1,2,0:T(8,128)S(1)} ",2.474,0,0
%copy.10,"f32[16,128,8,128]{3,1,2,0:T(8,128)S(1)} ",2.474,0,0
%custom-call.2,c64[2097152]{0:T(1024)} custom-call(f32[,25.708,0,0
%iota.1,"f32[4194304]{0:T(1024)} iota(), iota_dim",25.775,0,0
%broadcast_add_fusion,f32[4194304]{0:T(1024)} fusion(f32[41943,51.154,0,0
%broadcast,f32[4194304]{0:T(1024)S(1)} broadcast(f3,3.192,0,0
%custom-call,c64[4194304]{0:T(1024)} custom-call(f32[,121.084,0,0
%custom-call,f32[4194304]{0:T(1024)S(1)} custom-call(,24.006,0,0
%reshape.8,"f32[128,32768]{1,0:T(8,128)S(1)} reshape",5.85,0,0
%iota_and_fusion.2,"u32[128]{0:T(128)S(1)} fusion(), kind=kL",0.004,0,0
%copy-start.5,"(u32[128]{0:T(128)}, u32[128]{0:T(128)S(",0.003,0,0
%iota_shift-right-logical_fusion.2,"u32[128]{0:T(128)S(1)} fusion(), kind=kL",0.004,0,0
%copy-start.7,"(u32[128]{0:T(128)}, u32[128]{0:T(128)S(",0.003,0,0
%add_select_fusion.270,"(f32[128,128]{1,0:T(8,128)S(1)}, pred[12",7.902,0,0
%fusion.1388,"(f32[128,128]{1,0:T(8,128)S(1)}, f32[128",0.859,0,0
%and_or_fusion.22,"(pred[128,128]{1,0:T(8,128)(4,1)S(1)}, p",0.05,0,0
%add_select_fusion.225,"(f32[128,128]{1,0:T(8,128)S(1)}, f32[128",0.486,0,0
%add_select_fusion.237,"(f32[128,128]{1,0:T(8,128)S(1)}, f32[128",0.487,0,0
%fusion.1433,"(f32[128,128]{1,0:T(8,128)S(1)}, f32[128",7.04,0,0
%copy-start.1,"(f32[128,128]{1,0:T(8,128)}, f32[128,128",0.003,0,0
%fusion.1425,"f32[128,128]{1,0:T(8,128)S(1)} fusion(f3",1.498,0,0
%copy-start.3,"(f32[128,128]{1,0:T(8,128)}, f32[128,128",0.002,0,0
%copy-done.5,u32[128]{0:T(128)} copy-done((u32[128]{0,0.004,0,0
%copy-done.7,u32[128]{0:T(128)} copy-done((u32[128]{0,0.004,0,0
%copy-done.3,"f32[128,128]{1,0:T(8,128)} copy-done((f3",0.285,0,0
%fusion.2698,"f32[128,32768]{1,0:T(8,128)S(1)} fusion(",5.862,0,0
%custom-call.1,f32[4194304]{0:T(1024)S(1)} custom-call(,22.521,0,0
%reshape.16,"f32[128,32768]{1,0:T(8,128)S(1)} reshape",5.85,0,0
%copy-done.1,"f32[128,128]{1,0:T(8,128)} copy-done((f3",0.004,0,0
%convolution_subtract_fusion.3,"f32[128,32768]{1,0:T(8,128)S(1)} fusion(",5.904,0,0
%iota_and_fusion,"u32[32768]{0:T(1024)} fusion(), kind=kLo",0.426,0,0
%iota_shift-right-logical_fusion,"u32[32768]{0:T(1024)} fusion(), kind=kLo",0.426,0,0
%is-finite_and_fusion.22,"(pred[128,32768,1]{1,0,2:T(32,128)(4,1)}",419.174,0,0
%fusion.2762,"(pred[128,32768,1]{1,0,2:T(32,128)(4,1)}",475.404,0,0
%fusion.335,"(f32[128,32768,1]{1,0,2:T(8,128)}, f32[1",616.995,0,0
%add_select_fusion.84,"(f32[128,32768,1]{1,0,2:T(8,128)}, f32[1",288.897,0,0
%fusion.368,"(f32[128,32768,1]{1,0,2:T(8,128)}, f32[1",1316.559,0,0
%fusion.369,"f32[128,32768,1]{1,0,2:T(8,128)S(1)} fus",67.246,0,0
%copy.10,"f32[16,8,128,256]{3,2,1,0:T(8,128)S(1)} ",11.53,0,0
%copy-start.2,"(f32[128,128]{1,0:T(8,128)S(1)}, f32[128",0.003,0,0
%copy-start.4,"(f32[128,128]{1,0:T(8,128)S(1)}, f32[128",0.003,0,0
%copy,"f32[128,256,128]{2,0,1:T(8,128)S(1)} cop",16.247,0,0
%copy-done.2,"f32[128,128]{1,0:T(8,128)S(1)} copy-done",0.004,0,0
%copy-done.4,"f32[128,128]{1,0:T(8,128)S(1)} copy-done",0.003,0,0
%copy-start,"(f32[128,32768,1]{1,0,2:T(8,128)S(1)}, f",0.006,0,0
%fusion.1439,"f32[128,256,128]{2,0,1:T(8,128)S(1)} fus",6.056,0,0
%copy-done,"f32[128,32768,1]{1,0,2:T(8,128)S(1)} cop",18.45,0,0
%copy.11,"f32[16,8,128,256]{3,2,1,0:T(8,128)S(1)} ",11.414,0,0
%copy.2,"f32[128,256,128]{2,0,1:T(8,128)S(1)} cop",16.239,0,0
%copy-start.6,"(u32[128]{0:T(128)S(1)}, u32[128]{0:T(12",0.003,0,0
%copy-start.8,"(u32[128]{0:T(128)S(1)}, u32[128]{0:T(12",0.003,0,0
%convolution_subtract_fusion.2,"f32[128,256,128]{2,0,1:T(8,128)S(1)} fus",5.891,0,0
%iota_and_fusion.1,"u32[256]{0:T(256)S(1)} fusion(), kind=kL",0.004,0,0
%iota_shift-right-logical_fusion.1,"u32[256]{0:T(256)S(1)} fusion(), kind=kL",0.005,0,0
%copy-done.6,u32[128]{0:T(128)S(1)} copy-done((u32[12,0.003,0,0
%copy-done.8,u32[128]{0:T(128)S(1)} copy-done((u32[12,0.004,0,0
%is-finite_and_fusion.53,"(pred[256,128]{1,0:T(8,128)(4,1)S(1)}, f",3.341,0,0
%fusion.906,"(f32[256,128]{1,0:T(8,128)S(1)}, f32[256",21.794,0,0
%fusion.914,"f32[256,128]{1,0:T(8,128)S(1)} fusion(f3",18.127,0,0
%fusion.367,"(f32[256,128,128]{2,1,0:T(8,128)S(1)}, f",51.909,0,0
%reshape.5,"f32[128,2,16384]{2,1,0:T(2,128)S(1)} res",16.697,0,0
%fusion.534,"f32[128,2,16384]{2,0,1:T(8,128)S(1)} fus",12.951,0,0
%reshape.1,"f32[128,2,16384]{2,1,0:T(2,128)S(1)} res",16.92,0,0
%convolution_add_fusion.1,"f32[128,2,16384]{2,0,1:T(8,128)S(1)} fus",33.774,0,0
%iota_shift-right-logical_fusion.3,"u32[2]{0:T(128)S(1)} fusion(), kind=kLoo",0.004,0,0
%iota_and_fusion.3,"u32[2]{0:T(128)S(1)} fusion(), kind=kLoo",0.005,0,0
%add_select_fusion.450,"(f32[2,128]{1,0:T(2,128)S(1)}, f32[2,128",0.125,0,0
%multiply_add_fusion.126,"(f32[2,128]{1,0:T(2,128)S(1)}, f32[2,128",0.331,0,0
%multiply_add_fusion.131,"(f32[2,128]{1,0:T(2,128)S(1)}, f32[2,128",0.089,0,0
%multiply_add_fusion.129,"(f32[2,128]{1,0:T(2,128)S(1)}, f32[2,128",0.096,0,0
%fusion.2356,"(f32[2,128]{1,0:T(2,128)S(1)}, f32[2,128",0.061,0,0
%add_select_fusion.408,"(f32[2,128]{1,0:T(2,128)S(1)}, f32[2,128",0.093,0,0
%compare_or_fusion.18,"(pred[2,128]{1,0:T(4,128)(4,1)S(1)}, f32",0.058,0,0
%subtract_select_fusion.54,"(f32[2,128]{1,0:T(2,128)S(1)}, f32[2,128",0.06,0,0
%compare_or_fusion.16,"(pred[2,128]{1,0:T(4,128)(4,1)S(1)}, f32",0.057,0,0
%subtract_select_fusion.50,"(f32[2,128]{1,0:T(2,128)S(1)}, f32[2,128",0.049,0,0
%is-finite_and_fusion.115,"(pred[2,128]{1,0:T(4,128)(4,1)S(1)}, f32",0.045,0,0
%multiply_add_fusion.138,"(f32[2,128]{1,0:T(2,128)S(1)}, f32[2,128",0.109,0,0
%fusion.2335,"(f32[2,128]{1,0:T(2,128)S(1)}, f32[2,128",0.179,0,0
%is-finite_and_fusion.122,"(pred[2,128]{1,0:T(4,128)(4,1)S(1)}, f32",0.043,0,0
%multiply_add_fusion.147,"(f32[2,128]{1,0:T(2,128)S(1)}, f32[2,128",0.108,0,0
%fusion.2312,"(f32[2,128]{1,0:T(2,128)S(1)}, f32[2,128",0.179,0,0
%fusion.2423,"(f32[2,128]{1,0:T(2,128)S(1)}, f32[2,128",0.219,0,0
%fusion.2425,"f32[2,128]{1,0:T(2,128)S(1)} fusion(f32[",0.129,0,0
%fusion.365,"(f32[1,2,128,16384]{3,2,1,0:T(8,128)S(1)",29.681,0,0
%copy.12,"f32[1,2,128,16384]{3,1,2,0:T(2,128)S(1)}",18.826,0,0
%subtract_select_fusion.62,"(f32[2,2]{1,0:T(2,128)S(1)}, pred[2,2]{1",0.335,0,0
%add_select_fusion.454,"(f32[2,2]{1,0:T(2,128)S(1)}, f32[2,2]{1,",0.226,0,0
%add_select_fusion.435,"(f32[2,2]{1,0:T(2,128)S(1)}, f32[2,2]{1,",0.229,0,0
%compare_or_fusion.25,"(pred[2,2]{1,0:T(4,128)(4,1)S(1)}, f32[2",0.057,0,0
%subtract_select_fusion.71,"(f32[2,2]{1,0:T(2,128)S(1)}, f32[2,2]{1,",0.063,0,0
%fusion.1992,"(f32[2,2]{1,0:T(2,128)S(1)}, f32[2,2]{1,",0.231,0,0
%compare_or_fusion.22,"(pred[2,2]{1,0:T(4,128)(4,1)S(1)}, f32[2",0.054,0,0
%subtract_select_fusion.66,"(f32[2,2]{1,0:T(2,128)S(1)}, f32[2,2]{1,",0.063,0,0
%select_select_fusion.37,"(f32[2,2]{1,0:T(2,128)S(1)}, f32[2,2]{1,",0.234,0,0
%fusion.2018,"f32[2,2]{1,0:T(2,128)S(1)} fusion(pred[2",0.02,0,0
%select_select_fusion.38,"f32[2,2]{1,0:T(2,128)S(1)} fusion(pred[2",0.025,0,0
%fusion.2609,"(f32[2,2]{1,0:T(2,128)S(1)}, f32[2,2]{1,",0.147,0,0
%add_select_fusion.415,"(f32[2,2]{1,0:T(2,128)S(1)}, f32[2,2]{1,",0.113,0,0
%add_select_fusion.452,"(f32[2,2]{1,0:T(2,128)S(1)}, pred[2,2]{1",0.069,0,0
%subtract_select_fusion.59,"f32[2,2]{1,0:T(2,128)S(1)} fusion(pred[2",0.037,0,0
%fusion.2561,"f32[2,2097152]{1,0:T(2,128)S(1)} fusion(",25.617,0,0
%copy.13,"f32[1,2,128,16384]{3,1,2,0:T(2,128)S(1)}",18.826,0,0
%fusion.375,"f32[1,16384,2,128]{3,2,1,0:T(2,128)S(1)}",25.675,0,0
%copy.14,"f32[1,16384,2,128]{3,1,2,0:T(8,128)S(1)}",13.201,0,0
%fusion.374,"f32[1,16384,2,128]{3,2,1,0:T(2,128)S(1)}",25.661,0,0
%copy.15,"f32[1,16384,2,128]{3,1,2,0:T(8,128)S(1)}",13.2,0,0
%custom-call.2,c64[4194304]{0:T(1024)} custom-call(f32[,51.176,0,0
%custom-call,f32[4194304]{0:T(1024)S(1)} custom-call(,23.971,0,0
%reshape.8,"f32[128,32768]{1,0:T(8,128)S(1)} reshape",5.85,0,0
%iota_and_fusion.2,"u32[128]{0:T(128)S(1)} fusion(), kind=kL",0.004,0,0
%copy-start.5,"(u32[128]{0:T(128)}, u32[128]{0:T(128)S(",0.003,0,0
%iota_shift-right-logical_fusion.2,"u32[128]{0:T(128)S(1)} fusion(), kind=kL",0.004,0,0
%copy-start.7,"(u32[128]{0:T(128)}, u32[128]{0:T(128)S(",0.003,0,0
%add_select_fusion.270,"(f32[128,128]{1,0:T(8,128)S(1)}, pred[12",7.902,0,0
%fusion.1388,"(f32[128,128]{1,0:T(8,128)S(1)}, f32[128",0.859,0,0
%and_or_fusion.22,"(pred[128,128]{1,0:T(8,128)(4,1)S(1)}, p",0.05,0,0
%add_select_fusion.225,"(f32[128,128]{1,0:T(8,128)S(1)}, f32[128",0.486,0,0
%add_select_fusion.237,"(f32[128,128]{1,0:T(8,128)S(1)}, f32[128",0.486,0,0
%fusion.1433,"(f32[128,128]{1,0:T(8,128)S(1)}, f32[128",7.039,0,0
%copy-start.1,"(f32[128,128]{1,0:T(8,128)}, f32[128,128",0.003,0,0
%fusion.1425,"f32[128,128]{1,0:T(8,128)S(1)} fusion(f3",1.498,0,0
%copy-start.3,"(f32[128,128]{1,0:T(8,128)}, f32[128,128",0.002,0,0
%copy-done.5,u32[128]{0:T(128)} copy-done((u32[128]{0,0.004,0,0
%copy-done.7,u32[128]{0:T(128)} copy-done((u32[128]{0,0.004,0,0
%copy-done.3,"f32[128,128]{1,0:T(8,128)} copy-done((f3",0.282,0,0
%fusion.2698,"f32[128,32768]{1,0:T(8,128)S(1)} fusion(",5.861,0,0
%custom-call.1,f32[4194304]{0:T(1024)S(1)} custom-call(,22.626,0,0
%reshape.16,"f32[128,32768]{1,0:T(8,128)S(1)} reshape",5.851,0,0
%copy-done.1,"f32[128,128]{1,0:T(8,128)} copy-done((f3",0.004,0,0
%convolution_subtract_fusion.3,"f32[128,32768]{1,0:T(8,128)S(1)} fusion(",5.904,0,0
%iota_and_fusion,"u32[32768]{0:T(1024)} fusion(), kind=kLo",0.426,0,0
%iota_shift-right-logical_fusion,"u32[32768]{0:T(1024)} fusion(), kind=kLo",0.425,0,0
%is-finite_and_fusion.22,"(pred[128,32768,1]{1,0,2:T(32,128)(4,1)}",419.173,0,0
%fusion.2762,"(pred[128,32768,1]{1,0,2:T(32,128)(4,1)}",475.435,0,0
%fusion.335,"(f32[128,32768,1]{1,0,2:T(8,128)}, f32[1",607.14,0,0
%add_select_fusion.84,"(f32[128,32768,1]{1,0,2:T(8,128)}, f32[1",288.674,0,0
%fusion.368,"(f32[128,32768,1]{1,0,2:T(8,128)}, f32[1",1316.716,0,0
%fusion.369,"f32[128,32768,1]{1,0,2:T(8,128)S(1)} fus",67.228,0,0
%copy.10,"f32[16,8,128,256]{3,2,1,0:T(8,128)S(1)} ",11.531,0,0
%copy-start.2,"(f32[128,128]{1,0:T(8,128)S(1)}, f32[128",0.003,0,0
%copy-start.4,"(f32[128,128]{1,0:T(8,128)S(1)}, f32[128",0.003,0,0
%copy,"f32[128,256,128]{2,0,1:T(8,128)S(1)} cop",16.249,0,0
%copy-done.2,"f32[128,128]{1,0:T(8,128)S(1)} copy-done",0.004,0,0
%copy-done.4,"f32[128,128]{1,0:T(8,128)S(1)} copy-done",0.003,0,0
%copy-start,"(f32[128,32768,1]{1,0,2:T(8,128)S(1)}, f",0.006,0,0
%fusion.1439,"f32[128,256,128]{2,0,1:T(8,128)S(1)} fus",6.286,0,0
%copy-done,"f32[128,32768,1]{1,0,2:T(8,128)S(1)} cop",17.964,0,0
%copy.11,"f32[16,8,128,256]{3,2,1,0:T(8,128)S(1)} ",11.414,0,0
%copy.2,"f32[128,256,128]{2,0,1:T(8,128)S(1)} cop",16.239,0,0
%copy-start.6,"(u32[128]{0:T(128)S(1)}, u32[128]{0:T(12",0.004,0,0
%copy-start.8,"(u32[128]{0:T(128)S(1)}, u32[128]{0:T(12",0.003,0,0
%convolution_subtract_fusion.2,"f32[128,256,128]{2,0,1:T(8,128)S(1)} fus",5.891,0,0
%iota_and_fusion.1,"u32[256]{0:T(256)S(1)} fusion(), kind=kL",0.004,0,0
%iota_shift-right-logical_fusion.1,"u32[256]{0:T(256)S(1)} fusion(), kind=kL",0.005,0,0
%copy-done.6,u32[128]{0:T(128)S(1)} copy-done((u32[12,0.004,0,0
%copy-done.8,u32[128]{0:T(128)S(1)} copy-done((u32[12,0.004,0,0
%is-finite_and_fusion.53,"(pred[256,128]{1,0:T(8,128)(4,1)S(1)}, f",3.34,0,0
%fusion.906,"(f32[256,128]{1,0:T(8,128)S(1)}, f32[256",21.795,0,0
%fusion.914,"f32[256,128]{1,0:T(8,128)S(1)} fusion(f3",18.128,0,0
%fusion.367,"(f32[256,128,128]{2,1,0:T(8,128)S(1)}, f",51.909,0,0
%reshape.5,"f32[128,2,16384]{2,1,0:T(2,128)S(1)} res",16.698,0,0
%fusion.534,"f32[128,2,16384]{2,0,1:T(8,128)S(1)} fus",12.951,0,0
%reshape.1,"f32[128,2,16384]{2,1,0:T(2,128)S(1)} res",16.881,0,0
%convolution_add_fusion.1,"f32[128,2,16384]{2,0,1:T(8,128)S(1)} fus",33.775,0,0
%iota_shift-right-logical_fusion.3,"u32[2]{0:T(128)S(1)} fusion(), kind=kLoo",0.006,0,0
%iota_and_fusion.3,"u32[2]{0:T(128)S(1)} fusion(), kind=kLoo",0.004,0,0
%add_select_fusion.450,"(f32[2,128]{1,0:T(2,128)S(1)}, f32[2,128",0.125,0,0
%multiply_add_fusion.126,"(f32[2,128]{1,0:T(2,128)S(1)}, f32[2,128",0.331,0,0
%multiply_add_fusion.131,"(f32[2,128]{1,0:T(2,128)S(1)}, f32[2,128",0.089,0,0
%multiply_add_fusion.129,"(f32[2,128]{1,0:T(2,128)S(1)}, f32[2,128",0.096,0,0
%fusion.2356,"(f32[2,128]{1,0:T(2,128)S(1)}, f32[2,128",0.062,0,0
%add_select_fusion.408,"(f32[2,128]{1,0:T(2,128)S(1)}, f32[2,128",0.094,0,0
%compare_or_fusion.18,"(pred[2,128]{1,0:T(4,128)(4,1)S(1)}, f32",0.058,0,0
%subtract_select_fusion.54,"(f32[2,128]{1,0:T(2,128)S(1)}, f32[2,128",0.06,0,0
%compare_or_fusion.16,"(pred[2,128]{1,0:T(4,128)(4,1)S(1)}, f32",0.056,0,0
%subtract_select_fusion.50,"(f32[2,128]{1,0:T(2,128)S(1)}, f32[2,128",0.048,0,0
%is-finite_and_fusion.115,"(pred[2,128]{1,0:T(4,128)(4,1)S(1)}, f32",0.043,0,0
%multiply_add_fusion.138,"(f32[2,128]{1,0:T(2,128)S(1)}, f32[2,128",0.108,0,0
%fusion.2335,"(f32[2,128]{1,0:T(2,128)S(1)}, f32[2,128",0.179,0,0
%is-finite_and_fusion.122,"(pred[2,128]{1,0:T(4,128)(4,1)S(1)}, f32",0.045,0,0
%multiply_add_fusion.147,"(f32[2,128]{1,0:T(2,128)S(1)}, f32[2,128",0.109,0,0
%fusion.2312,"(f32[2,128]{1,0:T(2,128)S(1)}, f32[2,128",0.179,0,0
%fusion.2423,"(f32[2,128]{1,0:T(2,128)S(1)}, f32[2,128",0.218,0,0
%fusion.2425,"f32[2,128]{1,0:T(2,128)S(1)} fusion(f32[",0.129,0,0
%fusion.365,"(f32[1,2,128,16384]{3,2,1,0:T(8,128)S(1)",29.681,0,0
%copy.12,"f32[1,2,128,16384]{3,1,2,0:T(2,128)S(1)}",18.826,0,0
%subtract_select_fusion.62,"(f32[2,2]{1,0:T(2,128)S(1)}, pred[2,2]{1",0.334,0,0
%add_select_fusion.454,"(f32[2,2]{1,0:T(2,128)S(1)}, f32[2,2]{1,",0.226,0,0
%add_select_fusion.435,"(f32[2,2]{1,0:T(2,128)S(1)}, f32[2,2]{1,",0.229,0,0
%compare_or_fusion.25,"(pred[2,2]{1,0:T(4,128)(4,1)S(1)}, f32[2",0.056,0,0
%subtract_select_fusion.71,"(f32[2,2]{1,0:T(2,128)S(1)}, f32[2,2]{1,",0.064,0,0
%fusion.1992,"(f32[2,2]{1,0:T(2,128)S(1)}, f32[2,2]{1,",0.231,0,0
%compare_or_fusion.22,"(pred[2,2]{1,0:T(4,128)(4,1)S(1)}, f32[2",0.055,0,0
%subtract_select_fusion.66,"(f32[2,2]{1,0:T(2,128)S(1)}, f32[2,2]{1,",0.064,0,0
%select_select_fusion.37,"(f32[2,2]{1,0:T(2,128)S(1)}, f32[2,2]{1,",0.234,0,0
%fusion.2018,"f32[2,2]{1,0:T(2,128)S(1)} fusion(pred[2",0.02,0,0
%select_select_fusion.38,"f32[2,2]{1,0:T(2,128)S(1)} fusion(pred[2",0.025,0,0
%fusion.2609,"(f32[2,2]{1,0:T(2,128)S(1)}, f32[2,2]{1,",0.147,0,0
%add_select_fusion.415,"(f32[2,2]{1,0:T(2,128)S(1)}, f32[2,2]{1,",0.113,0,0
%add_select_fusion.452,"(f32[2,2]{1,0:T(2,128)S(1)}, pred[2,2]{1",0.069,0,0
%subtract_select_fusion.59,"f32[2,2]{1,0:T(2,128)S(1)} fusion(pred[2",0.036,0,0
%fusion.2561,"f32[2,2097152]{1,0:T(2,128)S(1)} fusion(",25.617,0,0
%copy.13,"f32[1,2,128,16384]{3,1,2,0:T(2,128)S(1)}",18.826,0,0
%fusion.375,"f32[1,16384,2,128]{3,2,1,0:T(2,128)S(1)}",25.675,0,0
%copy.14,"f32[1,16384,2,128]{3,1,2,0:T(8,128)S(1)}",13.2,0,0
%fusion.374,"f32[1,16384,2,128]{3,2,1,0:T(2,128)S(1)}",25.661,0,0
%copy.15,"f32[1,16384,2,128]{3,1,2,0:T(8,128)S(1)}",13.2,0,0
%custom-call.2,c64[4194304]{0:T(1024)} custom-call(f32[,51.146,0,0
%custom-call,f32[4194304]{0:T(1024)S(1)} custom-call(,24.031,0,0
%reshape.8,"f32[128,32768]{1,0:T(8,128)S(1)} reshape",5.85,0,0
%iota_and_fusion.2,"u32[128]{0:T(128)S(1)} fusion(), kind=kL",0.005,0,0
%copy-start.5,"(u32[128]{0:T(128)}, u32[128]{0:T(128)S(",0.003,0,0
%iota_shift-right-logical_fusion.2,"u32[128]{0:T(128)S(1)} fusion(), kind=kL",0.005,0,0
%copy-start.7,"(u32[128]{0:T(128)}, u32[128]{0:T(128)S(",0.003,0,0
%add_select_fusion.270,"(f32[128,128]{1,0:T(8,128)S(1)}, pred[12",7.902,0,0
%fusion.1388,"(f32[128,128]{1,0:T(8,128)S(1)}, f32[128",0.859,0,0
%and_or_fusion.22,"(pred[128,128]{1,0:T(8,128)(4,1)S(1)}, p",0.051,0,0
%add_select_fusion.225,"(f32[128,128]{1,0:T(8,128)S(1)}, f32[128",0.486,0,0
%add_select_fusion.237,"(f32[128,128]{1,0:T(8,128)S(1)}, f32[128",0.486,0,0
%fusion.1433,"(f32[128,128]{1,0:T(8,128)S(1)}, f32[128",7.04,0,0
%copy-start.1,"(f32[128,128]{1,0:T(8,128)}, f32[128,128",0.003,0,0
%fusion.1425,"f32[128,128]{1,0:T(8,128)S(1)} fusion(f3",1.499,0,0
%copy-start.3,"(f32[128,128]{1,0:T(8,128)}, f32[128,128",0.002,0,0
%copy-done.5,u32[128]{0:T(128)} copy-done((u32[128]{0,0.003,0,0
%copy-done.7,u32[128]{0:T(128)} copy-done((u32[128]{0,0.003,0,0
%copy-done.3,"f32[128,128]{1,0:T(8,128)} copy-done((f3",0.285,0,0
%fusion.2698,"f32[128,32768]{1,0:T(8,128)S(1)} fusion(",5.86,0,0
%custom-call.1,f32[4194304]{0:T(1024)S(1)} custom-call(,22.77,0,0
%reshape.16,"f32[128,32768]{1,0:T(8,128)S(1)} reshape",5.85,0,0
%copy-done.1,"f32[128,128]{1,0:T(8,128)} copy-done((f3",0.003,0,0
%convolution_subtract_fusion.3,"f32[128,32768]{1,0:T(8,128)S(1)} fusion(",5.905,0,0
%iota_and_fusion,"u32[32768]{0:T(1024)} fusion(), kind=kLo",0.426,0,0
%iota_shift-right-logical_fusion,"u32[32768]{0:T(1024)} fusion(), kind=kLo",0.426,0,0
%is-finite_and_fusion.22,"(pred[128,32768,1]{1,0,2:T(32,128)(4,1)}",419.175,0,0
%fusion.2762,"(pred[128,32768,1]{1,0,2:T(32,128)(4,1)}",475.532,0,0
%fusion.335,"(f32[128,32768,1]{1,0,2:T(8,128)}, f32[1",607.278,0,0
%add_select_fusion.84,"(f32[128,32768,1]{1,0,2:T(8,128)}, f32[1",288.681,0,0
%fusion.368,"(f32[128,32768,1]{1,0,2:T(8,128)}, f32[1",1316.714,0,0
%fusion.369,"f32[128,32768,1]{1,0,2:T(8,128)S(1)} fus",67.231,0,0
%copy.10,"f32[16,8,128,256]{3,2,1,0:T(8,128)S(1)} ",11.53,0,0
%copy-start.2,"(f32[128,128]{1,0:T(8,128)S(1)}, f32[128",0.003,0,0
%copy-start.4,"(f32[128,128]{1,0:T(8,128)S(1)}, f32[128",0.003,0,0
%copy,"f32[128,256,128]{2,0,1:T(8,128)S(1)} cop",16.249,0,0
%copy-done.2,"f32[128,128]{1,0:T(8,128)S(1)} copy-done",0.004,0,0
%copy-done.4,"f32[128,128]{1,0:T(8,128)S(1)} copy-done",0.003,0,0
%copy-start,"(f32[128,32768,1]{1,0,2:T(8,128)S(1)}, f",0.006,0,0
%fusion.1439,"f32[128,256,128]{2,0,1:T(8,128)S(1)} fus",6.287,0,0
%copy-done,"f32[128,32768,1]{1,0,2:T(8,128)S(1)} cop",17.923,0,0
%copy.11,"f32[16,8,128,256]{3,2,1,0:T(8,128)S(1)} ",11.414,0,0
%copy.2,"f32[128,256,128]{2,0,1:T(8,128)S(1)} cop",16.238,0,0
%copy-start.6,"(u32[128]{0:T(128)S(1)}, u32[128]{0:T(12",0.003,0,0
%copy-start.8,"(u32[128]{0:T(128)S(1)}, u32[128]{0:T(12",0.003,0,0
%convolution_subtract_fusion.2,"f32[128,256,128]{2,0,1:T(8,128)S(1)} fus",5.893,0,0
%iota_and_fusion.1,"u32[256]{0:T(256)S(1)} fusion(), kind=kL",0.005,0,0
%iota_shift-right-logical_fusion.1,"u32[256]{0:T(256)S(1)} fusion(), kind=kL",0.005,0,0
%copy-done.6,u32[128]{0:T(128)S(1)} copy-done((u32[12,0.004,0,0
%copy-done.8,u32[128]{0:T(128)S(1)} copy-done((u32[12,0.004,0,0
%is-finite_and_fusion.53,"(pred[256,128]{1,0:T(8,128)(4,1)S(1)}, f",3.34,0,0
%fusion.906,"(f32[256,128]{1,0:T(8,128)S(1)}, f32[256",21.793,0,0
%fusion.914,"f32[256,128]{1,0:T(8,128)S(1)} fusion(f3",18.126,0,0
%fusion.367,"(f32[256,128,128]{2,1,0:T(8,128)S(1)}, f",51.909,0,0
%reshape.5,"f32[128,2,16384]{2,1,0:T(2,128)S(1)} res",16.698,0,0
%fusion.534,"f32[128,2,16384]{2,0,1:T(8,128)S(1)} fus",12.95,0,0
%reshape.1,"f32[128,2,16384]{2,1,0:T(2,128)S(1)} res",16.879,0,0
%convolution_add_fusion.1,"f32[128,2,16384]{2,0,1:T(8,128)S(1)} fus",33.775,0,0
%iota_shift-right-logical_fusion.3,"u32[2]{0:T(128)S(1)} fusion(), kind=kLoo",0.005,0,0
%iota_and_fusion.3,"u32[2]{0:T(128)S(1)} fusion(), kind=kLoo",0.005,0,0
%add_select_fusion.450,"(f32[2,128]{1,0:T(2,128)S(1)}, f32[2,128",0.124,0,0
%multiply_add_fusion.126,"(f32[2,128]{1,0:T(2,128)S(1)}, f32[2,128",0.33,0,0
%multiply_add_fusion.131,"(f32[2,128]{1,0:T(2,128)S(1)}, f32[2,128",0.089,0,0
%multiply_add_fusion.129,"(f32[2,128]{1,0:T(2,128)S(1)}, f32[2,128",0.095,0,0
%fusion.2356,"(f32[2,128]{1,0:T(2,128)S(1)}, f32[2,128",0.061,0,0
%add_select_fusion.408,"(f32[2,128]{1,0:T(2,128)S(1)}, f32[2,128",0.095,0,0
%compare_or_fusion.18,"(pred[2,128]{1,0:T(4,128)(4,1)S(1)}, f32",0.056,0,0
%subtract_select_fusion.54,"(f32[2,128]{1,0:T(2,128)S(1)}, f32[2,128",0.06,0,0
%compare_or_fusion.16,"(pred[2,128]{1,0:T(4,128)(4,1)S(1)}, f32",0.056,0,0
%subtract_select_fusion.50,"(f32[2,128]{1,0:T(2,128)S(1)}, f32[2,128",0.048,0,0
%is-finite_and_fusion.115,"(pred[2,128]{1,0:T(4,128)(4,1)S(1)}, f32",0.044,0,0
%multiply_add_fusion.138,"(f32[2,128]{1,0:T(2,128)S(1)}, f32[2,128",0.108,0,0
%fusion.2335,"(f32[2,128]{1,0:T(2,128)S(1)}, f32[2,128",0.179,0,0
%is-finite_and_fusion.122,"(pred[2,128]{1,0:T(4,128)(4,1)S(1)}, f32",0.045,0,0
%multiply_add_fusion.147,"(f32[2,128]{1,0:T(2,128)S(1)}, f32[2,128",0.109,0,0
%fusion.2312,"(f32[2,128]{1,0:T(2,128)S(1)}, f32[2,128",0.179,0,0
%fusion.2423,"(f32[2,128]{1,0:T(2,128)S(1)}, f32[2,128",0.218,0,0
%fusion.2425,"f32[2,128]{1,0:T(2,128)S(1)} fusion(f32[",0.13,0,0
%fusion.365,"(f32[1,2,128,16384]{3,2,1,0:T(8,128)S(1)",29.681,0,0
%copy.12,"f32[1,2,128,16384]{3,1,2,0:T(2,128)S(1)}",18.826,0,0
%subtract_select_fusion.62,"(f32[2,2]{1,0:T(2,128)S(1)}, pred[2,2]{1",0.335,0,0
%add_select_fusion.454,"(f32[2,2]{1,0:T(2,128)S(1)}, f32[2,2]{1,",0.226,0,0
%add_select_fusion.435,"(f32[2,2]{1,0:T(2,128)S(1)}, f32[2,2]{1,",0.229,0,0
%compare_or_fusion.25,"(pred[2,2]{1,0:T(4,128)(4,1)S(1)}, f32[2",0.058,0,0
%subtract_select_fusion.71,"(f32[2,2]{1,0:T(2,128)S(1)}, f32[2,2]{1,",0.064,0,0
%fusion.1992,"(f32[2,2]{1,0:T(2,128)S(1)}, f32[2,2]{1,",0.231,0,0
%compare_or_fusion.22,"(pred[2,2]{1,0:T(4,128)(4,1)S(1)}, f32[2",0.055,0,0
%subtract_select_fusion.66,"(f32[2,2]{1,0:T(2,128)S(1)}, f32[2,2]{1,",0.064,0,0
%select_select_fusion.37,"(f32[2,2]{1,0:T(2,128)S(1)}, f32[2,2]{1,",0.234,0,0
%fusion.2018,"f32[2,2]{1,0:T(2,128)S(1)} fusion(pred[2",0.02,0,0
%select_select_fusion.38,"f32[2,2]{1,0:T(2,128)S(1)} fusion(pred[2",0.025,0,0
%fusion.2609,"(f32[2,2]{1,0:T(2,128)S(1)}, f32[2,2]{1,",0.146,0,0
%add_select_fusion.415,"(f32[2,2]{1,0:T(2,128)S(1)}, f32[2,2]{1,",0.113,0,0
%add_select_fusion.452,"(f32[2,2]{1,0:T(2,128)S(1)}, pred[2,2]{1",0.069,0,0
%subtract_select_fusion.59,"f32[2,2]{1,0:T(2,128)S(1)} fusion(pred[2",0.036,0,0
%fusion.2561,"f32[2,2097152]{1,0:T(2,128)S(1)} fusion(",25.617,0,0
%copy.13,"f32[1,2,128,16384]{3,1,2,0:T(2,128)S(1)}",18.825,0,0
%fusion.375,"f32[1,16384,2,128]{3,2,1,0:T(2,128)S(1)}",25.675,0,0
%copy.14,"f32[1,16384,2,128]{3,1,2,0:T(8,128)S(1)}",13.201,0,0
%fusion.374,"f32[1,16384,2,128]{3,2,1,0:T(2,128)S(1)}",25.664,0,0
%copy.15,"f32[1,16384,2,128]{3,1,2,0:T(8,128)S(1)}",13.203,0,0
%custom-call.2,c64[4194304]{0:T(1024)} custom-call(f32[,51.11,0,0
%custom-call,f32[4194304]{0:T(1024)S(1)} custom-call(,23.997,0,0
%reshape.8,"f32[128,32768]{1,0:T(8,128)S(1)} reshape",5.85,0,0
%iota_and_fusion.2,"u32[128]{0:T(128)S(1)} fusion(), kind=kL",0.005,0,0
%copy-start.5,"(u32[128]{0:T(128)}, u32[128]{0:T(128)S(",0.003,0,0
%iota_shift-right-logical_fusion.2,"u32[128]{0:T(128)S(1)} fusion(), kind=kL",0.006,0,0
%copy-start.7,"(u32[128]{0:T(128)}, u32[128]{0:T(128)S(",0.004,0,0
%add_select_fusion.270,"(f32[128,128]{1,0:T(8,128)S(1)}, pred[12",7.903,0,0
%fusion.1388,"(f32[128,128]{1,0:T(8,128)S(1)}, f32[128",0.858,0,0
%and_or_fusion.22,"(pred[128,128]{1,0:T(8,128)(4,1)S(1)}, p",0.05,0,0
%add_select_fusion.225,"(f32[128,128]{1,0:T(8,128)S(1)}, f32[128",0.487,0,0
%add_select_fusion.237,"(f32[128,128]{1,0:T(8,128)S(1)}, f32[128",0.486,0,0
%fusion.1433,"(f32[128,128]{1,0:T(8,128)S(1)}, f32[128",7.04,0,0
%copy-start.1,"(f32[128,128]{1,0:T(8,128)}, f32[128,128",0.003,0,0
%fusion.1425,"f32[128,128]{1,0:T(8,128)S(1)} fusion(f3",1.498,0,0
%copy-start.3,"(f32[128,128]{1,0:T(8,128)}, f32[128,128",0.002,0,0
%copy-done.5,u32[128]{0:T(128)} copy-done((u32[128]{0,0.003,0,0
%copy-done.7,u32[128]{0:T(128)} copy-done((u32[128]{0,0.004,0,0
%copy-done.3,"f32[128,128]{1,0:T(8,128)} copy-done((f3",0.28,0,0
%fusion.2698,"f32[128,32768]{1,0:T(8,128)S(1)} fusion(",5.861,0,0
%custom-call.1,f32[4194304]{0:T(1024)S(1)} custom-call(,22.749,0,0
%reshape.16,"f32[128,32768]{1,0:T(8,128)S(1)} reshape",5.85,0,0
%copy-done.1,"f32[128,128]{1,0:T(8,128)} copy-done((f3",0.003,0,0
%convolution_subtract_fusion.3,"f32[128,32768]{1,0:T(8,128)S(1)} fusion(",5.902,0,0
%iota_and_fusion,"u32[32768]{0:T(1024)} fusion(), kind=kLo",0.426,0,0
%iota_shift-right-logical_fusion,"u32[32768]{0:T(1024)} fusion(), kind=kLo",0.426,0,0
%is-finite_and_fusion.22,"(pred[128,32768,1]{1,0,2:T(32,128)(4,1)}",419.174,0,0
%fusion.2762,"(pred[128,32768,1]{1,0,2:T(32,128)(4,1)}",475.646,0,0
%fusion.335,"(f32[128,32768,1]{1,0,2:T(8,128)}, f32[1",607.158,0,0
%add_select_fusion.84,"(f32[128,32768,1]{1,0,2:T(8,128)}, f32[1",288.681,0,0
%fusion.368,"(f32[128,32768,1]{1,0,2:T(8,128)}, f32[1",1316.715,0,0
%fusion.369,"f32[128,32768,1]{1,0,2:T(8,128)S(1)} fus",67.419,0,0
%copy.10,"f32[16,8,128,256]{3,2,1,0:T(8,128)S(1)} ",11.53,0,0
%copy-start.2,"(f32[128,128]{1,0:T(8,128)S(1)}, f32[128",0.003,0,0
%copy-start.4,"(f32[128,128]{1,0:T(8,128)S(1)}, f32[128",0.003,0,0
%copy,"f32[128,256,128]{2,0,1:T(8,128)S(1)} cop",16.247,0,0
%copy-done.2,"f32[128,128]{1,0:T(8,128)S(1)} copy-done",0.003,0,0
%copy-done.4,"f32[128,128]{1,0:T(8,128)S(1)} copy-done",0.003,0,0
%copy-start,"(f32[128,32768,1]{1,0,2:T(8,128)S(1)}, f",0.006,0,0
%fusion.1439,"f32[128,256,128]{2,0,1:T(8,128)S(1)} fus",6.286,0,0
%copy-done,"f32[128,32768,1]{1,0,2:T(8,128)S(1)} cop",17.928,0,0
%copy.11,"f32[16,8,128,256]{3,2,1,0:T(8,128)S(1)} ",11.414,0,0
%copy.2,"f32[128,256,128]{2,0,1:T(8,128)S(1)} cop",16.238,0,0
%copy-start.6,"(u32[128]{0:T(128)S(1)}, u32[128]{0:T(12",0.003,0,0
%copy-start.8,"(u32[128]{0:T(128)S(1)}, u32[128]{0:T(12",0.003,0,0
%convolution_subtract_fusion.2,"f32[128,256,128]{2,0,1:T(8,128)S(1)} fus",5.892,0,0
%iota_and_fusion.1,"u32[256]{0:T(256)S(1)} fusion(), kind=kL",0.005,0,0
%iota_shift-right-logical_fusion.1,"u32[256]{0:T(256)S(1)} fusion(), kind=kL",0.004,0,0
%copy-done.6,u32[128]{0:T(128)S(1)} copy-done((u32[12,0.004,0,0
%copy-done.8,u32[128]{0:T(128)S(1)} copy-done((u32[12,0.003,0,0
%is-finite_and_fusion.53,"(pred[256,128]{1,0:T(8,128)(4,1)S(1)}, f",3.34,0,0
%fusion.906,"(f32[256,128]{1,0:T(8,128)S(1)}, f32[256",21.793,0,0
%fusion.914,"f32[256,128]{1,0:T(8,128)S(1)} fusion(f3",18.126,0,0
%fusion.367,"(f32[256,128,128]{2,1,0:T(8,128)S(1)}, f",51.908,0,0
%reshape.5,"f32[128,2,16384]{2,1,0:T(2,128)S(1)} res",16.698,0,0
%fusion.534,"f32[128,2,16384]{2,0,1:T(8,128)S(1)} fus",12.95,0,0
%reshape.1,"f32[128,2,16384]{2,1,0:T(2,128)S(1)} res",16.88,0,0
%convolution_add_fusion.1,"f32[128,2,16384]{2,0,1:T(8,128)S(1)} fus",33.774,0,0
%iota_shift-right-logical_fusion.3,"u32[2]{0:T(128)S(1)} fusion(), kind=kLoo",0.005,0,0
%iota_and_fusion.3,"u32[2]{0:T(128)S(1)} fusion(), kind=kLoo",0.005,0,0
%add_select_fusion.450,"(f32[2,128]{1,0:T(2,128)S(1)}, f32[2,128",0.125,0,0
%multiply_add_fusion.126,"(f32[2,128]{1,0:T(2,128)S(1)}, f32[2,128",0.331,0,0
%multiply_add_fusion.131,"(f32[2,128]{1,0:T(2,128)S(1)}, f32[2,128",0.089,0,0
%multiply_add_fusion.129,"(f32[2,128]{1,0:T(2,128)S(1)}, f32[2,128",0.096,0,0
%fusion.2356,"(f32[2,128]{1,0:T(2,128)S(1)}, f32[2,128",0.062,0,0
%add_select_fusion.408,"(f32[2,128]{1,0:T(2,128)S(1)}, f32[2,128",0.092,0,0
%compare_or_fusion.18,"(pred[2,128]{1,0:T(4,128)(4,1)S(1)}, f32",0.056,0,0
%subtract_select_fusion.54,"(f32[2,128]{1,0:T(2,128)S(1)}, f32[2,128",0.06,0,0
%compare_or_fusion.16,"(pred[2,128]{1,0:T(4,128)(4,1)S(1)}, f32",0.056,0,0
%subtract_select_fusion.50,"(f32[2,128]{1,0:T(2,128)S(1)}, f32[2,128",0.048,0,0
%is-finite_and_fusion.115,"(pred[2,128]{1,0:T(4,128)(4,1)S(1)}, f32",0.044,0,0
%multiply_add_fusion.138,"(f32[2,128]{1,0:T(2,128)S(1)}, f32[2,128",0.107,0,0
%fusion.2335,"(f32[2,128]{1,0:T(2,128)S(1)}, f32[2,128",0.179,0,0
%is-finite_and_fusion.122,"(pred[2,128]{1,0:T(4,128)(4,1)S(1)}, f32",0.045,0,0
%multiply_add_fusion.147,"(f32[2,128]{1,0:T(2,128)S(1)}, f32[2,128",0.107,0,0
%fusion.2312,"(f32[2,128]{1,0:T(2,128)S(1)}, f32[2,128",0.178,0,0
%fusion.2423,"(f32[2,128]{1,0:T(2,128)S(1)}, f32[2,128",0.219,0,0
%fusion.2425,"f32[2,128]{1,0:T(2,128)S(1)} fusion(f32[",0.13,0,0
%fusion.365,"(f32[1,2,128,16384]{3,2,1,0:T(8,128)S(1)",29.681,0,0
%copy.12,"f32[1,2,128,16384]{3,1,2,0:T(2,128)S(1)}",18.825,0,0
%subtract_select_fusion.62,"(f32[2,2]{1,0:T(2,128)S(1)}, pred[2,2]{1",0.335,0,0
%add_select_fusion.454,"(f32[2,2]{1,0:T(2,128)S(1)}, f32[2,2]{1,",0.225,0,0
%add_select_fusion.435,"(f32[2,2]{1,0:T(2,128)S(1)}, f32[2,2]{1,",0.229,0,0
%compare_or_fusion.25,"(pred[2,2]{1,0:T(4,128)(4,1)S(1)}, f32[2",0.058,0,0
%subtract_select_fusion.71,"(f32[2,2]{1,0:T(2,128)S(1)}, f32[2,2]{1,",0.063,0,0
%fusion.1992,"(f32[2,2]{1,0:T(2,128)S(1)}, f32[2,2]{1,",0.232,0,0
%compare_or_fusion.22,"(pred[2,2]{1,0:T(4,128)(4,1)S(1)}, f32[2",0.055,0,0
%subtract_select_fusion.66,"(f32[2,2]{1,0:T(2,128)S(1)}, f32[2,2]{1,",0.063,0,0
%select_select_fusion.37,"(f32[2,2]{1,0:T(2,128)S(1)}, f32[2,2]{1,",0.234,0,0
%fusion.2018,"f32[2,2]{1,0:T(2,128)S(1)} fusion(pred[2",0.02,0,0
%select_select_fusion.38,"f32[2,2]{1,0:T(2,128)S(1)} fusion(pred[2",0.026,0,0
%fusion.2609,"(f32[2,2]{1,0:T(2,128)S(1)}, f32[2,2]{1,",0.148,0,0
%add_select_fusion.415,"(f32[2,2]{1,0:T(2,128)S(1)}, f32[2,2]{1,",0.115,0,0
%add_select_fusion.452,"(f32[2,2]{1,0:T(2,128)S(1)}, pred[2,2]{1",0.069,0,0
%subtract_select_fusion.59,"f32[2,2]{1,0:T(2,128)S(1)} fusion(pred[2",0.036,0,0
%fusion.2561,"f32[2,2097152]{1,0:T(2,128)S(1)} fusion(",25.617,0,0
%copy.13,"f32[1,2,128,16384]{3,1,2,0:T(2,128)S(1)}",18.825,0,0
%fusion.375,"f32[1,16384,2,128]{3,2,1,0:T(2,128)S(1)}",25.674,0,0
%copy.14,"f32[1,16384,2,128]{3,1,2,0:T(8,128)S(1)}",13.2,0,0
%fusion.374,"f32[1,16384,2,128]{3,2,1,0:T(2,128)S(1)}",25.661,0,0
%copy.15,"f32[1,16384,2,128]{3,1,2,0:T(8,128)S(1)}",13.201,0,0
%custom-call.2,c64[4194304]{0:T(1024)} custom-call(f32[,51.169,0,0
%custom-call,f32[4194304]{0:T(1024)S(1)} custom-call(,24.01,0,0
%reshape.8,"f32[128,32768]{1,0:T(8,128)S(1)} reshape",5.851,0,0
%iota_and_fusion.2,"u32[128]{0:T(128)S(1)} fusion(), kind=kL",0.005,0,0
%copy-start.5,"(u32[128]{0:T(128)}, u32[128]{0:T(128)S(",0.003,0,0
%iota_shift-right-logical_fusion.2,"u32[128]{0:T(128)S(1)} fusion(), kind=kL",0.006,0,0
%copy-start.7,"(u32[128]{0:T(128)}, u32[128]{0:T(128)S(",0.003,0,0
%add_select_fusion.270,"(f32[128,128]{1,0:T(8,128)S(1)}, pred[12",7.902,0,0
%fusion.1388,"(f32[128,128]{1,0:T(8,128)S(1)}, f32[128",0.858,0,0
%and_or_fusion.22,"(pred[128,128]{1,0:T(8,128)(4,1)S(1)}, p",0.05,0,0
%add_select_fusion.225,"(f32[128,128]{1,0:T(8,128)S(1)}, f32[128",0.487,0,0
%add_select_fusion.237,"(f32[128,128]{1,0:T(8,128)S(1)}, f32[128",0.486,0,0
%fusion.1433,"(f32[128,128]{1,0:T(8,128)S(1)}, f32[128",7.04,0,0
%copy-start.1,"(f32[128,128]{1,0:T(8,128)}, f32[128,128",0.003,0,0
%fusion.1425,"f32[128,128]{1,0:T(8,128)S(1)} fusion(f3",1.497,0,0
%copy-start.3,"(f32[128,128]{1,0:T(8,128)}, f32[128,128",0.001,0,0
%copy-done.5,u32[128]{0:T(128)} copy-done((u32[128]{0,0.003,0,0
%copy-done.7,u32[128]{0:T(128)} copy-done((u32[128]{0,0.004,0,0
%copy-done.3,"f32[128,128]{1,0:T(8,128)} copy-done((f3",0.284,0,0
%fusion.2698,"f32[128,32768]{1,0:T(8,128)S(1)} fusion(",5.862,0,0
%custom-call.1,f32[4194304]{0:T(1024)S(1)} custom-call(,22.549,0,0
%reshape.16,"f32[128,32768]{1,0:T(8,128)S(1)} reshape",5.85,0,0
%copy-done.1,"f32[128,128]{1,0:T(8,128)} copy-done((f3",0.004,0,0
%convolution_subtract_fusion.3,"f32[128,32768]{1,0:T(8,128)S(1)} fusion(",5.903,0,0
%iota_and_fusion,"u32[32768]{0:T(1024)} fusion(), kind=kLo",0.429,0,0
%iota_shift-right-logical_fusion,"u32[32768]{0:T(1024)} fusion(), kind=kLo",0.426,0,0
%is-finite_and_fusion.22,"(pred[128,32768,1]{1,0,2:T(32,128)(4,1)}",419.174,0,0
%fusion.2762,"(pred[128,32768,1]{1,0,2:T(32,128)(4,1)}",475.418,0,0
%fusion.335,"(f32[128,32768,1]{1,0,2:T(8,128)}, f32[1",606.99,0,0
%add_select_fusion.84,"(f32[128,32768,1]{1,0,2:T(8,128)}, f32[1",288.681,0,0
%fusion.368,"(f32[128,32768,1]{1,0,2:T(8,128)}, f32[1",1316.689,0,0
%fusion.369,"f32[128,32768,1]{1,0,2:T(8,128)S(1)} fus",67.235,0,0
%copy.10,"f32[16,8,128,256]{3,2,1,0:T(8,128)S(1)} ",11.531,0,0
%copy-start.2,"(f32[128,128]{1,0:T(8,128)S(1)}, f32[128",0.003,0,0
%copy-start.4,"(f32[128,128]{1,0:T(8,128)S(1)}, f32[128",0.003,0,0
%copy,"f32[128,256,128]{2,0,1:T(8,128)S(1)} cop",16.254,0,0
%copy-done.2,"f32[128,128]{1,0:T(8,128)S(1)} copy-done",0.004,0,0
%copy-done.4,"f32[128,128]{1,0:T(8,128)S(1)} copy-done",0.004,0,0
%copy-start,"(f32[128,32768,1]{1,0,2:T(8,128)S(1)}, f",0.006,0,0
%fusion.1439,"f32[128,256,128]{2,0,1:T(8,128)S(1)} fus",6.287,0,0
%copy-done,"f32[128,32768,1]{1,0,2:T(8,128)S(1)} cop",17.97,0,0
%copy.11,"f32[16,8,128,256]{3,2,1,0:T(8,128)S(1)} ",11.415,0,0
%copy.2,"f32[128,256,128]{2,0,1:T(8,128)S(1)} cop",16.239,0,0
%copy-start.6,"(u32[128]{0:T(128)S(1)}, u32[128]{0:T(12",0.003,0,0
%copy-start.8,"(u32[128]{0:T(128)S(1)}, u32[128]{0:T(12",0.003,0,0
%convolution_subtract_fusion.2,"f32[128,256,128]{2,0,1:T(8,128)S(1)} fus",5.893,0,0
%iota_and_fusion.1,"u32[256]{0:T(256)S(1)} fusion(), kind=kL",0.006,0,0
%iota_shift-right-logical_fusion.1,"u32[256]{0:T(256)S(1)} fusion(), kind=kL",0.004,0,0
%copy-done.6,u32[128]{0:T(128)S(1)} copy-done((u32[12,0.004,0,0
%copy-done.8,u32[128]{0:T(128)S(1)} copy-done((u32[12,0.004,0,0
%is-finite_and_fusion.53,"(pred[256,128]{1,0:T(8,128)(4,1)S(1)}, f",3.34,0,0
%fusion.906,"(f32[256,128]{1,0:T(8,128)S(1)}, f32[256",21.793,0,0
%fusion.914,"f32[256,128]{1,0:T(8,128)S(1)} fusion(f3",18.128,0,0
%fusion.367,"(f32[256,128,128]{2,1,0:T(8,128)S(1)}, f",51.908,0,0
%reshape.5,"f32[128,2,16384]{2,1,0:T(2,128)S(1)} res",16.696,0,0
%fusion.534,"f32[128,2,16384]{2,0,1:T(8,128)S(1)} fus",12.951,0,0
%reshape.1,"f32[128,2,16384]{2,1,0:T(2,128)S(1)} res",16.879,0,0
%convolution_add_fusion.1,"f32[128,2,16384]{2,0,1:T(8,128)S(1)} fus",33.774,0,0
%iota_shift-right-logical_fusion.3,"u32[2]{0:T(128)S(1)} fusion(), kind=kLoo",0.005,0,0
%iota_and_fusion.3,"u32[2]{0:T(128)S(1)} fusion(), kind=kLoo",0.004,0,0
%add_select_fusion.450,"(f32[2,128]{1,0:T(2,128)S(1)}, f32[2,128",0.125,0,0
%multiply_add_fusion.126,"(f32[2,128]{1,0:T(2,128)S(1)}, f32[2,128",0.33,0,0
%multiply_add_fusion.131,"(f32[2,128]{1,0:T(2,128)S(1)}, f32[2,128",0.089,0,0
%multiply_add_fusion.129,"(f32[2,128]{1,0:T(2,128)S(1)}, f32[2,128",0.096,0,0
%fusion.2356,"(f32[2,128]{1,0:T(2,128)S(1)}, f32[2,128",0.062,0,0
%add_select_fusion.408,"(f32[2,128]{1,0:T(2,128)S(1)}, f32[2,128",0.094,0,0
%compare_or_fusion.18,"(pred[2,128]{1,0:T(4,128)(4,1)S(1)}, f32",0.058,0,0
%subtract_select_fusion.54,"(f32[2,128]{1,0:T(2,128)S(1)}, f32[2,128",0.06,0,0
%compare_or_fusion.16,"(pred[2,128]{1,0:T(4,128)(4,1)S(1)}, f32",0.056,0,0
%subtract_select_fusion.50,"(f32[2,128]{1,0:T(2,128)S(1)}, f32[2,128",0.048,0,0
%is-finite_and_fusion.115,"(pred[2,128]{1,0:T(4,128)(4,1)S(1)}, f32",0.044,0,0
%multiply_add_fusion.138,"(f32[2,128]{1,0:T(2,128)S(1)}, f32[2,128",0.109,0,0
%fusion.2335,"(f32[2,128]{1,0:T(2,128)S(1)}, f32[2,128",0.179,0,0
%is-finite_and_fusion.122,"(pred[2,128]{1,0:T(4,128)(4,1)S(1)}, f32",0.044,0,0
%multiply_add_fusion.147,"(f32[2,128]{1,0:T(2,128)S(1)}, f32[2,128",0.107,0,0
%fusion.2312,"(f32[2,128]{1,0:T(2,128)S(1)}, f32[2,128",0.177,0,0
%fusion.2423,"(f32[2,128]{1,0:T(2,128)S(1)}, f32[2,128",0.218,0,0
%fusion.2425,"f32[2,128]{1,0:T(2,128)S(1)} fusion(f32[",0.13,0,0
%fusion.365,"(f32[1,2,128,16384]{3,2,1,0:T(8,128)S(1)",29.681,0,0
%copy.12,"f32[1,2,128,16384]{3,1,2,0:T(2,128)S(1)}",18.825,0,0
%subtract_select_fusion.62,"(f32[2,2]{1,0:T(2,128)S(1)}, pred[2,2]{1",0.335,0,0
%add_select_fusion.454,"(f32[2,2]{1,0:T(2,128)S(1)}, f32[2,2]{1,",0.225,0,0
%add_select_fusion.435,"(f32[2,2]{1,0:T(2,128)S(1)}, f32[2,2]{1,",0.229,0,0
%compare_or_fusion.25,"(pred[2,2]{1,0:T(4,128)(4,1)S(1)}, f32[2",0.058,0,0
%subtract_select_fusion.71,"(f32[2,2]{1,0:T(2,128)S(1)}, f32[2,2]{1,",0.063,0,0
%fusion.1992,"(f32[2,2]{1,0:T(2,128)S(1)}, f32[2,2]{1,",0.231,0,0
%compare_or_fusion.22,"(pred[2,2]{1,0:T(4,128)(4,1)S(1)}, f32[2",0.055,0,0
%subtract_select_fusion.66,"(f32[2,2]{1,0:T(2,128)S(1)}, f32[2,2]{1,",0.063,0,0
%select_select_fusion.37,"(f32[2,2]{1,0:T(2,128)S(1)}, f32[2,2]{1,",0.235,0,0
%fusion.2018,"f32[2,2]{1,0:T(2,128)S(1)} fusion(pred[2",0.02,0,0
%select_select_fusion.38,"f32[2,2]{1,0:T(2,128)S(1)} fusion(pred[2",0.026,0,0
%fusion.2609,"(f32[2,2]{1,0:T(2,128)S(1)}, f32[2,2]{1,",0.148,0,0
%add_select_fusion.415,"(f32[2,2]{1,0:T(2,128)S(1)}, f32[2,2]{1,",0.114,0,0
%add_select_fusion.452,"(f32[2,2]{1,0:T(2,128)S(1)}, pred[2,2]{1",0.068,0,0
%subtract_select_fusion.59,"f32[2,2]{1,0:T(2,128)S(1)} fusion(pred[2",0.036,0,0
%fusion.2561,"f32[2,2097152]{1,0:T(2,128)S(1)} fusion(",25.617,0,0
%copy.13,"f32[1,2,128,16384]{3,1,2,0:T(2,128)S(1)}",18.826,0,0
%fusion.375,"f32[1,16384,2,128]{3,2,1,0:T(2,128)S(1)}",25.674,0,0
%copy.14,"f32[1,16384,2,128]{3,1,2,0:T(8,128)S(1)}",13.201,0,0
%fusion.374,"f32[1,16384,2,128]{3,2,1,0:T(2,128)S(1)}",25.661,0,0
%copy.15,"f32[1,16384,2,128]{3,1,2,0:T(8,128)S(1)}",13.201,0,0
%custom-call.2,c64[4194304]{0:T(1024)} custom-call(f32[,50.981,0,0
%iota.1,"f32[4194304]{0:T(1024)} iota(), iota_dim",25.801,0,0
%broadcast_add_fusion,f32[4194304]{0:T(1024)} fusion(f32[41943,51.366,0,0
%broadcast,f32[4194304]{0:T(1024)S(1)} broadcast(f3,3.194,0,0
%custom-call,c64[4194304]{0:T(1024)} custom-call(f32[,122.234,0,0
%custom-call,f32[4194304]{0:T(1024)S(1)} custom-call(,23.977,0,0
%reshape.6,"f32[128,32768]{1,0:T(8,128)S(1)} reshape",5.85,0,0
%iota_and_fusion.2,"u32[128]{0:T(128)S(1)} fusion(), kind=kL",0.004,0,0
%copy-start.5,"(u32[128]{0:T(128)}, u32[128]{0:T(128)S(",0.003,0,0
%iota_shift-right-logical_fusion.2,"u32[128]{0:T(128)S(1)} fusion(), kind=kL",0.005,0,0
%copy-start.7,"(u32[128]{0:T(128)}, u32[128]{0:T(128)S(",0.003,0,0
%add_select_fusion.367,"(f32[128,128]{1,0:T(8,128)S(1)}, pred[12",7.904,0,0
%fusion.1982,"(f32[128,128]{1,0:T(8,128)S(1)}, f32[128",0.859,0,0
%and_or_fusion.31,"(pred[128,128]{1,0:T(8,128)(4,1)S(1)}, p",0.051,0,0
%add_select_fusion.322,"(f32[128,128]{1,0:T(8,128)S(1)}, f32[128",0.486,0,0
%add_select_fusion.334,"(f32[128,128]{1,0:T(8,128)S(1)}, f32[128",0.486,0,0
%fusion.2027,"(f32[128,128]{1,0:T(8,128)S(1)}, f32[128",7.04,0,0
%copy-start.1,"(f32[128,128]{1,0:T(8,128)}, f32[128,128",0.003,0,0
%fusion.2019,"f32[128,128]{1,0:T(8,128)S(1)} fusion(f3",1.499,0,0
%copy-start.3,"(f32[128,128]{1,0:T(8,128)}, f32[128,128",0.002,0,0
%copy-done.5,u32[128]{0:T(128)} copy-done((u32[128]{0,0.003,0,0
%copy-done.7,u32[128]{0:T(128)} copy-done((u32[128]{0,0.004,0,0
%copy-done.3,"f32[128,128]{1,0:T(8,128)} copy-done((f3",0.281,0,0
%fusion.2262,"f32[128,32768]{1,0:T(8,128)S(1)} fusion(",5.861,0,0
%custom-call.1,f32[4194304]{0:T(1024)S(1)} custom-call(,22.724,0,0
%reshape.14,"f32[128,32768]{1,0:T(8,128)S(1)} reshape",5.85,0,0
%copy-done.1,"f32[128,128]{1,0:T(8,128)} copy-done((f3",0.004,0,0
%convolution_subtract_fusion.1,"f32[128,32768]{1,0:T(8,128)S(1)} fusion(",5.904,0,0
%iota_and_fusion,"u32[32768]{0:T(1024)} fusion(), kind=kLo",0.426,0,0
%iota_shift-right-logical_fusion,"u32[32768]{0:T(1024)} fusion(), kind=kLo",0.426,0,0
%is-finite_and_fusion.22,"(pred[128,32768,1]{1,0,2:T(32,128)(4,1)}",419.174,0,0
%fusion.2320,"(pred[128,32768,1]{1,0,2:T(32,128)(4,1)}",475.631,0,0
%fusion.335,"(f32[128,32768,1]{1,0,2:T(8,128)}, f32[1",616.827,0,0
%add_select_fusion.84,"(f32[128,32768,1]{1,0,2:T(8,128)}, f32[1",288.885,0,0
%fusion.374,"(f32[128,32768,1]{1,0,2:T(8,128)}, f32[1",1316.51,0,0
%fusion.375,"f32[128,32768,1]{1,0,2:T(8,128)S(1)} fus",67.215,0,0
%copy.5,"f32[16,8,128,256]{3,2,1,0:T(8,128)S(1)} ",11.531,0,0
%copy-start.2,"(f32[128,128]{1,0:T(8,128)S(1)}, f32[128",0.003,0,0
%copy-start.4,"(f32[128,128]{1,0:T(8,128)S(1)}, f32[128",0.003,0,0
%copy,"f32[128,256,128]{2,0,1:T(8,128)S(1)} cop",16.254,0,0
%copy-done.2,"f32[128,128]{1,0:T(8,128)S(1)} copy-done",0.004,0,0
%copy-done.4,"f32[128,128]{1,0:T(8,128)S(1)} copy-done",0.004,0,0
%copy-start,"(f32[128,32768,1]{1,0,2:T(8,128)S(1)}, f",0.006,0,0
%fusion.2030,"f32[128,256,128]{2,0,1:T(8,128)S(1)} fus",6.062,0,0
%copy-done,"f32[128,32768,1]{1,0,2:T(8,128)S(1)} cop",18.076,0,0
%copy.6,"f32[16,8,128,256]{3,2,1,0:T(8,128)S(1)} ",11.414,0,0
%copy.2,"f32[128,256,128]{2,0,1:T(8,128)S(1)} cop",16.238,0,0
%copy-start.6,"(u32[128]{0:T(128)S(1)}, u32[128]{0:T(12",0.003,0,0
%copy-start.8,"(u32[128]{0:T(128)S(1)}, u32[128]{0:T(12",0.003,0,0
%convolution_subtract_fusion,"f32[128,256,128]{2,0,1:T(8,128)S(1)} fus",5.891,0,0
%iota_and_fusion.1,"u32[256]{0:T(256)S(1)} fusion(), kind=kL",0.004,0,0
%iota_shift-right-logical_fusion.1,"u32[256]{0:T(256)S(1)} fusion(), kind=kL",0.005,0,0
%copy-done.6,u32[128]{0:T(128)S(1)} copy-done((u32[12,0.003,0,0
%copy-done.8,u32[128]{0:T(128)S(1)} copy-done((u32[12,0.004,0,0
%is-finite_and_fusion.84,"(pred[256,128]{1,0:T(8,128)(4,1)S(1)}, f",3.34,0,0
%fusion.1483,"(f32[256,128]{1,0:T(8,128)S(1)}, f32[256",21.795,0,0
%fusion.1491,"f32[256,128]{1,0:T(8,128)S(1)} fusion(f3",18.127,0,0
%fusion.373,"(f32[256,128,128]{2,1,0:T(8,128)S(1)}, f",51.909,0,0
%fusion.2301,"(pred[256,256]{1,0:T(8,128)(4,1)S(1)}, f",29.081,0,0
%select_select_fusion.12,"(f32[256,256]{1,0:T(8,128)S(1)}, f32[256",3.725,0,0
%fusion.741,"f32[256,256]{1,0:T(8,128)S(1)} fusion(pr",1.336,0,0
%fusion.715,"(f32[256,256]{1,0:T(8,128)S(1)}, f32[256",6.775,0,0
%add_select_fusion.180,"(f32[256,256]{1,0:T(8,128)S(1)}, f32[256",36.864,0,0
%fusion.980,"(f32[256,256]{1,0:T(8,128)S(1)}, f32[256",6.285,0,0
%add_select_fusion.181,"(f32[256,256]{1,0:T(8,128)S(1)}, f32[256",3.665,0,0
%subtract_select_fusion.15,"f32[256,256]{1,0:T(8,128)S(1)} fusion(pr",0.614,0,0
%fusion.370,"f32[256,16384]{1,0:T(8,128)S(1)} fusion(",43.106,0,0
%fusion.364,"f32[32,128,8,128]{3,2,1,0:T(8,128)S(1)} ",86.623,0,0
%copy.9,"f32[32,128,8,128]{3,1,2,0:T(8,128)S(1)} ",4.811,0,0
%fusion.367,"f32[32,128,8,128]{3,2,1,0:T(8,128)S(1)} ",72.824,0,0
%copy.10,"f32[32,128,8,128]{3,1,2,0:T(8,128)S(1)} ",4.811,0,0
%custom-call.2,c64[4194304]{0:T(1024)} custom-call(f32[,51.31,0,0
%custom-call,f32[4194304]{0:T(1024)S(1)} custom-call(,23.977,0,0
%reshape.6,"f32[128,32768]{1,0:T(8,128)S(1)} reshape",5.85,0,0
%iota_and_fusion.2,"u32[128]{0:T(128)S(1)} fusion(), kind=kL",0.004,0,0
%copy-start.5,"(u32[128]{0:T(128)}, u32[128]{0:T(128)S(",0.003,0,0
%iota_shift-right-logical_fusion.2,"u32[128]{0:T(128)S(1)} fusion(), kind=kL",0.004,0,0
%copy-start.7,"(u32[128]{0:T(128)}, u32[128]{0:T(128)S(",0.003,0,0
%add_select_fusion.367,"(f32[128,128]{1,0:T(8,128)S(1)}, pred[12",7.902,0,0
%fusion.1982,"(f32[128,128]{1,0:T(8,128)S(1)}, f32[128",0.858,0,0
%and_or_fusion.31,"(pred[128,128]{1,0:T(8,128)(4,1)S(1)}, p",0.05,0,0
%add_select_fusion.322,"(f32[128,128]{1,0:T(8,128)S(1)}, f32[128",0.486,0,0
%add_select_fusion.334,"(f32[128,128]{1,0:T(8,128)S(1)}, f32[128",0.487,0,0
%fusion.2027,"(f32[128,128]{1,0:T(8,128)S(1)}, f32[128",7.039,0,0
%copy-start.1,"(f32[128,128]{1,0:T(8,128)}, f32[128,128",0.003,0,0
%fusion.2019,"f32[128,128]{1,0:T(8,128)S(1)} fusion(f3",1.499,0,0
%copy-start.3,"(f32[128,128]{1,0:T(8,128)}, f32[128,128",0.001,0,0
%copy-done.5,u32[128]{0:T(128)} copy-done((u32[128]{0,0.004,0,0
%copy-done.7,u32[128]{0:T(128)} copy-done((u32[128]{0,0.004,0,0
%copy-done.3,"f32[128,128]{1,0:T(8,128)} copy-done((f3",0.283,0,0
%fusion.2262,"f32[128,32768]{1,0:T(8,128)S(1)} fusion(",5.861,0,0
%custom-call.1,f32[4194304]{0:T(1024)S(1)} custom-call(,22.698,0,0
%reshape.14,"f32[128,32768]{1,0:T(8,128)S(1)} reshape",5.85,0,0
%copy-done.1,"f32[128,128]{1,0:T(8,128)} copy-done((f3",0.003,0,0
%convolution_subtract_fusion.1,"f32[128,32768]{1,0:T(8,128)S(1)} fusion(",5.904,0,0
%iota_and_fusion,"u32[32768]{0:T(1024)} fusion(), kind=kLo",0.43,0,0
%iota_shift-right-logical_fusion,"u32[32768]{0:T(1024)} fusion(), kind=kLo",0.426,0,0
%is-finite_and_fusion.22,"(pred[128,32768,1]{1,0,2:T(32,128)(4,1)}",419.174,0,0
%fusion.2320,"(pred[128,32768,1]{1,0,2:T(32,128)(4,1)}",475.489,0,0
%fusion.335,"(f32[128,32768,1]{1,0,2:T(8,128)}, f32[1",607.143,0,0
%add_select_fusion.84,"(f32[128,32768,1]{1,0,2:T(8,128)}, f32[1",288.665,0,0
%fusion.374,"(f32[128,32768,1]{1,0,2:T(8,128)}, f32[1",1316.773,0,0
%fusion.375,"f32[128,32768,1]{1,0,2:T(8,128)S(1)} fus",67.224,0,0
%copy.5,"f32[16,8,128,256]{3,2,1,0:T(8,128)S(1)} ",11.531,0,0
%copy-start.2,"(f32[128,128]{1,0:T(8,128)S(1)}, f32[128",0.003,0,0
%copy-start.4,"(f32[128,128]{1,0:T(8,128)S(1)}, f32[128",0.003,0,0
%copy,"f32[128,256,128]{2,0,1:T(8,128)S(1)} cop",16.248,0,0
%copy-done.2,"f32[128,128]{1,0:T(8,128)S(1)} copy-done",0.004,0,0
%copy-done.4,"f32[128,128]{1,0:T(8,128)S(1)} copy-done",0.004,0,0
%copy-start,"(f32[128,32768,1]{1,0,2:T(8,128)S(1)}, f",0.006,0,0
%fusion.2030,"f32[128,256,128]{2,0,1:T(8,128)S(1)} fus",6.287,0,0
%copy-done,"f32[128,32768,1]{1,0,2:T(8,128)S(1)} cop",17.601,0,0
%copy.6,"f32[16,8,128,256]{3,2,1,0:T(8,128)S(1)} ",11.414,0,0
%copy.2,"f32[128,256,128]{2,0,1:T(8,128)S(1)} cop",16.238,0,0
%copy-start.6,"(u32[128]{0:T(128)S(1)}, u32[128]{0:T(12",0.003,0,0
%copy-start.8,"(u32[128]{0:T(128)S(1)}, u32[128]{0:T(12",0.003,0,0
%convolution_subtract_fusion,"f32[128,256,128]{2,0,1:T(8,128)S(1)} fus",5.892,0,0
%iota_and_fusion.1,"u32[256]{0:T(256)S(1)} fusion(), kind=kL",0.004,0,0
%iota_shift-right-logical_fusion.1,"u32[256]{0:T(256)S(1)} fusion(), kind=kL",0.005,0,0
%copy-done.6,u32[128]{0:T(128)S(1)} copy-done((u32[12,0.004,0,0
%copy-done.8,u32[128]{0:T(128)S(1)} copy-done((u32[12,0.004,0,0
%is-finite_and_fusion.84,"(pred[256,128]{1,0:T(8,128)(4,1)S(1)}, f",3.34,0,0
%fusion.1483,"(f32[256,128]{1,0:T(8,128)S(1)}, f32[256",21.794,0,0
%fusion.1491,"f32[256,128]{1,0:T(8,128)S(1)} fusion(f3",18.128,0,0
%fusion.373,"(f32[256,128,128]{2,1,0:T(8,128)S(1)}, f",51.909,0,0
%fusion.2301,"(pred[256,256]{1,0:T(8,128)(4,1)S(1)}, f",29.08,0,0
%select_select_fusion.12,"(f32[256,256]{1,0:T(8,128)S(1)}, f32[256",3.725,0,0
%fusion.741,"f32[256,256]{1,0:T(8,128)S(1)} fusion(pr",1.335,0,0
%fusion.715,"(f32[256,256]{1,0:T(8,128)S(1)}, f32[256",6.776,0,0
%add_select_fusion.180,"(f32[256,256]{1,0:T(8,128)S(1)}, f32[256",36.865,0,0
%fusion.980,"(f32[256,256]{1,0:T(8,128)S(1)}, f32[256",6.286,0,0
%add_select_fusion.181,"(f32[256,256]{1,0:T(8,128)S(1)}, f32[256",3.666,0,0
%subtract_select_fusion.15,"f32[256,256]{1,0:T(8,128)S(1)} fusion(pr",0.615,0,0
%fusion.370,"f32[256,16384]{1,0:T(8,128)S(1)} fusion(",42.881,0,0
%fusion.364,"f32[32,128,8,128]{3,2,1,0:T(8,128)S(1)} ",86.649,0,0
%copy.9,"f32[32,128,8,128]{3,1,2,0:T(8,128)S(1)} ",4.809,0,0
%fusion.367,"f32[32,128,8,128]{3,2,1,0:T(8,128)S(1)} ",72.821,0,0
%copy.10,"f32[32,128,8,128]{3,1,2,0:T(8,128)S(1)} ",4.809,0,0
%custom-call.2,c64[4194304]{0:T(1024)} custom-call(f32[,51.513,0,0
%custom-call,f32[4194304]{0:T(1024)S(1)} custom-call(,24.012,0,0
%reshape.6,"f32[128,32768]{1,0:T(8,128)S(1)} reshape",5.85,0,0
%iota_and_fusion.2,"u32[128]{0:T(128)S(1)} fusion(), kind=kL",0.005,0,0
%copy-start.5,"(u32[128]{0:T(128)}, u32[128]{0:T(128)S(",0.003,0,0
%iota_shift-right-logical_fusion.2,"u32[128]{0:T(128)S(1)} fusion(), kind=kL",0.006,0,0
%copy-start.7,"(u32[128]{0:T(128)}, u32[128]{0:T(128)S(",0.003,0,0
%add_select_fusion.367,"(f32[128,128]{1,0:T(8,128)S(1)}, pred[12",7.904,0,0
%fusion.1982,"(f32[128,128]{1,0:T(8,128)S(1)}, f32[128",0.859,0,0
%and_or_fusion.31,"(pred[128,128]{1,0:T(8,128)(4,1)S(1)}, p",0.049,0,0
%add_select_fusion.322,"(f32[128,128]{1,0:T(8,128)S(1)}, f32[128",0.486,0,0
%add_select_fusion.334,"(f32[128,128]{1,0:T(8,128)S(1)}, f32[128",0.485,0,0
%fusion.2027,"(f32[128,128]{1,0:T(8,128)S(1)}, f32[128",7.04,0,0
%copy-start.1,"(f32[128,128]{1,0:T(8,128)}, f32[128,128",0.003,0,0
%fusion.2019,"f32[128,128]{1,0:T(8,128)S(1)} fusion(f3",1.498,0,0
%copy-start.3,"(f32[128,128]{1,0:T(8,128)}, f32[128,128",0.001,0,0
%copy-done.5,u32[128]{0:T(128)} copy-done((u32[128]{0,0.004,0,0
%copy-done.7,u32[128]{0:T(128)} copy-done((u32[128]{0,0.004,0,0
%copy-done.3,"f32[128,128]{1,0:T(8,128)} copy-done((f3",0.281,0,0
%fusion.2262,"f32[128,32768]{1,0:T(8,128)S(1)} fusion(",5.861,0,0
%custom-call.1,f32[4194304]{0:T(1024)S(1)} custom-call(,22.68,0,0
%reshape.14,"f32[128,32768]{1,0:T(8,128)S(1)} reshape",5.85,0,0
%copy-done.1,"f32[128,128]{1,0:T(8,128)} copy-done((f3",0.004,0,0
%convolution_subtract_fusion.1,"f32[128,32768]{1,0:T(8,128)S(1)} fusion(",5.904,0,0
%iota_and_fusion,"u32[32768]{0:T(1024)} fusion(), kind=kLo",0.43,0,0
%iota_shift-right-logical_fusion,"u32[32768]{0:T(1024)} fusion(), kind=kLo",0.425,0,0
%is-finite_and_fusion.22,"(pred[128,32768,1]{1,0,2:T(32,128)(4,1)}",419.174,0,0
%fusion.2320,"(pred[128,32768,1]{1,0,2:T(32,128)(4,1)}",475.456,0,0
%fusion.335,"(f32[128,32768,1]{1,0,2:T(8,128)}, f32[1",607.199,0,0
%add_select_fusion.84,"(f32[128,32768,1]{1,0,2:T(8,128)}, f32[1",288.666,0,0
%fusion.374,"(f32[128,32768,1]{1,0,2:T(8,128)}, f32[1",1316.798,0,0
%fusion.375,"f32[128,32768,1]{1,0,2:T(8,128)S(1)} fus",67.236,0,0
%copy.5,"f32[16,8,128,256]{3,2,1,0:T(8,128)S(1)} ",11.531,0,0
%copy-start.2,"(f32[128,128]{1,0:T(8,128)S(1)}, f32[128",0.004,0,0
%copy-start.4,"(f32[128,128]{1,0:T(8,128)S(1)}, f32[128",0.003,0,0
%copy,"f32[128,256,128]{2,0,1:T(8,128)S(1)} cop",16.247,0,0
%copy-done.2,"f32[128,128]{1,0:T(8,128)S(1)} copy-done",0.004,0,0
%copy-done.4,"f32[128,128]{1,0:T(8,128)S(1)} copy-done",0.004,0,0
%copy-start,"(f32[128,32768,1]{1,0,2:T(8,128)S(1)}, f",0.006,0,0
%fusion.2030,"f32[128,256,128]{2,0,1:T(8,128)S(1)} fus",6.286,0,0
%copy-done,"f32[128,32768,1]{1,0,2:T(8,128)S(1)} cop",17.624,0,0
%copy.6,"f32[16,8,128,256]{3,2,1,0:T(8,128)S(1)} ",11.414,0,0
%copy.2,"f32[128,256,128]{2,0,1:T(8,128)S(1)} cop",16.239,0,0
%copy-start.6,"(u32[128]{0:T(128)S(1)}, u32[128]{0:T(12",0.004,0,0
%copy-start.8,"(u32[128]{0:T(128)S(1)}, u32[128]{0:T(12",0.003,0,0
%convolution_subtract_fusion,"f32[128,256,128]{2,0,1:T(8,128)S(1)} fus",5.891,0,0
%iota_and_fusion.1,"u32[256]{0:T(256)S(1)} fusion(), kind=kL",0.005,0,0
%iota_shift-right-logical_fusion.1,"u32[256]{0:T(256)S(1)} fusion(), kind=kL",0.005,0,0
%copy-done.6,u32[128]{0:T(128)S(1)} copy-done((u32[12,0.004,0,0
%copy-done.8,u32[128]{0:T(128)S(1)} copy-done((u32[12,0.003,0,0
%is-finite_and_fusion.84,"(pred[256,128]{1,0:T(8,128)(4,1)S(1)}, f",3.34,0,0
%fusion.1483,"(f32[256,128]{1,0:T(8,128)S(1)}, f32[256",21.794,0,0
%fusion.1491,"f32[256,128]{1,0:T(8,128)S(1)} fusion(f3",18.128,0,0
%fusion.373,"(f32[256,128,128]{2,1,0:T(8,128)S(1)}, f",51.909,0,0
%fusion.2301,"(pred[256,256]{1,0:T(8,128)(4,1)S(1)}, f",29.08,0,0
%select_select_fusion.12,"(f32[256,256]{1,0:T(8,128)S(1)}, f32[256",3.725,0,0
%fusion.741,"f32[256,256]{1,0:T(8,128)S(1)} fusion(pr",1.335,0,0
%fusion.715,"(f32[256,256]{1,0:T(8,128)S(1)}, f32[256",6.776,0,0
%add_select_fusion.180,"(f32[256,256]{1,0:T(8,128)S(1)}, f32[256",36.864,0,0
%fusion.980,"(f32[256,256]{1,0:T(8,128)S(1)}, f32[256",6.286,0,0
%add_select_fusion.181,"(f32[256,256]{1,0:T(8,128)S(1)}, f32[256",3.667,0,0
%subtract_select_fusion.15,"f32[256,256]{1,0:T(8,128)S(1)} fusion(pr",0.615,0,0
%fusion.370,"f32[256,16384]{1,0:T(8,128)S(1)} fusion(",42.881,0,0
%fusion.364,"f32[32,128,8,128]{3,2,1,0:T(8,128)S(1)} ",86.659,0,0
%copy.9,"f32[32,128,8,128]{3,1,2,0:T(8,128)S(1)} ",4.81,0,0
%fusion.367,"f32[32,128,8,128]{3,2,1,0:T(8,128)S(1)} ",72.821,0,0
%copy.10,"f32[32,128,8,128]{3,1,2,0:T(8,128)S(1)} ",4.81,0,0
%custom-call.2,c64[4194304]{0:T(1024)} custom-call(f32[,51.594,0,0
%custom-call,f32[4194304]{0:T(1024)S(1)} custom-call(,24.031,0,0
%reshape.6,"f32[128,32768]{1,0:T(8,128)S(1)} reshape",5.85,0,0
%iota_and_fusion.2,"u32[128]{0:T(128)S(1)} fusion(), kind=kL",0.005,0,0
%copy-start.5,"(u32[128]{0:T(128)}, u32[128]{0:T(128)S(",0.004,0,0
%iota_shift-right-logical_fusion.2,"u32[128]{0:T(128)S(1)} fusion(), kind=kL",0.004,0,0
%copy-start.7,"(u32[128]{0:T(128)}, u32[128]{0:T(128)S(",0.003,0,0
%add_select_fusion.367,"(f32[128,128]{1,0:T(8,128)S(1)}, pred[12",7.901,0,0
%fusion.1982,"(f32[128,128]{1,0:T(8,128)S(1)}, f32[128",0.86,0,0
%and_or_fusion.31,"(pred[128,128]{1,0:T(8,128)(4,1)S(1)}, p",0.05,0,0
%add_select_fusion.322,"(f32[128,128]{1,0:T(8,128)S(1)}, f32[128",0.486,0,0
%add_select_fusion.334,"(f32[128,128]{1,0:T(8,128)S(1)}, f32[128",0.487,0,0
%fusion.2027,"(f32[128,128]{1,0:T(8,128)S(1)}, f32[128",7.039,0,0
%copy-start.1,"(f32[128,128]{1,0:T(8,128)}, f32[128,128",0.003,0,0
%fusion.2019,"f32[128,128]{1,0:T(8,128)S(1)} fusion(f3",1.498,0,0
%copy-start.3,"(f32[128,128]{1,0:T(8,128)}, f32[128,128",0.001,0,0
%copy-done.5,u32[128]{0:T(128)} copy-done((u32[128]{0,0.003,0,0
%copy-done.7,u32[128]{0:T(128)} copy-done((u32[128]{0,0.004,0,0
%copy-done.3,"f32[128,128]{1,0:T(8,128)} copy-done((f3",0.28,0,0
%fusion.2262,"f32[128,32768]{1,0:T(8,128)S(1)} fusion(",5.861,0,0
%custom-call.1,f32[4194304]{0:T(1024)S(1)} custom-call(,22.656,0,0
%reshape.14,"f32[128,32768]{1,0:T(8,128)S(1)} reshape",5.85,0,0
%copy-done.1,"f32[128,128]{1,0:T(8,128)} copy-done((f3",0.003,0,0
%convolution_subtract_fusion.1,"f32[128,32768]{1,0:T(8,128)S(1)} fusion(",5.904,0,0
%iota_and_fusion,"u32[32768]{0:T(1024)} fusion(), kind=kLo",0.427,0,0
%iota_shift-right-logical_fusion,"u32[32768]{0:T(1024)} fusion(), kind=kLo",0.426,0,0
%is-finite_and_fusion.22,"(pred[128,32768,1]{1,0,2:T(32,128)(4,1)}",419.174,0,0
%fusion.2320,"(pred[128,32768,1]{1,0,2:T(32,128)(4,1)}",475.443,0,0
%fusion.335,"(f32[128,32768,1]{1,0,2:T(8,128)}, f32[1",607.189,0,0
%add_select_fusion.84,"(f32[128,32768,1]{1,0,2:T(8,128)}, f32[1",288.666,0,0
%fusion.374,"(f32[128,32768,1]{1,0,2:T(8,128)}, f32[1",1316.774,0,0
%fusion.375,"f32[128,32768,1]{1,0,2:T(8,128)S(1)} fus",67.237,0,0
%copy.5,"f32[16,8,128,256]{3,2,1,0:T(8,128)S(1)} ",11.53,0,0
%copy-start.2,"(f32[128,128]{1,0:T(8,128)S(1)}, f32[128",0.003,0,0
%copy-start.4,"(f32[128,128]{1,0:T(8,128)S(1)}, f32[128",0.003,0,0
%copy,"f32[128,256,128]{2,0,1:T(8,128)S(1)} cop",16.249,0,0
%copy-done.2,"f32[128,128]{1,0:T(8,128)S(1)} copy-done",0.003,0,0
%copy-done.4,"f32[128,128]{1,0:T(8,128)S(1)} copy-done",0.004,0,0
%copy-start,"(f32[128,32768,1]{1,0,2:T(8,128)S(1)}, f",0.006,0,0
%fusion.2030,"f32[128,256,128]{2,0,1:T(8,128)S(1)} fus",6.286,0,0
%copy-done,"f32[128,32768,1]{1,0,2:T(8,128)S(1)} cop",17.618,0,0
%copy.6,"f32[16,8,128,256]{3,2,1,0:T(8,128)S(1)} ",11.413,0,0
%copy.2,"f32[128,256,128]{2,0,1:T(8,128)S(1)} cop",16.238,0,0
%copy-start.6,"(u32[128]{0:T(128)S(1)}, u32[128]{0:T(12",0.003,0,0
%copy-start.8,"(u32[128]{0:T(128)S(1)}, u32[128]{0:T(12",0.003,0,0
%convolution_subtract_fusion,"f32[128,256,128]{2,0,1:T(8,128)S(1)} fus",5.892,0,0
%iota_and_fusion.1,"u32[256]{0:T(256)S(1)} fusion(), kind=kL",0.005,0,0
%iota_shift-right-logical_fusion.1,"u32[256]{0:T(256)S(1)} fusion(), kind=kL",0.004,0,0
%copy-done.6,u32[128]{0:T(128)S(1)} copy-done((u32[12,0.004,0,0
%copy-done.8,u32[128]{0:T(128)S(1)} copy-done((u32[12,0.003,0,0
%is-finite_and_fusion.84,"(pred[256,128]{1,0:T(8,128)(4,1)S(1)}, f",3.34,0,0
%fusion.1483,"(f32[256,128]{1,0:T(8,128)S(1)}, f32[256",21.794,0,0
%fusion.1491,"f32[256,128]{1,0:T(8,128)S(1)} fusion(f3",18.126,0,0
%fusion.373,"(f32[256,128,128]{2,1,0:T(8,128)S(1)}, f",51.909,0,0
%fusion.2301,"(pred[256,256]{1,0:T(8,128)(4,1)S(1)}, f",29.08,0,0
%select_select_fusion.12,"(f32[256,256]{1,0:T(8,128)S(1)}, f32[256",3.725,0,0
%fusion.741,"f32[256,256]{1,0:T(8,128)S(1)} fusion(pr",1.335,0,0
%fusion.715,"(f32[256,256]{1,0:T(8,128)S(1)}, f32[256",6.775,0,0
%add_select_fusion.180,"(f32[256,256]{1,0:T(8,128)S(1)}, f32[256",36.865,0,0
%fusion.980,"(f32[256,256]{1,0:T(8,128)S(1)}, f32[256",6.285,0,0
%add_select_fusion.181,"(f32[256,256]{1,0:T(8,128)S(1)}, f32[256",3.666,0,0
%subtract_select_fusion.15,"f32[256,256]{1,0:T(8,128)S(1)} fusion(pr",0.615,0,0
%fusion.370,"f32[256,16384]{1,0:T(8,128)S(1)} fusion(",42.882,0,0
%fusion.364,"f32[32,128,8,128]{3,2,1,0:T(8,128)S(1)} ",86.664,0,0
%copy.9,"f32[32,128,8,128]{3,1,2,0:T(8,128)S(1)} ",4.81,0,0
%fusion.367,"f32[32,128,8,128]{3,2,1,0:T(8,128)S(1)} ",72.823,0,0
%copy.10,"f32[32,128,8,128]{3,1,2,0:T(8,128)S(1)} ",4.81,0,0
%custom-call.2,c64[4194304]{0:T(1024)} custom-call(f32[,51.429,0,0
%custom-call,f32[4194304]{0:T(1024)S(1)} custom-call(,23.994,0,0
%reshape.6,"f32[128,32768]{1,0:T(8,128)S(1)} reshape",5.85,0,0
%iota_and_fusion.2,"u32[128]{0:T(128)S(1)} fusion(), kind=kL",0.005,0,0
%copy-start.5,"(u32[128]{0:T(128)}, u32[128]{0:T(128)S(",0.003,0,0
%iota_shift-right-logical_fusion.2,"u32[128]{0:T(128)S(1)} fusion(), kind=kL",0.006,0,0
%copy-start.7,"(u32[128]{0:T(128)}, u32[128]{0:T(128)S(",0.003,0,0
%add_select_fusion.367,"(f32[128,128]{1,0:T(8,128)S(1)}, pred[12",7.902,0,0
%fusion.1982,"(f32[128,128]{1,0:T(8,128)S(1)}, f32[128",0.858,0,0
%and_or_fusion.31,"(pred[128,128]{1,0:T(8,128)(4,1)S(1)}, p",0.05,0,0
%add_select_fusion.322,"(f32[128,128]{1,0:T(8,128)S(1)}, f32[128",0.487,0,0
%add_select_fusion.334,"(f32[128,128]{1,0:T(8,128)S(1)}, f32[128",0.486,0,0
%fusion.2027,"(f32[128,128]{1,0:T(8,128)S(1)}, f32[128",7.039,0,0
%copy-start.1,"(f32[128,128]{1,0:T(8,128)}, f32[128,128",0.003,0,0
%fusion.2019,"f32[128,128]{1,0:T(8,128)S(1)} fusion(f3",1.499,0,0
%copy-start.3,"(f32[128,128]{1,0:T(8,128)}, f32[128,128",0.001,0,0
%copy-done.5,u32[128]{0:T(128)} copy-done((u32[128]{0,0.003,0,0
%copy-done.7,u32[128]{0:T(128)} copy-done((u32[128]{0,0.004,0,0
%copy-done.3,"f32[128,128]{1,0:T(8,128)} copy-done((f3",0.283,0,0
%fusion.2262,"f32[128,32768]{1,0:T(8,128)S(1)} fusion(",5.861,0,0
%custom-call.1,f32[4194304]{0:T(1024)S(1)} custom-call(,22.547,0,0
%reshape.14,"f32[128,32768]{1,0:T(8,128)S(1)} reshape",5.85,0,0
%copy-done.1,"f32[128,128]{1,0:T(8,128)} copy-done((f3",0.003,0,0
%convolution_subtract_fusion.1,"f32[128,32768]{1,0:T(8,128)S(1)} fusion(",5.904,0,0
%iota_and_fusion,"u32[32768]{0:T(1024)} fusion(), kind=kLo",0.427,0,0
%iota_shift-right-logical_fusion,"u32[32768]{0:T(1024)} fusion(), kind=kLo",0.426,0,0
%is-finite_and_fusion.22,"(pred[128,32768,1]{1,0,2:T(32,128)(4,1)}",419.175,0,0
%fusion.2320,"(pred[128,32768,1]{1,0,2:T(32,128)(4,1)}",475.431,0,0
%fusion.335,"(f32[128,32768,1]{1,0,2:T(8,128)}, f32[1",607.059,0,0
%add_select_fusion.84,"(f32[128,32768,1]{1,0,2:T(8,128)}, f32[1",288.658,0,0
%fusion.374,"(f32[128,32768,1]{1,0,2:T(8,128)}, f32[1",1316.774,0,0
%fusion.375,"f32[128,32768,1]{1,0,2:T(8,128)S(1)} fus",67.231,0,0
%copy.5,"f32[16,8,128,256]{3,2,1,0:T(8,128)S(1)} ",11.53,0,0
%copy-start.2,"(f32[128,128]{1,0:T(8,128)S(1)}, f32[128",0.004,0,0
%copy-start.4,"(f32[128,128]{1,0:T(8,128)S(1)}, f32[128",0.004,0,0
%copy,"f32[128,256,128]{2,0,1:T(8,128)S(1)} cop",16.248,0,0
%copy-done.2,"f32[128,128]{1,0:T(8,128)S(1)} copy-done",0.004,0,0
%copy-done.4,"f32[128,128]{1,0:T(8,128)S(1)} copy-done",0.004,0,0
%copy-start,"(f32[128,32768,1]{1,0,2:T(8,128)S(1)}, f",0.006,0,0
%fusion.2030,"f32[128,256,128]{2,0,1:T(8,128)S(1)} fus",6.286,0,0
%copy-done,"f32[128,32768,1]{1,0,2:T(8,128)S(1)} cop",17.631,0,0
%copy.6,"f32[16,8,128,256]{3,2,1,0:T(8,128)S(1)} ",11.412,0,0
%copy.2,"f32[128,256,128]{2,0,1:T(8,128)S(1)} cop",16.239,0,0
%copy-start.6,"(u32[128]{0:T(128)S(1)}, u32[128]{0:T(12",0.004,0,0
%copy-start.8,"(u32[128]{0:T(128)S(1)}, u32[128]{0:T(12",0.003,0,0
%convolution_subtract_fusion,"f32[128,256,128]{2,0,1:T(8,128)S(1)} fus",5.891,0,0
%iota_and_fusion.1,"u32[256]{0:T(256)S(1)} fusion(), kind=kL",0.004,0,0
%iota_shift-right-logical_fusion.1,"u32[256]{0:T(256)S(1)} fusion(), kind=kL",0.005,0,0
%copy-done.6,u32[128]{0:T(128)S(1)} copy-done((u32[12,0.003,0,0
%copy-done.8,u32[128]{0:T(128)S(1)} copy-done((u32[12,0.004,0,0
%is-finite_and_fusion.84,"(pred[256,128]{1,0:T(8,128)(4,1)S(1)}, f",3.34,0,0
%fusion.1483,"(f32[256,128]{1,0:T(8,128)S(1)}, f32[256",21.795,0,0
%fusion.1491,"f32[256,128]{1,0:T(8,128)S(1)} fusion(f3",18.127,0,0
%fusion.373,"(f32[256,128,128]{2,1,0:T(8,128)S(1)}, f",51.909,0,0
%fusion.2301,"(pred[256,256]{1,0:T(8,128)(4,1)S(1)}, f",29.08,0,0
%select_select_fusion.12,"(f32[256,256]{1,0:T(8,128)S(1)}, f32[256",3.725,0,0
%fusion.741,"f32[256,256]{1,0:T(8,128)S(1)} fusion(pr",1.334,0,0
%fusion.715,"(f32[256,256]{1,0:T(8,128)S(1)}, f32[256",6.776,0,0
%add_select_fusion.180,"(f32[256,256]{1,0:T(8,128)S(1)}, f32[256",36.864,0,0
%fusion.980,"(f32[256,256]{1,0:T(8,128)S(1)}, f32[256",6.285,0,0
%add_select_fusion.181,"(f32[256,256]{1,0:T(8,128)S(1)}, f32[256",3.665,0,0
%subtract_select_fusion.15,"f32[256,256]{1,0:T(8,128)S(1)} fusion(pr",0.615,0,0
%fusion.370,"f32[256,16384]{1,0:T(8,128)S(1)} fusion(",42.881,0,0
%fusion.364,"f32[32,128,8,128]{3,2,1,0:T(8,128)S(1)} ",86.653,0,0
%copy.9,"f32[32,128,8,128]{3,1,2,0:T(8,128)S(1)} ",4.81,0,0
%fusion.367,"f32[32,128,8,128]{3,2,1,0:T(8,128)S(1)} ",72.823,0,0
%copy.10,"f32[32,128,8,128]{3,1,2,0:T(8,128)S(1)} ",4.81,0,0
%custom-call.2,c64[4194304]{0:T(1024)} custom-call(f32[,51.569,0,0
%iota.1,"f32[8388608]{0:T(1024)} iota(), iota_dim",51.35,0,0
%broadcast_add_fusion,f32[8388608]{0:T(1024)} fusion(f32[83886,102.125,0,0
%broadcast,f32[8388608]{0:T(1024)S(1)} broadcast(f3,7.716,0,0
%custom-call,c64[8388608]{0:T(1024)} custom-call(f32[,246.009,0,0
%iota_and_fusion.2,"u32[128]{0:T(128)S(1)} fusion(), kind=kL",0.004,0,0
%copy-start.9,"(u32[128]{0:T(128)}, u32[128]{0:T(128)S(",0.003,0,0
%iota_shift-right-logical_fusion.2,"u32[128]{0:T(128)S(1)} fusion(), kind=kL",0.004,0,0
%copy-start.11,"(u32[128]{0:T(128)}, u32[128]{0:T(128)S(",0.003,0,0
%add_select_fusion.270,"(f32[128,128]{1,0:T(8,128)S(1)}, pred[12",7.904,0,0
%fusion.1397,"(f32[128,128]{1,0:T(8,128)S(1)}, f32[128",0.86,0,0
%add_select_fusion.237,"(f32[128,128]{1,0:T(8,128)S(1)}, f32[128",0.485,0,0
%add_select_fusion.225,"(f32[128,128]{1,0:T(8,128)S(1)}, f32[128",0.485,0,0
%and_or_fusion.22,"(pred[128,128]{1,0:T(8,128)(4,1)S(1)}, p",0.05,0,0
%fusion.1442,"(f32[128,128]{1,0:T(8,128)S(1)}, f32[128",7.041,0,0
%copy-start.5,"(f32[128,128]{1,0:T(8,128)}, f32[128,128",0.003,0,0
%fusion.1434,"f32[128,128]{1,0:T(8,128)S(1)} fusion(f3",1.498,0,0
%copy-start.7,"(f32[128,128]{1,0:T(8,128)}, f32[128,128",0.003,0,0
%custom-call,f32[8388608]{0:T(1024)S(1)} custom-call(,44.77,0,0
%reshape.8,"f32[128,65536]{1,0:T(8,128)S(1)} reshape",11.93,0,0
%copy-done.7,"f32[128,128]{1,0:T(8,128)} copy-done((f3",0.004,0,0
%fusion.2741,"f32[128,65536]{1,0:T(8,128)S(1)} fusion(",11.748,0,0
%custom-call.1,f32[8388608]{0:T(1024)S(1)} custom-call(,44.933,0,0
%reshape.16,"f32[128,65536]{1,0:T(8,128)} reshape(f32",51.814,0,0
%copy-done.5,"f32[128,128]{1,0:T(8,128)} copy-done((f3",0.003,0,0
%convolution_subtract_fusion.3,"f32[128,65536]{1,0:T(8,128)S(1)} fusion(",45.945,0,0
%iota_and_fusion,"u32[65536]{0:T(1024)S(1)} fusion(), kind",0.047,0,0
%copy-start.1,"(u32[65536]{0:T(1024)}, u32[65536]{0:T(1",0.003,0,0
%iota_shift-right-logical_fusion,"u32[65536]{0:T(1024)S(1)} fusion(), kind",0.049,0,0
%copy-done.9,u32[128]{0:T(128)} copy-done((u32[128]{0,0.003,0,0
%copy-done.11,u32[128]{0:T(128)} copy-done((u32[128]{0,0.004,0,0
%copy-start.3,"(u32[65536]{0:T(1024)}, u32[65536]{0:T(1",0.004,0,0
%is-finite_and_fusion.22,"(pred[128,65536,1]{1,0,2:T(32,128)(4,1)S",782.806,0,0
%copy-done.1,u32[65536]{0:T(1024)} copy-done((u32[655,0.003,0,0
%copy-done.3,u32[65536]{0:T(1024)} copy-done((u32[655,0.004,0,0
%fusion.2786,"(pred[128,65536,1]{1,0,2:T(32,128)(4,1)S",950.994,0,0
%fusion.335,"(f32[128,65536,1]{1,0,2:T(8,128)}, f32[1",1282.334,0,0
%copy-start.2,"(u32[65536]{0:T(1024)S(1)}, u32[65536]{0",0.003,0,0
%copy-start.4,"(u32[65536]{0:T(1024)S(1)}, u32[65536]{0",0.004,0,0
%copy-start.8,"(f32[128,128]{1,0:T(8,128)S(1)}, f32[128",0.003,0,0
%copy-start.10,"(u32[128]{0:T(128)S(1)}, u32[128]{0:T(12",0.003,0,0
%copy-start.12,"(u32[128]{0:T(128)S(1)}, u32[128]{0:T(12",0.003,0,0
%add_select_fusion.84,"(f32[128,65536,1]{1,0,2:T(8,128)}, f32[1",556.199,0,0
%copy-done.2,u32[65536]{0:T(1024)S(1)} copy-done((u32,0.004,0,0
%copy-done.4,u32[65536]{0:T(1024)S(1)} copy-done((u32,0.004,0,0
%copy-done.8,"f32[128,128]{1,0:T(8,128)S(1)} copy-done",0.003,0,0
%copy-done.10,u32[128]{0:T(128)S(1)} copy-done((u32[12,0.004,0,0
%copy-done.12,u32[128]{0:T(128)S(1)} copy-done((u32[12,0.003,0,0
%fusion.368,"(f32[128,65536,1]{1,0,2:T(8,128)}, f32[1",2590.166,0,0
%fusion.369,"f32[128,65536,1]{1,0,2:T(8,128)S(1)} fus",134.942,0,0
%copy.10,"f32[16,8,128,512]{3,2,1,0:T(8,128)S(1)} ",41.774,0,0
%copy-start.6,"(f32[128,128]{1,0:T(8,128)S(1)}, f32[128",0.003,0,0
%copy,"f32[128,512,128]{2,0,1:T(8,128)S(1)} cop",32.609,0,0
%copy-done.6,"f32[128,128]{1,0:T(8,128)S(1)} copy-done",0.003,0,0
%copy-start,"(f32[128,65536,1]{1,0,2:T(8,128)S(1)}, f",0.003,0,0
%fusion.1448,"f32[128,512,128]{2,0,1:T(8,128)S(1)} fus",11.717,0,0
%copy-done,"f32[128,65536,1]{1,0,2:T(8,128)S(1)} cop",32.951,0,0
%copy.11,"f32[16,8,128,512]{3,2,1,0:T(8,128)} copy",54.271,0,0
%copy.2,"f32[128,512,128]{2,0,1:T(8,128)S(1)} cop",52.531,0,0
%convolution_subtract_fusion.2,"f32[128,512,128]{2,0,1:T(8,128)} fusion(",52.465,0,0
%iota_and_fusion.1,"u32[512]{0:T(512)S(1)} fusion(), kind=kL",0.003,0,0
%iota_shift-right-logical_fusion.1,"u32[512]{0:T(512)S(1)} fusion(), kind=kL",0.004,0,0
%is-finite_and_fusion.53,"(pred[512,128]{1,0:T(8,128)(4,1)S(1)}, f",6.512,0,0
%fusion.906,"(f32[512,128]{1,0:T(8,128)S(1)}, f32[512",43.447,0,0
%fusion.914,"f32[512,128]{1,0:T(8,128)S(1)} fusion(f3",36.112,0,0
%fusion.367,"(f32[512,128,128]{2,1,0:T(8,128)}, f32[5",155.025,0,0
%reshape.5,"f32[128,4,16384]{2,1,0:T(4,128)S(1)} res",45.44,0,0
%fusion.534,"f32[128,4,16384]{2,0,1:T(8,128)S(1)} fus",26.034,0,0
%reshape.1,"f32[128,4,16384]{2,1,0:T(4,128)S(1)} res",45.63,0,0
%convolution_add_fusion.1,"f32[128,4,16384]{2,0,1:T(8,128)} fusion(",55.195,0,0
%iota_and_fusion.3,"u32[4]{0:T(128)S(1)} fusion(), kind=kLoo",0.003,0,0
%iota_shift-right-logical_fusion.3,"u32[4]{0:T(128)S(1)} fusion(), kind=kLoo",0.005,0,0
%fusion.2307,"(f32[4,128]{1,0:T(4,128)S(1)}, f32[4,128",0.489,0,0
%fusion.2331,"(f32[4,128]{1,0:T(4,128)S(1)}, f32[4,128",0.3,0,0
%fusion.2770,"(pred[4,128]{1,0:T(4,128)(4,1)S(1)}, f32",0.166,0,0
%multiply_add_fusion.127,"(f32[4,128]{1,0:T(4,128)S(1)}, f32[4,128",0.074,0,0
%multiply_add_fusion.125,"(f32[4,128]{1,0:T(4,128)S(1)}, f32[4,128",0.077,0,0
%and_or_fusion.30,"(pred[4,128]{1,0:T(4,128)(4,1)S(1)}, pre",0.011,0,0
%fusion.2767,"(pred[4,128]{1,0:T(4,128)(4,1)S(1)}, f32",0.168,0,0
%and_or_fusion.34,"(pred[4,128]{1,0:T(4,128)(4,1)S(1)}, pre",0.01,0,0
%fusion.2397,"(f32[4,128]{1,0:T(4,128)S(1)}, f32[4,128",0.279,0,0
%fusion.2405,"f32[4,128]{1,0:T(4,128)S(1)} fusion(f32[",0.118,0,0
%fusion.365,"(f32[1,4,128,16384]{3,2,1,0:T(8,128)}, f",150.52,0,0
%copy.12,"f32[1,4,128,16384]{3,1,2,0:T(4,128)S(1)}",50.638,0,0
%subtract_select_fusion.65,"(f32[4,4]{1,0:T(4,128)S(1)}, f32[4,4]{1,",0.44,0,0
%fusion.1980,"(f32[4,4]{1,0:T(4,128)S(1)}, f32[4,4]{1,",0.256,0,0
%select_select_fusion.45,"(f32[4,4]{1,0:T(4,128)S(1)}, f32[4,4]{1,",0.198,0,0
%fusion.2006,"f32[4,4]{1,0:T(4,128)S(1)} fusion(pred[4",0.02,0,0
%select_select_fusion.50,"f32[4,4]{1,0:T(4,128)S(1)} fusion(pred[4",0.026,0,0
%fusion.2544,"f32[4,2097152]{1,0:T(4,128)S(1)} fusion(",31.005,0,0
%copy.13,"f32[1,4,128,16384]{3,1,2,0:T(4,128)S(1)}",50.703,0,0
%fusion.374,"f32[1,16384,4,128]{3,2,1,0:T(4,128)} fus",52.892,0,0
%copy.15,"f32[1,16384,4,128]{3,1,2,0:T(8,128)} cop",102.101,0,0
%fusion.375,"f32[1,16384,4,128]{3,2,1,0:T(4,128)} fus",53.4,0,0
%copy.14,"f32[1,16384,4,128]{3,1,2,0:T(8,128)S(1)}",45.941,0,0
%custom-call.2,c64[8388608]{0:T(1024)} custom-call(f32[,241.195,0,0
%iota_and_fusion.2,"u32[128]{0:T(128)S(1)} fusion(), kind=kL",0.004,0,0
%copy-start.9,"(u32[128]{0:T(128)}, u32[128]{0:T(128)S(",0.003,0,0
%iota_shift-right-logical_fusion.2,"u32[128]{0:T(128)S(1)} fusion(), kind=kL",0.005,0,0
%copy-start.11,"(u32[128]{0:T(128)}, u32[128]{0:T(128)S(",0.003,0,0
%add_select_fusion.270,"(f32[128,128]{1,0:T(8,128)S(1)}, pred[12",7.903,0,0
%fusion.1397,"(f32[128,128]{1,0:T(8,128)S(1)}, f32[128",0.859,0,0
%add_select_fusion.237,"(f32[128,128]{1,0:T(8,128)S(1)}, f32[128",0.486,0,0
%add_select_fusion.225,"(f32[128,128]{1,0:T(8,128)S(1)}, f32[128",0.485,0,0
%and_or_fusion.22,"(pred[128,128]{1,0:T(8,128)(4,1)S(1)}, p",0.051,0,0
%fusion.1442,"(f32[128,128]{1,0:T(8,128)S(1)}, f32[128",7.039,0,0
%copy-start.5,"(f32[128,128]{1,0:T(8,128)}, f32[128,128",0.003,0,0
%fusion.1434,"f32[128,128]{1,0:T(8,128)S(1)} fusion(f3",1.499,0,0
%copy-start.7,"(f32[128,128]{1,0:T(8,128)}, f32[128,128",0.001,0,0
%custom-call,f32[8388608]{0:T(1024)S(1)} custom-call(,44.928,0,0
%reshape.8,"f32[128,65536]{1,0:T(8,128)S(1)} reshape",11.93,0,0
%copy-done.7,"f32[128,128]{1,0:T(8,128)} copy-done((f3",0.003,0,0
%fusion.2741,"f32[128,65536]{1,0:T(8,128)S(1)} fusion(",11.747,0,0
%custom-call.1,f32[8388608]{0:T(1024)S(1)} custom-call(,44.695,0,0
%reshape.16,"f32[128,65536]{1,0:T(8,128)} reshape(f32",51.987,0,0
%copy-done.5,"f32[128,128]{1,0:T(8,128)} copy-done((f3",0.003,0,0
%convolution_subtract_fusion.3,"f32[128,65536]{1,0:T(8,128)S(1)} fusion(",45.977,0,0
%iota_and_fusion,"u32[65536]{0:T(1024)S(1)} fusion(), kind",0.046,0,0
%copy-start.1,"(u32[65536]{0:T(1024)}, u32[65536]{0:T(1",0.003,0,0
%iota_shift-right-logical_fusion,"u32[65536]{0:T(1024)S(1)} fusion(), kind",0.047,0,0
%copy-done.9,u32[128]{0:T(128)} copy-done((u32[128]{0,0.003,0,0
%copy-done.11,u32[128]{0:T(128)} copy-done((u32[128]{0,0.004,0,0
%copy-start.3,"(u32[65536]{0:T(1024)}, u32[65536]{0:T(1",0.003,0,0
%is-finite_and_fusion.22,"(pred[128,65536,1]{1,0,2:T(32,128)(4,1)S",775.325,0,0
%copy-done.1,u32[65536]{0:T(1024)} copy-done((u32[655,0.004,0,0
%copy-done.3,u32[65536]{0:T(1024)} copy-done((u32[655,0.003,0,0
%fusion.2786,"(pred[128,65536,1]{1,0,2:T(32,128)(4,1)S",950.854,0,0
%fusion.335,"(f32[128,65536,1]{1,0,2:T(8,128)}, f32[1",1282.229,0,0
%copy-start.2,"(u32[65536]{0:T(1024)S(1)}, u32[65536]{0",0.004,0,0
%copy-start.4,"(u32[65536]{0:T(1024)S(1)}, u32[65536]{0",0.003,0,0
%copy-start.8,"(f32[128,128]{1,0:T(8,128)S(1)}, f32[128",0.003,0,0
%copy-start.10,"(u32[128]{0:T(128)S(1)}, u32[128]{0:T(12",0.003,0,0
%copy-start.12,"(u32[128]{0:T(128)S(1)}, u32[128]{0:T(12",0.003,0,0
%add_select_fusion.84,"(f32[128,65536,1]{1,0,2:T(8,128)}, f32[1",556.196,0,0
%copy-done.2,u32[65536]{0:T(1024)S(1)} copy-done((u32,0.004,0,0
%copy-done.4,u32[65536]{0:T(1024)S(1)} copy-done((u32,0.003,0,0
%copy-done.8,"f32[128,128]{1,0:T(8,128)S(1)} copy-done",0.003,0,0
%copy-done.10,u32[128]{0:T(128)S(1)} copy-done((u32[12,0.004,0,0
%copy-done.12,u32[128]{0:T(128)S(1)} copy-done((u32[12,0.003,0,0
%fusion.368,"(f32[128,65536,1]{1,0,2:T(8,128)}, f32[1",2589.914,0,0
%fusion.369,"f32[128,65536,1]{1,0,2:T(8,128)S(1)} fus",134.988,0,0
%copy.10,"f32[16,8,128,512]{3,2,1,0:T(8,128)S(1)} ",41.773,0,0
%copy-start.6,"(f32[128,128]{1,0:T(8,128)S(1)}, f32[128",0.003,0,0
%copy,"f32[128,512,128]{2,0,1:T(8,128)S(1)} cop",32.611,0,0
%copy-done.6,"f32[128,128]{1,0:T(8,128)S(1)} copy-done",0.004,0,0
%copy-start,"(f32[128,65536,1]{1,0,2:T(8,128)S(1)}, f",0.003,0,0
%fusion.1448,"f32[128,512,128]{2,0,1:T(8,128)S(1)} fus",11.717,0,0
%copy-done,"f32[128,65536,1]{1,0,2:T(8,128)S(1)} cop",33.116,0,0
%copy.11,"f32[16,8,128,512]{3,2,1,0:T(8,128)} copy",54.476,0,0
%copy.2,"f32[128,512,128]{2,0,1:T(8,128)S(1)} cop",53.081,0,0
%convolution_subtract_fusion.2,"f32[128,512,128]{2,0,1:T(8,128)} fusion(",52.959,0,0
%iota_and_fusion.1,"u32[512]{0:T(512)S(1)} fusion(), kind=kL",0.003,0,0
%iota_shift-right-logical_fusion.1,"u32[512]{0:T(512)S(1)} fusion(), kind=kL",0.005,0,0
%is-finite_and_fusion.53,"(pred[512,128]{1,0:T(8,128)(4,1)S(1)}, f",6.511,0,0
%fusion.906,"(f32[512,128]{1,0:T(8,128)S(1)}, f32[512",43.447,0,0
%fusion.914,"f32[512,128]{1,0:T(8,128)S(1)} fusion(f3",36.111,0,0
%fusion.367,"(f32[512,128,128]{2,1,0:T(8,128)}, f32[5",155.244,0,0
%reshape.5,"f32[128,4,16384]{2,1,0:T(4,128)S(1)} res",45.381,0,0
%fusion.534,"f32[128,4,16384]{2,0,1:T(8,128)S(1)} fus",26.265,0,0
%reshape.1,"f32[128,4,16384]{2,1,0:T(4,128)S(1)} res",45.607,0,0
%convolution_add_fusion.1,"f32[128,4,16384]{2,0,1:T(8,128)} fusion(",55.196,0,0
%iota_and_fusion.3,"u32[4]{0:T(128)S(1)} fusion(), kind=kLoo",0.004,0,0
%iota_shift-right-logical_fusion.3,"u32[4]{0:T(128)S(1)} fusion(), kind=kLoo",0.005,0,0
%fusion.2307,"(f32[4,128]{1,0:T(4,128)S(1)}, f32[4,128",0.489,0,0
%fusion.2331,"(f32[4,128]{1,0:T(4,128)S(1)}, f32[4,128",0.3,0,0
%fusion.2770,"(pred[4,128]{1,0:T(4,128)(4,1)S(1)}, f32",0.166,0,0
%multiply_add_fusion.127,"(f32[4,128]{1,0:T(4,128)S(1)}, f32[4,128",0.074,0,0
%multiply_add_fusion.125,"(f32[4,128]{1,0:T(4,128)S(1)}, f32[4,128",0.077,0,0
%and_or_fusion.30,"(pred[4,128]{1,0:T(4,128)(4,1)S(1)}, pre",0.011,0,0
%fusion.2767,"(pred[4,128]{1,0:T(4,128)(4,1)S(1)}, f32",0.169,0,0
%and_or_fusion.34,"(pred[4,128]{1,0:T(4,128)(4,1)S(1)}, pre",0.01,0,0
%fusion.2397,"(f32[4,128]{1,0:T(4,128)S(1)}, f32[4,128",0.279,0,0
%fusion.2405,"f32[4,128]{1,0:T(4,128)S(1)} fusion(f32[",0.12,0,0
%fusion.365,"(f32[1,4,128,16384]{3,2,1,0:T(8,128)}, f",151.113,0,0
%copy.12,"f32[1,4,128,16384]{3,1,2,0:T(4,128)S(1)}",50.716,0,0
%subtract_select_fusion.65,"(f32[4,4]{1,0:T(4,128)S(1)}, f32[4,4]{1,",0.439,0,0
%fusion.1980,"(f32[4,4]{1,0:T(4,128)S(1)}, f32[4,4]{1,",0.256,0,0
%select_select_fusion.45,"(f32[4,4]{1,0:T(4,128)S(1)}, f32[4,4]{1,",0.199,0,0
%fusion.2006,"f32[4,4]{1,0:T(4,128)S(1)} fusion(pred[4",0.02,0,0
%select_select_fusion.50,"f32[4,4]{1,0:T(4,128)S(1)} fusion(pred[4",0.026,0,0
%fusion.2544,"f32[4,2097152]{1,0:T(4,128)S(1)} fusion(",31.005,0,0
%copy.13,"f32[1,4,128,16384]{3,1,2,0:T(4,128)S(1)}",50.566,0,0
%fusion.374,"f32[1,16384,4,128]{3,2,1,0:T(4,128)} fus",53.292,0,0
%copy.15,"f32[1,16384,4,128]{3,1,2,0:T(8,128)} cop",101.246,0,0
%fusion.375,"f32[1,16384,4,128]{3,2,1,0:T(4,128)} fus",53.319,0,0
%copy.14,"f32[1,16384,4,128]{3,1,2,0:T(8,128)S(1)}",45.939,0,0
%custom-call.2,c64[8388608]{0:T(1024)} custom-call(f32[,238.766,0,0
%iota_and_fusion.2,"u32[128]{0:T(128)S(1)} fusion(), kind=kL",0.004,0,0
%copy-start.9,"(u32[128]{0:T(128)}, u32[128]{0:T(128)S(",0.003,0,0
%iota_shift-right-logical_fusion.2,"u32[128]{0:T(128)S(1)} fusion(), kind=kL",0.004,0,0
%copy-start.11,"(u32[128]{0:T(128)}, u32[128]{0:T(128)S(",0.003,0,0
%add_select_fusion.270,"(f32[128,128]{1,0:T(8,128)S(1)}, pred[12",7.903,0,0
%fusion.1397,"(f32[128,128]{1,0:T(8,128)S(1)}, f32[128",0.858,0,0
%add_select_fusion.237,"(f32[128,128]{1,0:T(8,128)S(1)}, f32[128",0.485,0,0
%add_select_fusion.225,"(f32[128,128]{1,0:T(8,128)S(1)}, f32[128",0.485,0,0
%and_or_fusion.22,"(pred[128,128]{1,0:T(8,128)(4,1)S(1)}, p",0.05,0,0
%fusion.1442,"(f32[128,128]{1,0:T(8,128)S(1)}, f32[128",7.039,0,0
%copy-start.5,"(f32[128,128]{1,0:T(8,128)}, f32[128,128",0.003,0,0
%fusion.1434,"f32[128,128]{1,0:T(8,128)S(1)} fusion(f3",1.498,0,0
%copy-start.7,"(f32[128,128]{1,0:T(8,128)}, f32[128,128",0.001,0,0
%custom-call,f32[8388608]{0:T(1024)S(1)} custom-call(,44.699,0,0
%reshape.8,"f32[128,65536]{1,0:T(8,128)S(1)} reshape",11.93,0,0
%copy-done.7,"f32[128,128]{1,0:T(8,128)} copy-done((f3",0.004,0,0
%fusion.2741,"f32[128,65536]{1,0:T(8,128)S(1)} fusion(",11.749,0,0
%custom-call.1,f32[8388608]{0:T(1024)S(1)} custom-call(,44.889,0,0
%reshape.16,"f32[128,65536]{1,0:T(8,128)} reshape(f32",51.944,0,0
%copy-done.5,"f32[128,128]{1,0:T(8,128)} copy-done((f3",0.003,0,0
%convolution_subtract_fusion.3,"f32[128,65536]{1,0:T(8,128)S(1)} fusion(",46.144,0,0
%iota_and_fusion,"u32[65536]{0:T(1024)S(1)} fusion(), kind",0.046,0,0
%copy-start.1,"(u32[65536]{0:T(1024)}, u32[65536]{0:T(1",0.003,0,0
%iota_shift-right-logical_fusion,"u32[65536]{0:T(1024)S(1)} fusion(), kind",0.047,0,0
%copy-done.9,u32[128]{0:T(128)} copy-done((u32[128]{0,0.003,0,0
%copy-done.11,u32[128]{0:T(128)} copy-done((u32[128]{0,0.004,0,0
%copy-start.3,"(u32[65536]{0:T(1024)}, u32[65536]{0:T(1",0.003,0,0
%is-finite_and_fusion.22,"(pred[128,65536,1]{1,0,2:T(32,128)(4,1)S",787.936,0,0
%copy-done.1,u32[65536]{0:T(1024)} copy-done((u32[655,0.004,0,0
%copy-done.3,u32[65536]{0:T(1024)} copy-done((u32[655,0.003,0,0
%fusion.2786,"(pred[128,65536,1]{1,0,2:T(32,128)(4,1)S",950.819,0,0
%fusion.335,"(f32[128,65536,1]{1,0,2:T(8,128)}, f32[1",1282.23,0,0
%copy-start.2,"(u32[65536]{0:T(1024)S(1)}, u32[65536]{0",0.003,0,0
%copy-start.4,"(u32[65536]{0:T(1024)S(1)}, u32[65536]{0",0.003,0,0
%copy-start.8,"(f32[128,128]{1,0:T(8,128)S(1)}, f32[128",0.003,0,0
%copy-start.10,"(u32[128]{0:T(128)S(1)}, u32[128]{0:T(12",0.003,0,0
%copy-start.12,"(u32[128]{0:T(128)S(1)}, u32[128]{0:T(12",0.003,0,0
%add_select_fusion.84,"(f32[128,65536,1]{1,0,2:T(8,128)}, f32[1",556.321,0,0
%copy-done.2,u32[65536]{0:T(1024)S(1)} copy-done((u32,0.004,0,0
%copy-done.4,u32[65536]{0:T(1024)S(1)} copy-done((u32,0.003,0,0
%copy-done.8,"f32[128,128]{1,0:T(8,128)S(1)} copy-done",0.004,0,0
%copy-done.10,u32[128]{0:T(128)S(1)} copy-done((u32[12,0.003,0,0
%copy-done.12,u32[128]{0:T(128)S(1)} copy-done((u32[12,0.004,0,0
%fusion.368,"(f32[128,65536,1]{1,0,2:T(8,128)}, f32[1",2590.089,0,0
%fusion.369,"f32[128,65536,1]{1,0,2:T(8,128)S(1)} fus",135.057,0,0
%copy.10,"f32[16,8,128,512]{3,2,1,0:T(8,128)S(1)} ",41.774,0,0
%copy-start.6,"(f32[128,128]{1,0:T(8,128)S(1)}, f32[128",0.003,0,0
%copy,"f32[128,512,128]{2,0,1:T(8,128)S(1)} cop",32.61,0,0
%copy-done.6,"f32[128,128]{1,0:T(8,128)S(1)} copy-done",0.004,0,0
%copy-start,"(f32[128,65536,1]{1,0,2:T(8,128)S(1)}, f",0.003,0,0
%fusion.1448,"f32[128,512,128]{2,0,1:T(8,128)S(1)} fus",11.717,0,0
%copy-done,"f32[128,65536,1]{1,0,2:T(8,128)S(1)} cop",33.161,0,0
%copy.11,"f32[16,8,128,512]{3,2,1,0:T(8,128)} copy",54.324,0,0
%copy.2,"f32[128,512,128]{2,0,1:T(8,128)S(1)} cop",53.119,0,0
%convolution_subtract_fusion.2,"f32[128,512,128]{2,0,1:T(8,128)} fusion(",52.89,0,0
%iota_and_fusion.1,"u32[512]{0:T(512)S(1)} fusion(), kind=kL",0.004,0,0
%iota_shift-right-logical_fusion.1,"u32[512]{0:T(512)S(1)} fusion(), kind=kL",0.005,0,0
%is-finite_and_fusion.53,"(pred[512,128]{1,0:T(8,128)(4,1)S(1)}, f",6.511,0,0
%fusion.906,"(f32[512,128]{1,0:T(8,128)S(1)}, f32[512",43.447,0,0
%fusion.914,"f32[512,128]{1,0:T(8,128)S(1)} fusion(f3",36.111,0,0
%fusion.367,"(f32[512,128,128]{2,1,0:T(8,128)}, f32[5",155.786,0,0
%reshape.5,"f32[128,4,16384]{2,1,0:T(4,128)S(1)} res",45.412,0,0
%fusion.534,"f32[128,4,16384]{2,0,1:T(8,128)S(1)} fus",26.266,0,0
%reshape.1,"f32[128,4,16384]{2,1,0:T(4,128)S(1)} res",45.649,0,0
%convolution_add_fusion.1,"f32[128,4,16384]{2,0,1:T(8,128)} fusion(",55.252,0,0
%iota_and_fusion.3,"u32[4]{0:T(128)S(1)} fusion(), kind=kLoo",0.004,0,0
%iota_shift-right-logical_fusion.3,"u32[4]{0:T(128)S(1)} fusion(), kind=kLoo",0.005,0,0
%fusion.2307,"(f32[4,128]{1,0:T(4,128)S(1)}, f32[4,128",0.489,0,0
%fusion.2331,"(f32[4,128]{1,0:T(4,128)S(1)}, f32[4,128",0.3,0,0
%fusion.2770,"(pred[4,128]{1,0:T(4,128)(4,1)S(1)}, f32",0.166,0,0
%multiply_add_fusion.127,"(f32[4,128]{1,0:T(4,128)S(1)}, f32[4,128",0.075,0,0
%multiply_add_fusion.125,"(f32[4,128]{1,0:T(4,128)S(1)}, f32[4,128",0.077,0,0
%and_or_fusion.30,"(pred[4,128]{1,0:T(4,128)(4,1)S(1)}, pre",0.011,0,0
%fusion.2767,"(pred[4,128]{1,0:T(4,128)(4,1)S(1)}, f32",0.168,0,0
%and_or_fusion.34,"(pred[4,128]{1,0:T(4,128)(4,1)S(1)}, pre",0.01,0,0
%fusion.2397,"(f32[4,128]{1,0:T(4,128)S(1)}, f32[4,128",0.279,0,0
%fusion.2405,"f32[4,128]{1,0:T(4,128)S(1)} fusion(f32[",0.12,0,0
%fusion.365,"(f32[1,4,128,16384]{3,2,1,0:T(8,128)}, f",150.862,0,0
%copy.12,"f32[1,4,128,16384]{3,1,2,0:T(4,128)S(1)}",50.319,0,0
%subtract_select_fusion.65,"(f32[4,4]{1,0:T(4,128)S(1)}, f32[4,4]{1,",0.439,0,0
%fusion.1980,"(f32[4,4]{1,0:T(4,128)S(1)}, f32[4,4]{1,",0.256,0,0
%select_select_fusion.45,"(f32[4,4]{1,0:T(4,128)S(1)}, f32[4,4]{1,",0.199,0,0
%fusion.2006,"f32[4,4]{1,0:T(4,128)S(1)} fusion(pred[4",0.02,0,0
%select_select_fusion.50,"f32[4,4]{1,0:T(4,128)S(1)} fusion(pred[4",0.026,0,0
%fusion.2544,"f32[4,2097152]{1,0:T(4,128)S(1)} fusion(",31.005,0,0
%copy.13,"f32[1,4,128,16384]{3,1,2,0:T(4,128)S(1)}",50.751,0,0
%fusion.374,"f32[1,16384,4,128]{3,2,1,0:T(4,128)} fus",53.378,0,0
%copy.15,"f32[1,16384,4,128]{3,1,2,0:T(8,128)} cop",101.639,0,0
%fusion.375,"f32[1,16384,4,128]{3,2,1,0:T(4,128)} fus",53.309,0,0
%copy.14,"f32[1,16384,4,128]{3,1,2,0:T(8,128)S(1)}",45.947,0,0
%custom-call.2,c64[8388608]{0:T(1024)} custom-call(f32[,240.86,0,0
%iota_and_fusion.2,"u32[128]{0:T(128)S(1)} fusion(), kind=kL",0.004,0,0
%copy-start.9,"(u32[128]{0:T(128)}, u32[128]{0:T(128)S(",0.003,0,0
%iota_shift-right-logical_fusion.2,"u32[128]{0:T(128)S(1)} fusion(), kind=kL",0.005,0,0
%copy-start.11,"(u32[128]{0:T(128)}, u32[128]{0:T(128)S(",0.003,0,0
%add_select_fusion.270,"(f32[128,128]{1,0:T(8,128)S(1)}, pred[12",7.904,0,0
%fusion.1397,"(f32[128,128]{1,0:T(8,128)S(1)}, f32[128",0.859,0,0
%add_select_fusion.237,"(f32[128,128]{1,0:T(8,128)S(1)}, f32[128",0.485,0,0
%add_select_fusion.225,"(f32[128,128]{1,0:T(8,128)S(1)}, f32[128",0.485,0,0
%and_or_fusion.22,"(pred[128,128]{1,0:T(8,128)(4,1)S(1)}, p",0.051,0,0
%fusion.1442,"(f32[128,128]{1,0:T(8,128)S(1)}, f32[128",7.04,0,0
%copy-start.5,"(f32[128,128]{1,0:T(8,128)}, f32[128,128",0.003,0,0
%fusion.1434,"f32[128,128]{1,0:T(8,128)S(1)} fusion(f3",1.498,0,0
%copy-start.7,"(f32[128,128]{1,0:T(8,128)}, f32[128,128",0.001,0,0
%custom-call,f32[8388608]{0:T(1024)S(1)} custom-call(,44.887,0,0
%reshape.8,"f32[128,65536]{1,0:T(8,128)S(1)} reshape",11.931,0,0
%copy-done.7,"f32[128,128]{1,0:T(8,128)} copy-done((f3",0.003,0,0
%fusion.2741,"f32[128,65536]{1,0:T(8,128)S(1)} fusion(",11.748,0,0
%custom-call.1,f32[8388608]{0:T(1024)S(1)} custom-call(,44.714,0,0
%reshape.16,"f32[128,65536]{1,0:T(8,128)} reshape(f32",52.237,0,0
%copy-done.5,"f32[128,128]{1,0:T(8,128)} copy-done((f3",0.003,0,0
%convolution_subtract_fusion.3,"f32[128,65536]{1,0:T(8,128)S(1)} fusion(",45.934,0,0
%iota_and_fusion,"u32[65536]{0:T(1024)S(1)} fusion(), kind",0.046,0,0
%copy-start.1,"(u32[65536]{0:T(1024)}, u32[65536]{0:T(1",0.003,0,0
%iota_shift-right-logical_fusion,"u32[65536]{0:T(1024)S(1)} fusion(), kind",0.047,0,0
%copy-done.9,u32[128]{0:T(128)} copy-done((u32[128]{0,0.003,0,0
%copy-done.11,u32[128]{0:T(128)} copy-done((u32[128]{0,0.004,0,0
%copy-start.3,"(u32[65536]{0:T(1024)}, u32[65536]{0:T(1",0.003,0,0
%is-finite_and_fusion.22,"(pred[128,65536,1]{1,0,2:T(32,128)(4,1)S",788.124,0,0
%copy-done.1,u32[65536]{0:T(1024)} copy-done((u32[655,0.004,0,0
%copy-done.3,u32[65536]{0:T(1024)} copy-done((u32[655,0.004,0,0
%fusion.2786,"(pred[128,65536,1]{1,0,2:T(32,128)(4,1)S",950.759,0,0
%fusion.335,"(f32[128,65536,1]{1,0,2:T(8,128)}, f32[1",1282.296,0,0
%copy-start.2,"(u32[65536]{0:T(1024)S(1)}, u32[65536]{0",0.003,0,0
%copy-start.4,"(u32[65536]{0:T(1024)S(1)}, u32[65536]{0",0.003,0,0
%copy-start.8,"(f32[128,128]{1,0:T(8,128)S(1)}, f32[128",0.004,0,0
%copy-start.10,"(u32[128]{0:T(128)S(1)}, u32[128]{0:T(12",0.003,0,0
%copy-start.12,"(u32[128]{0:T(128)S(1)}, u32[128]{0:T(12",0.003,0,0
%add_select_fusion.84,"(f32[128,65536,1]{1,0,2:T(8,128)}, f32[1",556.199,0,0
%copy-done.2,u32[65536]{0:T(1024)S(1)} copy-done((u32,0.004,0,0
%copy-done.4,u32[65536]{0:T(1024)S(1)} copy-done((u32,0.003,0,0
%copy-done.8,"f32[128,128]{1,0:T(8,128)S(1)} copy-done",0.004,0,0
%copy-done.10,u32[128]{0:T(128)S(1)} copy-done((u32[12,0.004,0,0
%copy-done.12,u32[128]{0:T(128)S(1)} copy-done((u32[12,0.004,0,0
%fusion.368,"(f32[128,65536,1]{1,0,2:T(8,128)}, f32[1",2590.169,0,0
%fusion.369,"f32[128,65536,1]{1,0,2:T(8,128)S(1)} fus",134.935,0,0
%copy.10,"f32[16,8,128,512]{3,2,1,0:T(8,128)S(1)} ",41.773,0,0
%copy-start.6,"(f32[128,128]{1,0:T(8,128)S(1)}, f32[128",0.004,0,0
%copy,"f32[128,512,128]{2,0,1:T(8,128)S(1)} cop",32.609,0,0
%copy-done.6,"f32[128,128]{1,0:T(8,128)S(1)} copy-done",0.003,0,0
%copy-start,"(f32[128,65536,1]{1,0,2:T(8,128)S(1)}, f",0.004,0,0
%fusion.1448,"f32[128,512,128]{2,0,1:T(8,128)S(1)} fus",11.717,0,0
%copy-done,"f32[128,65536,1]{1,0,2:T(8,128)S(1)} cop",32.966,0,0
%copy.11,"f32[16,8,128,512]{3,2,1,0:T(8,128)} copy",54.417,0,0
%copy.2,"f32[128,512,128]{2,0,1:T(8,128)S(1)} cop",52.551,0,0
%convolution_subtract_fusion.2,"f32[128,512,128]{2,0,1:T(8,128)} fusion(",52.954,0,0
%iota_and_fusion.1,"u32[512]{0:T(512)S(1)} fusion(), kind=kL",0.005,0,0
%iota_shift-right-logical_fusion.1,"u32[512]{0:T(512)S(1)} fusion(), kind=kL",0.003,0,0
%is-finite_and_fusion.53,"(pred[512,128]{1,0:T(8,128)(4,1)S(1)}, f",6.511,0,0
%fusion.906,"(f32[512,128]{1,0:T(8,128)S(1)}, f32[512",43.446,0,0
%fusion.914,"f32[512,128]{1,0:T(8,128)S(1)} fusion(f3",36.111,0,0
%fusion.367,"(f32[512,128,128]{2,1,0:T(8,128)}, f32[5",155.322,0,0
%reshape.5,"f32[128,4,16384]{2,1,0:T(4,128)S(1)} res",45.601,0,0
%fusion.534,"f32[128,4,16384]{2,0,1:T(8,128)S(1)} fus",26.266,0,0
%reshape.1,"f32[128,4,16384]{2,1,0:T(4,128)S(1)} res",45.44,0,0
%convolution_add_fusion.1,"f32[128,4,16384]{2,0,1:T(8,128)} fusion(",55.208,0,0
%iota_and_fusion.3,"u32[4]{0:T(128)S(1)} fusion(), kind=kLoo",0.005,0,0
%iota_shift-right-logical_fusion.3,"u32[4]{0:T(128)S(1)} fusion(), kind=kLoo",0.004,0,0
%fusion.2307,"(f32[4,128]{1,0:T(4,128)S(1)}, f32[4,128",0.488,0,0
%fusion.2331,"(f32[4,128]{1,0:T(4,128)S(1)}, f32[4,128",0.3,0,0
%fusion.2770,"(pred[4,128]{1,0:T(4,128)(4,1)S(1)}, f32",0.165,0,0
%multiply_add_fusion.127,"(f32[4,128]{1,0:T(4,128)S(1)}, f32[4,128",0.074,0,0
%multiply_add_fusion.125,"(f32[4,128]{1,0:T(4,128)S(1)}, f32[4,128",0.076,0,0
%and_or_fusion.30,"(pred[4,128]{1,0:T(4,128)(4,1)S(1)}, pre",0.01,0,0
%fusion.2767,"(pred[4,128]{1,0:T(4,128)(4,1)S(1)}, f32",0.169,0,0
%and_or_fusion.34,"(pred[4,128]{1,0:T(4,128)(4,1)S(1)}, pre",0.01,0,0
%fusion.2397,"(f32[4,128]{1,0:T(4,128)S(1)}, f32[4,128",0.278,0,0
%fusion.2405,"f32[4,128]{1,0:T(4,128)S(1)} fusion(f32[",0.119,0,0
%fusion.365,"(f32[1,4,128,16384]{3,2,1,0:T(8,128)}, f",150.874,0,0
%copy.12,"f32[1,4,128,16384]{3,1,2,0:T(4,128)S(1)}",50.622,0,0
%subtract_select_fusion.65,"(f32[4,4]{1,0:T(4,128)S(1)}, f32[4,4]{1,",0.44,0,0
%fusion.1980,"(f32[4,4]{1,0:T(4,128)S(1)}, f32[4,4]{1,",0.256,0,0
%select_select_fusion.45,"(f32[4,4]{1,0:T(4,128)S(1)}, f32[4,4]{1,",0.199,0,0
%fusion.2006,"f32[4,4]{1,0:T(4,128)S(1)} fusion(pred[4",0.02,0,0
%select_select_fusion.50,"f32[4,4]{1,0:T(4,128)S(1)} fusion(pred[4",0.026,0,0
%fusion.2544,"f32[4,2097152]{1,0:T(4,128)S(1)} fusion(",31.005,0,0
%copy.13,"f32[1,4,128,16384]{3,1,2,0:T(4,128)S(1)}",50.567,0,0
%fusion.374,"f32[1,16384,4,128]{3,2,1,0:T(4,128)} fus",53.418,0,0
%copy.15,"f32[1,16384,4,128]{3,1,2,0:T(8,128)} cop",102.066,0,0
%fusion.375,"f32[1,16384,4,128]{3,2,1,0:T(4,128)} fus",53.069,0,0
%copy.14,"f32[1,16384,4,128]{3,1,2,0:T(8,128)S(1)}",45.911,0,0
%custom-call.2,c64[8388608]{0:T(1024)} custom-call(f32[,238.701,0,0
%iota_and_fusion.2,"u32[128]{0:T(128)S(1)} fusion(), kind=kL",0.005,0,0
%copy-start.9,"(u32[128]{0:T(128)}, u32[128]{0:T(128)S(",0.003,0,0
%iota_shift-right-logical_fusion.2,"u32[128]{0:T(128)S(1)} fusion(), kind=kL",0.005,0,0
%copy-start.11,"(u32[128]{0:T(128)}, u32[128]{0:T(128)S(",0.003,0,0
%add_select_fusion.270,"(f32[128,128]{1,0:T(8,128)S(1)}, pred[12",7.902,0,0
%fusion.1397,"(f32[128,128]{1,0:T(8,128)S(1)}, f32[128",0.859,0,0
%add_select_fusion.237,"(f32[128,128]{1,0:T(8,128)S(1)}, f32[128",0.486,0,0
%add_select_fusion.225,"(f32[128,128]{1,0:T(8,128)S(1)}, f32[128",0.486,0,0
%and_or_fusion.22,"(pred[128,128]{1,0:T(8,128)(4,1)S(1)}, p",0.051,0,0
%fusion.1442,"(f32[128,128]{1,0:T(8,128)S(1)}, f32[128",7.04,0,0
%copy-start.5,"(f32[128,128]{1,0:T(8,128)}, f32[128,128",0.003,0,0
%fusion.1434,"f32[128,128]{1,0:T(8,128)S(1)} fusion(f3",1.498,0,0
%copy-start.7,"(f32[128,128]{1,0:T(8,128)}, f32[128,128",0.003,0,0
%custom-call,f32[8388608]{0:T(1024)S(1)} custom-call(,44.856,0,0
%reshape.8,"f32[128,65536]{1,0:T(8,128)S(1)} reshape",11.93,0,0
%copy-done.7,"f32[128,128]{1,0:T(8,128)} copy-done((f3",0.004,0,0
%fusion.2741,"f32[128,65536]{1,0:T(8,128)S(1)} fusion(",11.748,0,0
%custom-call.1,f32[8388608]{0:T(1024)S(1)} custom-call(,44.713,0,0
%reshape.16,"f32[128,65536]{1,0:T(8,128)} reshape(f32",52.051,0,0
%copy-done.5,"f32[128,128]{1,0:T(8,128)} copy-done((f3",0.004,0,0
%convolution_subtract_fusion.3,"f32[128,65536]{1,0:T(8,128)S(1)} fusion(",45.979,0,0
%iota_and_fusion,"u32[65536]{0:T(1024)S(1)} fusion(), kind",0.048,0,0
%copy-start.1,"(u32[65536]{0:T(1024)}, u32[65536]{0:T(1",0.003,0,0
%iota_shift-right-logical_fusion,"u32[65536]{0:T(1024)S(1)} fusion(), kind",0.048,0,0
%copy-done.9,u32[128]{0:T(128)} copy-done((u32[128]{0,0.004,0,0
%copy-done.11,u32[128]{0:T(128)} copy-done((u32[128]{0,0.003,0,0
%copy-start.3,"(u32[65536]{0:T(1024)}, u32[65536]{0:T(1",0.003,0,0
%is-finite_and_fusion.22,"(pred[128,65536,1]{1,0,2:T(32,128)(4,1)S",788.104,0,0
%copy-done.1,u32[65536]{0:T(1024)} copy-done((u32[655,0.004,0,0
%copy-done.3,u32[65536]{0:T(1024)} copy-done((u32[655,0.003,0,0
%fusion.2786,"(pred[128,65536,1]{1,0,2:T(32,128)(4,1)S",950.788,0,0
%fusion.335,"(f32[128,65536,1]{1,0,2:T(8,128)}, f32[1",1282.23,0,0
%copy-start.2,"(u32[65536]{0:T(1024)S(1)}, u32[65536]{0",0.003,0,0
%copy-start.4,"(u32[65536]{0:T(1024)S(1)}, u32[65536]{0",0.003,0,0
%copy-start.8,"(f32[128,128]{1,0:T(8,128)S(1)}, f32[128",0.003,0,0
%copy-start.10,"(u32[128]{0:T(128)S(1)}, u32[128]{0:T(12",0.003,0,0
%copy-start.12,"(u32[128]{0:T(128)S(1)}, u32[128]{0:T(12",0.003,0,0
%add_select_fusion.84,"(f32[128,65536,1]{1,0,2:T(8,128)}, f32[1",556.199,0,0
%copy-done.2,u32[65536]{0:T(1024)S(1)} copy-done((u32,0.003,0,0
%copy-done.4,u32[65536]{0:T(1024)S(1)} copy-done((u32,0.004,0,0
%copy-done.8,"f32[128,128]{1,0:T(8,128)S(1)} copy-done",0.003,0,0
%copy-done.10,u32[128]{0:T(128)S(1)} copy-done((u32[12,0.004,0,0
%copy-done.12,u32[128]{0:T(128)S(1)} copy-done((u32[12,0.004,0,0
%fusion.368,"(f32[128,65536,1]{1,0,2:T(8,128)}, f32[1",2589.925,0,0
%fusion.369,"f32[128,65536,1]{1,0,2:T(8,128)S(1)} fus",134.991,0,0
%copy.10,"f32[16,8,128,512]{3,2,1,0:T(8,128)S(1)} ",41.774,0,0
%copy-start.6,"(f32[128,128]{1,0:T(8,128)S(1)}, f32[128",0.003,0,0
%copy,"f32[128,512,128]{2,0,1:T(8,128)S(1)} cop",32.61,0,0
%copy-done.6,"f32[128,128]{1,0:T(8,128)S(1)} copy-done",0.004,0,0
%copy-start,"(f32[128,65536,1]{1,0,2:T(8,128)S(1)}, f",0.003,0,0
%fusion.1448,"f32[128,512,128]{2,0,1:T(8,128)S(1)} fus",11.717,0,0
%copy-done,"f32[128,65536,1]{1,0,2:T(8,128)S(1)} cop",33.007,0,0
%copy.11,"f32[16,8,128,512]{3,2,1,0:T(8,128)} copy",54.252,0,0
%copy.2,"f32[128,512,128]{2,0,1:T(8,128)S(1)} cop",52.973,0,0
%convolution_subtract_fusion.2,"f32[128,512,128]{2,0,1:T(8,128)} fusion(",52.621,0,0
%iota_and_fusion.1,"u32[512]{0:T(512)S(1)} fusion(), kind=kL",0.004,0,0
%iota_shift-right-logical_fusion.1,"u32[512]{0:T(512)S(1)} fusion(), kind=kL",0.005,0,0
%is-finite_and_fusion.53,"(pred[512,128]{1,0:T(8,128)(4,1)S(1)}, f",6.511,0,0
%fusion.906,"(f32[512,128]{1,0:T(8,128)S(1)}, f32[512",43.446,0,0
%fusion.914,"f32[512,128]{1,0:T(8,128)S(1)} fusion(f3",36.111,0,0
%fusion.367,"(f32[512,128,128]{2,1,0:T(8,128)}, f32[5",155.248,0,0
%reshape.5,"f32[128,4,16384]{2,1,0:T(4,128)S(1)} res",45.425,0,0
%fusion.534,"f32[128,4,16384]{2,0,1:T(8,128)S(1)} fus",26.265,0,0
%reshape.1,"f32[128,4,16384]{2,1,0:T(4,128)S(1)} res",45.621,0,0
%convolution_add_fusion.1,"f32[128,4,16384]{2,0,1:T(8,128)} fusion(",55.245,0,0
%iota_and_fusion.3,"u32[4]{0:T(128)S(1)} fusion(), kind=kLoo",0.003,0,0
%iota_shift-right-logical_fusion.3,"u32[4]{0:T(128)S(1)} fusion(), kind=kLoo",0.005,0,0
%fusion.2307,"(f32[4,128]{1,0:T(4,128)S(1)}, f32[4,128",0.489,0,0
%fusion.2331,"(f32[4,128]{1,0:T(4,128)S(1)}, f32[4,128",0.3,0,0
%fusion.2770,"(pred[4,128]{1,0:T(4,128)(4,1)S(1)}, f32",0.166,0,0
%multiply_add_fusion.127,"(f32[4,128]{1,0:T(4,128)S(1)}, f32[4,128",0.074,0,0
%multiply_add_fusion.125,"(f32[4,128]{1,0:T(4,128)S(1)}, f32[4,128",0.077,0,0
%and_or_fusion.30,"(pred[4,128]{1,0:T(4,128)(4,1)S(1)}, pre",0.011,0,0
%fusion.2767,"(pred[4,128]{1,0:T(4,128)(4,1)S(1)}, f32",0.169,0,0
%and_or_fusion.34,"(pred[4,128]{1,0:T(4,128)(4,1)S(1)}, pre",0.01,0,0
%fusion.2397,"(f32[4,128]{1,0:T(4,128)S(1)}, f32[4,128",0.279,0,0
%fusion.2405,"f32[4,128]{1,0:T(4,128)S(1)} fusion(f32[",0.12,0,0
%fusion.365,"(f32[1,4,128,16384]{3,2,1,0:T(8,128)}, f",150.835,0,0
%copy.12,"f32[1,4,128,16384]{3,1,2,0:T(4,128)S(1)}",50.42,0,0
%subtract_select_fusion.65,"(f32[4,4]{1,0:T(4,128)S(1)}, f32[4,4]{1,",0.44,0,0
%fusion.1980,"(f32[4,4]{1,0:T(4,128)S(1)}, f32[4,4]{1,",0.256,0,0
%select_select_fusion.45,"(f32[4,4]{1,0:T(4,128)S(1)}, f32[4,4]{1,",0.198,0,0
%fusion.2006,"f32[4,4]{1,0:T(4,128)S(1)} fusion(pred[4",0.02,0,0
%select_select_fusion.50,"f32[4,4]{1,0:T(4,128)S(1)} fusion(pred[4",0.026,0,0
%fusion.2544,"f32[4,2097152]{1,0:T(4,128)S(1)} fusion(",31.006,0,0
%copy.13,"f32[1,4,128,16384]{3,1,2,0:T(4,128)S(1)}",50.774,0,0
%fusion.374,"f32[1,16384,4,128]{3,2,1,0:T(4,128)} fus",53.21,0,0
%copy.15,"f32[1,16384,4,128]{3,1,2,0:T(8,128)} cop",101.905,0,0
%fusion.375,"f32[1,16384,4,128]{3,2,1,0:T(4,128)} fus",53.382,0,0
%copy.14,"f32[1,16384,4,128]{3,1,2,0:T(8,128)S(1)}",45.941,0,0
%custom-call.2,c64[8388608]{0:T(1024)} custom-call(f32[,243.191,0,0
%iota.1,"f32[8388608]{0:T(1024)} iota(), iota_dim",51.309,0,0
%broadcast_add_fusion,f32[8388608]{0:T(1024)} fusion(f32[83886,102.01,0,0
%broadcast,f32[8388608]{0:T(1024)S(1)} broadcast(f3,7.718,0,0
%custom-call,c64[8388608]{0:T(1024)} custom-call(f32[,242.5,0,0
%custom-call,f32[8388608]{0:T(1024)S(1)} custom-call(,47.31,0,0
%reshape.6,"f32[128,65536]{1,0:T(8,128)S(1)} reshape",11.93,0,0
%iota_and_fusion.2,"u32[128]{0:T(128)S(1)} fusion(), kind=kL",0.005,0,0
%copy-start.11,"(u32[128]{0:T(128)}, u32[128]{0:T(128)S(",0.003,0,0
%iota_shift-right-logical_fusion.2,"u32[128]{0:T(128)S(1)} fusion(), kind=kL",0.005,0,0
%copy-start.13,"(u32[128]{0:T(128)}, u32[128]{0:T(128)S(",0.003,0,0
%add_select_fusion.367,"(f32[128,128]{1,0:T(8,128)S(1)}, pred[12",7.902,0,0
%fusion.1991,"(f32[128,128]{1,0:T(8,128)S(1)}, f32[128",0.859,0,0
%and_or_fusion.31,"(pred[128,128]{1,0:T(8,128)(4,1)S(1)}, p",0.051,0,0
%add_select_fusion.322,"(f32[128,128]{1,0:T(8,128)S(1)}, f32[128",0.486,0,0
%add_select_fusion.334,"(f32[128,128]{1,0:T(8,128)S(1)}, f32[128",0.486,0,0
%fusion.2036,"(f32[128,128]{1,0:T(8,128)S(1)}, f32[128",7.039,0,0
%copy-start.7,"(f32[128,128]{1,0:T(8,128)}, f32[128,128",0.003,0,0
%fusion.2028,"f32[128,128]{1,0:T(8,128)S(1)} fusion(f3",1.498,0,0
%copy-start.9,"(f32[128,128]{1,0:T(8,128)}, f32[128,128",0.003,0,0
%copy-done.9,"f32[128,128]{1,0:T(8,128)} copy-done((f3",0.306,0,0
%fusion.2262,"f32[128,65536]{1,0:T(8,128)S(1)} fusion(",11.725,0,0
%custom-call.1,f32[8388608]{0:T(1024)S(1)} custom-call(,44.688,0,0
%reshape.14,"f32[128,65536]{1,0:T(8,128)} reshape(f32",52.031,0,0
%copy-done.7,"f32[128,128]{1,0:T(8,128)} copy-done((f3",0.004,0,0
%convolution_subtract_fusion.1,"f32[128,65536]{1,0:T(8,128)S(1)} fusion(",45.998,0,0
%iota_and_fusion,"u32[65536]{0:T(1024)S(1)} fusion(), kind",0.046,0,0
%copy-start.3,"(u32[65536]{0:T(1024)}, u32[65536]{0:T(1",0.003,0,0
%iota_shift-right-logical_fusion,"u32[65536]{0:T(1024)S(1)} fusion(), kind",0.048,0,0
%copy-done.11,u32[128]{0:T(128)} copy-done((u32[128]{0,0.004,0,0
%copy-done.13,u32[128]{0:T(128)} copy-done((u32[128]{0,0.004,0,0
%copy-start.5,"(u32[65536]{0:T(1024)}, u32[65536]{0:T(1",0.004,0,0
%is-finite_and_fusion.22,"(pred[128,65536,1]{1,0,2:T(32,128)(4,1)S",782.551,0,0
%copy-done.3,u32[65536]{0:T(1024)} copy-done((u32[655,0.004,0,0
%copy-done.5,u32[65536]{0:T(1024)} copy-done((u32[655,0.003,0,0
%fusion.2320,"(pred[128,65536,1]{1,0,2:T(32,128)(4,1)S",951.163,0,0
%fusion.335,"(f32[128,65536,1]{1,0,2:T(8,128)}, f32[1",1282.231,0,0
%copy-start.4,"(u32[65536]{0:T(1024)S(1)}, u32[65536]{0",0.003,0,0
%copy-start.6,"(u32[65536]{0:T(1024)S(1)}, u32[65536]{0",0.003,0,0
%copy-start.10,"(f32[128,128]{1,0:T(8,128)S(1)}, f32[128",0.003,0,0
%copy-start.12,"(u32[128]{0:T(128)S(1)}, u32[128]{0:T(12",0.003,0,0
%copy-start.14,"(u32[128]{0:T(128)S(1)}, u32[128]{0:T(12",0.003,0,0
%add_select_fusion.84,"(f32[128,65536,1]{1,0,2:T(8,128)}, f32[1",556.235,0,0
%copy-done.4,u32[65536]{0:T(1024)S(1)} copy-done((u32,0.004,0,0
%copy-done.6,u32[65536]{0:T(1024)S(1)} copy-done((u32,0.004,0,0
%copy-done.10,"f32[128,128]{1,0:T(8,128)S(1)} copy-done",0.003,0,0
%copy-done.12,u32[128]{0:T(128)S(1)} copy-done((u32[12,0.004,0,0
%copy-done.14,u32[128]{0:T(128)S(1)} copy-done((u32[12,0.004,0,0
%fusion.374,"(f32[128,65536,1]{1,0,2:T(8,128)}, f32[1",2590.036,0,0
%fusion.375,"f32[128,65536,1]{1,0,2:T(8,128)S(1)} fus",135.204,0,0
%copy.5,"f32[16,8,128,512]{3,2,1,0:T(8,128)S(1)} ",41.773,0,0
%copy-start.8,"(f32[128,128]{1,0:T(8,128)S(1)}, f32[128",0.004,0,0
%copy,"f32[128,512,128]{2,0,1:T(8,128)S(1)} cop",32.611,0,0
%copy-done.8,"f32[128,128]{1,0:T(8,128)S(1)} copy-done",0.004,0,0
%copy-start.2,"(f32[128,65536,1]{1,0,2:T(8,128)S(1)}, f",0.003,0,0
%fusion.2039,"f32[128,512,128]{2,0,1:T(8,128)S(1)} fus",11.717,0,0
%copy-start,"(f32[128,512,128]{2,0,1:T(8,128)}, f32[1",0.003,0,0
%copy-done.2,"f32[128,65536,1]{1,0,2:T(8,128)S(1)} cop",76.241,0,0
%copy.6,"f32[16,8,128,512]{3,2,1,0:T(8,128)} copy",54.796,0,0
%copy.2,"f32[128,512,128]{2,0,1:T(8,128)S(1)} cop",61.581,0,0
%copy-start.1,"(f32[128,512,128]{2,0,1:T(8,128)}, f32[1",0.003,0,0
%copy-done,"f32[128,512,128]{2,0,1:T(8,128)} copy-do",0.004,0,0
%convolution_subtract_fusion,"f32[128,512,128]{2,0,1:T(8,128)} fusion(",53.355,0,0
%copy-done.1,"f32[128,512,128]{2,0,1:T(8,128)} copy-do",49.8,0,0
%iota_and_fusion.1,"u32[512]{0:T(512)S(1)} fusion(), kind=kL",0.004,0,0
%iota_shift-right-logical_fusion.1,"u32[512]{0:T(512)S(1)} fusion(), kind=kL",0.005,0,0
%is-finite_and_fusion.84,"(pred[512,128]{1,0:T(8,128)(4,1)S(1)}, f",6.51,0,0
%fusion.1500,"(f32[512,128]{1,0:T(8,128)S(1)}, f32[512",43.446,0,0
%fusion.1508,"f32[512,128]{1,0:T(8,128)S(1)} fusion(f3",36.111,0,0
%fusion.373,"(f32[512,128,128]{2,1,0:T(8,128)S(1)}, f",136.976,0,0
%fusion.2301,"(pred[512,512]{1,0:T(8,128)(4,1)S(1)}, f",115.736,0,0
%select_select_fusion.12,"(f32[512,512]{1,0:T(8,128)S(1)}, f32[512",14.401,0,0
%fusion.741,"f32[512,512]{1,0:T(8,128)S(1)} fusion(pr",5.495,0,0
%add_select_fusion.180,"(f32[512,512]{1,0:T(8,128)S(1)}, f32[512",147.479,0,0
%select_select_fusion.17,"f32[512,512]{1,0:T(8,128)S(1)} fusion(f3",16.641,0,0
%fusion.980,"(f32[512,512]{1,0:T(8,128)S(1)}, f32[512",23.898,0,0
%add_select_fusion.181,"(f32[512,512]{1,0:T(8,128)S(1)}, f32[512",14.62,0,0
%subtract_select_fusion.15,"f32[512,512]{1,0:T(8,128)S(1)} fusion(pr",2.469,0,0
%fusion.370,"f32[512,16384]{1,0:T(8,128)S(1)} fusion(",192.129,0,0
%fusion.364,"f32[64,128,8,128]{3,2,1,0:T(8,128)} fusi",364.779,0,0
%copy.9,"f32[64,128,8,128]{3,1,2,0:T(8,128)} copy",100.853,0,0
%fusion.367,"f32[64,128,8,128]{3,2,1,0:T(8,128)} fusi",364.146,0,0
%copy.10,"f32[64,128,8,128]{3,1,2,0:T(8,128)S(1)} ",46.398,0,0
%custom-call.2,c64[8388608]{0:T(1024)} custom-call(f32[,244.3,0,0
%custom-call,f32[8388608]{0:T(1024)S(1)} custom-call(,47.161,0,0
%reshape.6,"f32[128,65536]{1,0:T(8,128)S(1)} reshape",11.931,0,0
%iota_and_fusion.2,"u32[128]{0:T(128)S(1)} fusion(), kind=kL",0.004,0,0
%copy-start.11,"(u32[128]{0:T(128)}, u32[128]{0:T(128)S(",0.003,0,0
%iota_shift-right-logical_fusion.2,"u32[128]{0:T(128)S(1)} fusion(), kind=kL",0.004,0,0
%copy-start.13,"(u32[128]{0:T(128)}, u32[128]{0:T(128)S(",0.003,0,0
%add_select_fusion.367,"(f32[128,128]{1,0:T(8,128)S(1)}, pred[12",7.904,0,0
%fusion.1991,"(f32[128,128]{1,0:T(8,128)S(1)}, f32[128",0.859,0,0
%and_or_fusion.31,"(pred[128,128]{1,0:T(8,128)(4,1)S(1)}, p",0.05,0,0
%add_select_fusion.322,"(f32[128,128]{1,0:T(8,128)S(1)}, f32[128",0.486,0,0
%add_select_fusion.334,"(f32[128,128]{1,0:T(8,128)S(1)}, f32[128",0.487,0,0
%fusion.2036,"(f32[128,128]{1,0:T(8,128)S(1)}, f32[128",7.039,0,0
%copy-start.7,"(f32[128,128]{1,0:T(8,128)}, f32[128,128",0.003,0,0
%fusion.2028,"f32[128,128]{1,0:T(8,128)S(1)} fusion(f3",1.499,0,0
%copy-start.9,"(f32[128,128]{1,0:T(8,128)}, f32[128,128",0.001,0,0
%copy-done.9,"f32[128,128]{1,0:T(8,128)} copy-done((f3",0.307,0,0
%fusion.2262,"f32[128,65536]{1,0:T(8,128)S(1)} fusion(",11.724,0,0
%custom-call.1,f32[8388608]{0:T(1024)S(1)} custom-call(,44.898,0,0
%reshape.14,"f32[128,65536]{1,0:T(8,128)} reshape(f32",51.763,0,0
%copy-done.7,"f32[128,128]{1,0:T(8,128)} copy-done((f3",0.004,0,0
%convolution_subtract_fusion.1,"f32[128,65536]{1,0:T(8,128)S(1)} fusion(",45.931,0,0
%iota_and_fusion,"u32[65536]{0:T(1024)S(1)} fusion(), kind",0.046,0,0
%copy-start.3,"(u32[65536]{0:T(1024)}, u32[65536]{0:T(1",0.003,0,0
%iota_shift-right-logical_fusion,"u32[65536]{0:T(1024)S(1)} fusion(), kind",0.047,0,0
%copy-done.11,u32[128]{0:T(128)} copy-done((u32[128]{0,0.003,0,0
%copy-done.13,u32[128]{0:T(128)} copy-done((u32[128]{0,0.004,0,0
%copy-start.5,"(u32[65536]{0:T(1024)}, u32[65536]{0:T(1",0.003,0,0
%is-finite_and_fusion.22,"(pred[128,65536,1]{1,0,2:T(32,128)(4,1)S",775.021,0,0
%copy-done.3,u32[65536]{0:T(1024)} copy-done((u32[655,0.003,0,0
%copy-done.5,u32[65536]{0:T(1024)} copy-done((u32[655,0.004,0,0
%fusion.2320,"(pred[128,65536,1]{1,0,2:T(32,128)(4,1)S",950.695,0,0
%fusion.335,"(f32[128,65536,1]{1,0,2:T(8,128)}, f32[1",1282.231,0,0
%copy-start.4,"(u32[65536]{0:T(1024)S(1)}, u32[65536]{0",0.003,0,0
%copy-start.6,"(u32[65536]{0:T(1024)S(1)}, u32[65536]{0",0.003,0,0
%copy-start.10,"(f32[128,128]{1,0:T(8,128)S(1)}, f32[128",0.003,0,0
%copy-start.12,"(u32[128]{0:T(128)S(1)}, u32[128]{0:T(12",0.003,0,0
%copy-start.14,"(u32[128]{0:T(128)S(1)}, u32[128]{0:T(12",0.004,0,0
%add_select_fusion.84,"(f32[128,65536,1]{1,0,2:T(8,128)}, f32[1",556.175,0,0
%copy-done.4,u32[65536]{0:T(1024)S(1)} copy-done((u32,0.004,0,0
%copy-done.6,u32[65536]{0:T(1024)S(1)} copy-done((u32,0.003,0,0
%copy-done.10,"f32[128,128]{1,0:T(8,128)S(1)} copy-done",0.004,0,0
%copy-done.12,u32[128]{0:T(128)S(1)} copy-done((u32[12,0.003,0,0
%copy-done.14,u32[128]{0:T(128)S(1)} copy-done((u32[12,0.004,0,0
%fusion.374,"(f32[128,65536,1]{1,0,2:T(8,128)}, f32[1",2590.196,0,0
%fusion.375,"f32[128,65536,1]{1,0,2:T(8,128)S(1)} fus",135.166,0,0
%copy.5,"f32[16,8,128,512]{3,2,1,0:T(8,128)S(1)} ",41.774,0,0
%copy-start.8,"(f32[128,128]{1,0:T(8,128)S(1)}, f32[128",0.003,0,0
%copy,"f32[128,512,128]{2,0,1:T(8,128)S(1)} cop",32.611,0,0
%copy-done.8,"f32[128,128]{1,0:T(8,128)S(1)} copy-done",0.004,0,0
%copy-start.2,"(f32[128,65536,1]{1,0,2:T(8,128)S(1)}, f",0.003,0,0
%fusion.2039,"f32[128,512,128]{2,0,1:T(8,128)S(1)} fus",11.717,0,0
%copy-start,"(f32[128,512,128]{2,0,1:T(8,128)}, f32[1",0.003,0,0
%copy-done.2,"f32[128,65536,1]{1,0,2:T(8,128)S(1)} cop",76.662,0,0
%copy.6,"f32[16,8,128,512]{3,2,1,0:T(8,128)} copy",54.174,0,0
%copy.2,"f32[128,512,128]{2,0,1:T(8,128)S(1)} cop",61.966,0,0
%copy-start.1,"(f32[128,512,128]{2,0,1:T(8,128)}, f32[1",0.003,0,0
%copy-done,"f32[128,512,128]{2,0,1:T(8,128)} copy-do",0.005,0,0
%convolution_subtract_fusion,"f32[128,512,128]{2,0,1:T(8,128)} fusion(",53.221,0,0
%copy-done.1,"f32[128,512,128]{2,0,1:T(8,128)} copy-do",49.402,0,0
%iota_and_fusion.1,"u32[512]{0:T(512)S(1)} fusion(), kind=kL",0.004,0,0
%iota_shift-right-logical_fusion.1,"u32[512]{0:T(512)S(1)} fusion(), kind=kL",0.004,0,0
%is-finite_and_fusion.84,"(pred[512,128]{1,0:T(8,128)(4,1)S(1)}, f",6.512,0,0
%fusion.1500,"(f32[512,128]{1,0:T(8,128)S(1)}, f32[512",43.446,0,0
%fusion.1508,"f32[512,128]{1,0:T(8,128)S(1)} fusion(f3",36.111,0,0
%fusion.373,"(f32[512,128,128]{2,1,0:T(8,128)S(1)}, f",136.879,0,0
%fusion.2301,"(pred[512,512]{1,0:T(8,128)(4,1)S(1)}, f",115.736,0,0
%select_select_fusion.12,"(f32[512,512]{1,0:T(8,128)S(1)}, f32[512",14.4,0,0
%fusion.741,"f32[512,512]{1,0:T(8,128)S(1)} fusion(pr",5.72,0,0
%add_select_fusion.180,"(f32[512,512]{1,0:T(8,128)S(1)}, f32[512",147.48,0,0
%select_select_fusion.17,"f32[512,512]{1,0:T(8,128)S(1)} fusion(f3",16.641,0,0
%fusion.980,"(f32[512,512]{1,0:T(8,128)S(1)}, f32[512",23.898,0,0
%add_select_fusion.181,"(f32[512,512]{1,0:T(8,128)S(1)}, f32[512",14.621,0,0
%subtract_select_fusion.15,"f32[512,512]{1,0:T(8,128)S(1)} fusion(pr",2.47,0,0
%fusion.370,"f32[512,16384]{1,0:T(8,128)S(1)} fusion(",192.135,0,0
%fusion.364,"f32[64,128,8,128]{3,2,1,0:T(8,128)} fusi",364.613,0,0
%copy.9,"f32[64,128,8,128]{3,1,2,0:T(8,128)} copy",101.061,0,0
%fusion.367,"f32[64,128,8,128]{3,2,1,0:T(8,128)} fusi",363.979,0,0
%copy.10,"f32[64,128,8,128]{3,1,2,0:T(8,128)S(1)} ",46.58,0,0
%custom-call.2,c64[8388608]{0:T(1024)} custom-call(f32[,243.127,0,0
%custom-call,f32[8388608]{0:T(1024)S(1)} custom-call(,44.944,0,0
%reshape.6,"f32[128,65536]{1,0:T(8,128)S(1)} reshape",11.931,0,0
%iota_and_fusion.2,"u32[128]{0:T(128)S(1)} fusion(), kind=kL",0.006,0,0
%copy-start.11,"(u32[128]{0:T(128)}, u32[128]{0:T(128)S(",0.003,0,0
%iota_shift-right-logical_fusion.2,"u32[128]{0:T(128)S(1)} fusion(), kind=kL",0.005,0,0
%copy-start.13,"(u32[128]{0:T(128)}, u32[128]{0:T(128)S(",0.003,0,0
%add_select_fusion.367,"(f32[128,128]{1,0:T(8,128)S(1)}, pred[12",7.904,0,0
%fusion.1991,"(f32[128,128]{1,0:T(8,128)S(1)}, f32[128",0.858,0,0
%and_or_fusion.31,"(pred[128,128]{1,0:T(8,128)(4,1)S(1)}, p",0.05,0,0
%add_select_fusion.322,"(f32[128,128]{1,0:T(8,128)S(1)}, f32[128",0.487,0,0
%add_select_fusion.334,"(f32[128,128]{1,0:T(8,128)S(1)}, f32[128",0.486,0,0
%fusion.2036,"(f32[128,128]{1,0:T(8,128)S(1)}, f32[128",7.039,0,0
%copy-start.7,"(f32[128,128]{1,0:T(8,128)}, f32[128,128",0.003,0,0
%fusion.2028,"f32[128,128]{1,0:T(8,128)S(1)} fusion(f3",1.498,0,0
%copy-start.9,"(f32[128,128]{1,0:T(8,128)}, f32[128,128",0.001,0,0
%copy-done.9,"f32[128,128]{1,0:T(8,128)} copy-done((f3",0.309,0,0
%fusion.2262,"f32[128,65536]{1,0:T(8,128)S(1)} fusion(",11.725,0,0
%custom-call.1,f32[8388608]{0:T(1024)S(1)} custom-call(,44.785,0,0
%reshape.14,"f32[128,65536]{1,0:T(8,128)} reshape(f32",51.62,0,0
%copy-done.7,"f32[128,128]{1,0:T(8,128)} copy-done((f3",0.004,0,0
%convolution_subtract_fusion.1,"f32[128,65536]{1,0:T(8,128)S(1)} fusion(",46.127,0,0
%iota_and_fusion,"u32[65536]{0:T(1024)S(1)} fusion(), kind",0.048,0,0
%copy-start.3,"(u32[65536]{0:T(1024)}, u32[65536]{0:T(1",0.004,0,0
%iota_shift-right-logical_fusion,"u32[65536]{0:T(1024)S(1)} fusion(), kind",0.046,0,0
%copy-done.11,u32[128]{0:T(128)} copy-done((u32[128]{0,0.004,0,0
%copy-done.13,u32[128]{0:T(128)} copy-done((u32[128]{0,0.004,0,0
%copy-start.5,"(u32[65536]{0:T(1024)}, u32[65536]{0:T(1",0.003,0,0
%is-finite_and_fusion.22,"(pred[128,65536,1]{1,0,2:T(32,128)(4,1)S",787.726,0,0
%copy-done.3,u32[65536]{0:T(1024)} copy-done((u32[655,0.004,0,0
%copy-done.5,u32[65536]{0:T(1024)} copy-done((u32[655,0.004,0,0
%fusion.2320,"(pred[128,65536,1]{1,0,2:T(32,128)(4,1)S",950.724,0,0
%fusion.335,"(f32[128,65536,1]{1,0,2:T(8,128)}, f32[1",1282.226,0,0
%copy-start.4,"(u32[65536]{0:T(1024)S(1)}, u32[65536]{0",0.003,0,0
%copy-start.6,"(u32[65536]{0:T(1024)S(1)}, u32[65536]{0",0.003,0,0
%copy-start.10,"(f32[128,128]{1,0:T(8,128)S(1)}, f32[128",0.003,0,0
%copy-start.12,"(u32[128]{0:T(128)S(1)}, u32[128]{0:T(12",0.003,0,0
%copy-start.14,"(u32[128]{0:T(128)S(1)}, u32[128]{0:T(12",0.003,0,0
%add_select_fusion.84,"(f32[128,65536,1]{1,0,2:T(8,128)}, f32[1",556.222,0,0
%copy-done.4,u32[65536]{0:T(1024)S(1)} copy-done((u32,0.004,0,0
%copy-done.6,u32[65536]{0:T(1024)S(1)} copy-done((u32,0.003,0,0
%copy-done.10,"f32[128,128]{1,0:T(8,128)S(1)} copy-done",0.004,0,0
%copy-done.12,u32[128]{0:T(128)S(1)} copy-done((u32[12,0.004,0,0
%copy-done.14,u32[128]{0:T(128)S(1)} copy-done((u32[12,0.004,0,0
%fusion.374,"(f32[128,65536,1]{1,0,2:T(8,128)}, f32[1",2589.986,0,0
%fusion.375,"f32[128,65536,1]{1,0,2:T(8,128)S(1)} fus",135.224,0,0
%copy.5,"f32[16,8,128,512]{3,2,1,0:T(8,128)S(1)} ",41.774,0,0
%copy-start.8,"(f32[128,128]{1,0:T(8,128)S(1)}, f32[128",0.003,0,0
%copy,"f32[128,512,128]{2,0,1:T(8,128)S(1)} cop",32.61,0,0
%copy-done.8,"f32[128,128]{1,0:T(8,128)S(1)} copy-done",0.004,0,0
%copy-start.2,"(f32[128,65536,1]{1,0,2:T(8,128)S(1)}, f",0.003,0,0
%fusion.2039,"f32[128,512,128]{2,0,1:T(8,128)S(1)} fus",11.719,0,0
%copy-start,"(f32[128,512,128]{2,0,1:T(8,128)}, f32[1",0.003,0,0
%copy-done.2,"f32[128,65536,1]{1,0,2:T(8,128)S(1)} cop",76.403,0,0
%copy.6,"f32[16,8,128,512]{3,2,1,0:T(8,128)} copy",54.472,0,0
%copy.2,"f32[128,512,128]{2,0,1:T(8,128)S(1)} cop",61.422,0,0
%copy-start.1,"(f32[128,512,128]{2,0,1:T(8,128)}, f32[1",0.003,0,0
%copy-done,"f32[128,512,128]{2,0,1:T(8,128)} copy-do",0.005,0,0
%convolution_subtract_fusion,"f32[128,512,128]{2,0,1:T(8,128)} fusion(",53.261,0,0
%copy-done.1,"f32[128,512,128]{2,0,1:T(8,128)} copy-do",48.879,0,0
%iota_and_fusion.1,"u32[512]{0:T(512)S(1)} fusion(), kind=kL",0.004,0,0
%iota_shift-right-logical_fusion.1,"u32[512]{0:T(512)S(1)} fusion(), kind=kL",0.004,0,0
%is-finite_and_fusion.84,"(pred[512,128]{1,0:T(8,128)(4,1)S(1)}, f",6.511,0,0
%fusion.1500,"(f32[512,128]{1,0:T(8,128)S(1)}, f32[512",43.447,0,0
%fusion.1508,"f32[512,128]{1,0:T(8,128)S(1)} fusion(f3",36.112,0,0
%fusion.373,"(f32[512,128,128]{2,1,0:T(8,128)S(1)}, f",136.577,0,0
%fusion.2301,"(pred[512,512]{1,0:T(8,128)(4,1)S(1)}, f",115.736,0,0
%select_select_fusion.12,"(f32[512,512]{1,0:T(8,128)S(1)}, f32[512",14.402,0,0
%fusion.741,"f32[512,512]{1,0:T(8,128)S(1)} fusion(pr",5.72,0,0
%add_select_fusion.180,"(f32[512,512]{1,0:T(8,128)S(1)}, f32[512",147.48,0,0
%select_select_fusion.17,"f32[512,512]{1,0:T(8,128)S(1)} fusion(f3",16.641,0,0
%fusion.980,"(f32[512,512]{1,0:T(8,128)S(1)}, f32[512",23.898,0,0
%add_select_fusion.181,"(f32[512,512]{1,0:T(8,128)S(1)}, f32[512",14.62,0,0
%subtract_select_fusion.15,"f32[512,512]{1,0:T(8,128)S(1)} fusion(pr",2.47,0,0
%fusion.370,"f32[512,16384]{1,0:T(8,128)S(1)} fusion(",192.136,0,0
%fusion.364,"f32[64,128,8,128]{3,2,1,0:T(8,128)} fusi",364.669,0,0
%copy.9,"f32[64,128,8,128]{3,1,2,0:T(8,128)} copy",100.967,0,0
%fusion.367,"f32[64,128,8,128]{3,2,1,0:T(8,128)} fusi",364.135,0,0
%copy.10,"f32[64,128,8,128]{3,1,2,0:T(8,128)S(1)} ",46.586,0,0
%custom-call.2,c64[8388608]{0:T(1024)} custom-call(f32[,245.921,0,0
%custom-call,f32[8388608]{0:T(1024)S(1)} custom-call(,44.877,0,0
%reshape.6,"f32[128,65536]{1,0:T(8,128)S(1)} reshape",11.931,0,0
%iota_and_fusion.2,"u32[128]{0:T(128)S(1)} fusion(), kind=kL",0.005,0,0
%copy-start.11,"(u32[128]{0:T(128)}, u32[128]{0:T(128)S(",0.004,0,0
%iota_shift-right-logical_fusion.2,"u32[128]{0:T(128)S(1)} fusion(), kind=kL",0.005,0,0
%copy-start.13,"(u32[128]{0:T(128)}, u32[128]{0:T(128)S(",0.003,0,0
%add_select_fusion.367,"(f32[128,128]{1,0:T(8,128)S(1)}, pred[12",7.903,0,0
%fusion.1991,"(f32[128,128]{1,0:T(8,128)S(1)}, f32[128",0.858,0,0
%and_or_fusion.31,"(pred[128,128]{1,0:T(8,128)(4,1)S(1)}, p",0.05,0,0
%add_select_fusion.322,"(f32[128,128]{1,0:T(8,128)S(1)}, f32[128",0.487,0,0
%add_select_fusion.334,"(f32[128,128]{1,0:T(8,128)S(1)}, f32[128",0.486,0,0
%fusion.2036,"(f32[128,128]{1,0:T(8,128)S(1)}, f32[128",7.039,0,0
%copy-start.7,"(f32[128,128]{1,0:T(8,128)}, f32[128,128",0.003,0,0
%fusion.2028,"f32[128,128]{1,0:T(8,128)S(1)} fusion(f3",1.499,0,0
%copy-start.9,"(f32[128,128]{1,0:T(8,128)}, f32[128,128",0.001,0,0
%copy-done.9,"f32[128,128]{1,0:T(8,128)} copy-done((f3",0.306,0,0
%fusion.2262,"f32[128,65536]{1,0:T(8,128)S(1)} fusion(",11.725,0,0
%custom-call.1,f32[8388608]{0:T(1024)S(1)} custom-call(,44.722,0,0
%reshape.14,"f32[128,65536]{1,0:T(8,128)} reshape(f32",51.926,0,0
%copy-done.7,"f32[128,128]{1,0:T(8,128)} copy-done((f3",0.003,0,0
%convolution_subtract_fusion.1,"f32[128,65536]{1,0:T(8,128)S(1)} fusion(",46.166,0,0
%iota_and_fusion,"u32[65536]{0:T(1024)S(1)} fusion(), kind",0.048,0,0
%copy-start.3,"(u32[65536]{0:T(1024)}, u32[65536]{0:T(1",0.003,0,0
%iota_shift-right-logical_fusion,"u32[65536]{0:T(1024)S(1)} fusion(), kind",0.046,0,0
%copy-done.11,u32[128]{0:T(128)} copy-done((u32[128]{0,0.004,0,0
%copy-done.13,u32[128]{0:T(128)} copy-done((u32[128]{0,0.003,0,0
%copy-start.5,"(u32[65536]{0:T(1024)}, u32[65536]{0:T(1",0.003,0,0
%is-finite_and_fusion.22,"(pred[128,65536,1]{1,0,2:T(32,128)(4,1)S",787.79,0,0
%copy-done.3,u32[65536]{0:T(1024)} copy-done((u32[655,0.004,0,0
%copy-done.5,u32[65536]{0:T(1024)} copy-done((u32[655,0.003,0,0
%fusion.2320,"(pred[128,65536,1]{1,0,2:T(32,128)(4,1)S",950.733,0,0
%fusion.335,"(f32[128,65536,1]{1,0,2:T(8,128)}, f32[1",1282.23,0,0
%copy-start.4,"(u32[65536]{0:T(1024)S(1)}, u32[65536]{0",0.003,0,0
%copy-start.6,"(u32[65536]{0:T(1024)S(1)}, u32[65536]{0",0.003,0,0
%copy-start.10,"(f32[128,128]{1,0:T(8,128)S(1)}, f32[128",0.003,0,0
%copy-start.12,"(u32[128]{0:T(128)S(1)}, u32[128]{0:T(12",0.004,0,0
%copy-start.14,"(u32[128]{0:T(128)S(1)}, u32[128]{0:T(12",0.003,0,0
%add_select_fusion.84,"(f32[128,65536,1]{1,0,2:T(8,128)}, f32[1",556.236,0,0
%copy-done.4,u32[65536]{0:T(1024)S(1)} copy-done((u32,0.003,0,0
%copy-done.6,u32[65536]{0:T(1024)S(1)} copy-done((u32,0.004,0,0
%copy-done.10,"f32[128,128]{1,0:T(8,128)S(1)} copy-done",0.004,0,0
%copy-done.12,u32[128]{0:T(128)S(1)} copy-done((u32[12,0.003,0,0
%copy-done.14,u32[128]{0:T(128)S(1)} copy-done((u32[12,0.004,0,0
%fusion.374,"(f32[128,65536,1]{1,0,2:T(8,128)}, f32[1",2589.974,0,0
%fusion.375,"f32[128,65536,1]{1,0,2:T(8,128)S(1)} fus",135.227,0,0
%copy.5,"f32[16,8,128,512]{3,2,1,0:T(8,128)S(1)} ",41.772,0,0
%copy-start.8,"(f32[128,128]{1,0:T(8,128)S(1)}, f32[128",0.003,0,0
%copy,"f32[128,512,128]{2,0,1:T(8,128)S(1)} cop",32.61,0,0
%copy-done.8,"f32[128,128]{1,0:T(8,128)S(1)} copy-done",0.004,0,0
%copy-start.2,"(f32[128,65536,1]{1,0,2:T(8,128)S(1)}, f",0.003,0,0
%fusion.2039,"f32[128,512,128]{2,0,1:T(8,128)S(1)} fus",11.717,0,0
%copy-start,"(f32[128,512,128]{2,0,1:T(8,128)}, f32[1",0.003,0,0
%copy-done.2,"f32[128,65536,1]{1,0,2:T(8,128)S(1)} cop",76.375,0,0
%copy.6,"f32[16,8,128,512]{3,2,1,0:T(8,128)} copy",54.504,0,0
%copy.2,"f32[128,512,128]{2,0,1:T(8,128)S(1)} cop",61.299,0,0
%copy-start.1,"(f32[128,512,128]{2,0,1:T(8,128)}, f32[1",0.003,0,0
%copy-done,"f32[128,512,128]{2,0,1:T(8,128)} copy-do",0.005,0,0
%convolution_subtract_fusion,"f32[128,512,128]{2,0,1:T(8,128)} fusion(",53.584,0,0
%copy-done.1,"f32[128,512,128]{2,0,1:T(8,128)} copy-do",48.666,0,0
%iota_and_fusion.1,"u32[512]{0:T(512)S(1)} fusion(), kind=kL",0.004,0,0
%iota_shift-right-logical_fusion.1,"u32[512]{0:T(512)S(1)} fusion(), kind=kL",0.005,0,0
%is-finite_and_fusion.84,"(pred[512,128]{1,0:T(8,128)(4,1)S(1)}, f",6.511,0,0
%fusion.1500,"(f32[512,128]{1,0:T(8,128)S(1)}, f32[512",43.447,0,0
%fusion.1508,"f32[512,128]{1,0:T(8,128)S(1)} fusion(f3",36.112,0,0
%fusion.373,"(f32[512,128,128]{2,1,0:T(8,128)S(1)}, f",136.991,0,0
%fusion.2301,"(pred[512,512]{1,0:T(8,128)(4,1)S(1)}, f",115.736,0,0
%select_select_fusion.12,"(f32[512,512]{1,0:T(8,128)S(1)}, f32[512",14.402,0,0
%fusion.741,"f32[512,512]{1,0:T(8,128)S(1)} fusion(pr",5.72,0,0
%add_select_fusion.180,"(f32[512,512]{1,0:T(8,128)S(1)}, f32[512",147.48,0,0
%select_select_fusion.17,"f32[512,512]{1,0:T(8,128)S(1)} fusion(f3",16.641,0,0
%fusion.980,"(f32[512,512]{1,0:T(8,128)S(1)}, f32[512",23.898,0,0
%add_select_fusion.181,"(f32[512,512]{1,0:T(8,128)S(1)}, f32[512",14.62,0,0
%subtract_select_fusion.15,"f32[512,512]{1,0:T(8,128)S(1)} fusion(pr",2.47,0,0
%fusion.370,"f32[512,16384]{1,0:T(8,128)S(1)} fusion(",192.135,0,0
%fusion.364,"f32[64,128,8,128]{3,2,1,0:T(8,128)} fusi",364.678,0,0
%copy.9,"f32[64,128,8,128]{3,1,2,0:T(8,128)} copy",100.666,0,0
%fusion.367,"f32[64,128,8,128]{3,2,1,0:T(8,128)} fusi",364.132,0,0
%copy.10,"f32[64,128,8,128]{3,1,2,0:T(8,128)S(1)} ",46.491,0,0
%custom-call.2,c64[8388608]{0:T(1024)} custom-call(f32[,246.129,0,0
%custom-call,f32[8388608]{0:T(1024)S(1)} custom-call(,44.703,0,0
%reshape.6,"f32[128,65536]{1,0:T(8,128)S(1)} reshape",11.93,0,0
%iota_and_fusion.2,"u32[128]{0:T(128)S(1)} fusion(), kind=kL",0.005,0,0
%copy-start.11,"(u32[128]{0:T(128)}, u32[128]{0:T(128)S(",0.003,0,0
%iota_shift-right-logical_fusion.2,"u32[128]{0:T(128)S(1)} fusion(), kind=kL",0.005,0,0
%copy-start.13,"(u32[128]{0:T(128)}, u32[128]{0:T(128)S(",0.003,0,0
%add_select_fusion.367,"(f32[128,128]{1,0:T(8,128)S(1)}, pred[12",7.902,0,0
%fusion.1991,"(f32[128,128]{1,0:T(8,128)S(1)}, f32[128",0.859,0,0
%and_or_fusion.31,"(pred[128,128]{1,0:T(8,128)(4,1)S(1)}, p",0.051,0,0
%add_select_fusion.322,"(f32[128,128]{1,0:T(8,128)S(1)}, f32[128",0.487,0,0
%add_select_fusion.334,"(f32[128,128]{1,0:T(8,128)S(1)}, f32[128",0.486,0,0
%fusion.2036,"(f32[128,128]{1,0:T(8,128)S(1)}, f32[128",7.04,0,0
%copy-start.7,"(f32[128,128]{1,0:T(8,128)}, f32[128,128",0.003,0,0
%fusion.2028,"f32[128,128]{1,0:T(8,128)S(1)} fusion(f3",1.499,0,0
%copy-start.9,"(f32[128,128]{1,0:T(8,128)}, f32[128,128",0.003,0,0
%copy-done.9,"f32[128,128]{1,0:T(8,128)} copy-done((f3",0.305,0,0
%fusion.2262,"f32[128,65536]{1,0:T(8,128)S(1)} fusion(",11.724,0,0
%custom-call.1,f32[8388608]{0:T(1024)S(1)} custom-call(,44.916,0,0
%reshape.14,"f32[128,65536]{1,0:T(8,128)} reshape(f32",51.944,0,0
%copy-done.7,"f32[128,128]{1,0:T(8,128)} copy-done((f3",0.003,0,0
%convolution_subtract_fusion.1,"f32[128,65536]{1,0:T(8,128)S(1)} fusion(",46.149,0,0
%iota_and_fusion,"u32[65536]{0:T(1024)S(1)} fusion(), kind",0.049,0,0
%copy-start.3,"(u32[65536]{0:T(1024)}, u32[65536]{0:T(1",0.004,0,0
%iota_shift-right-logical_fusion,"u32[65536]{0:T(1024)S(1)} fusion(), kind",0.048,0,0
%copy-done.11,u32[128]{0:T(128)} copy-done((u32[128]{0,0.004,0,0
%copy-done.13,u32[128]{0:T(128)} copy-done((u32[128]{0,0.003,0,0
%copy-start.5,"(u32[65536]{0:T(1024)}, u32[65536]{0:T(1",0.003,0,0
%is-finite_and_fusion.22,"(pred[128,65536,1]{1,0,2:T(32,128)(4,1)S",787.733,0,0
%copy-done.3,u32[65536]{0:T(1024)} copy-done((u32[655,0.003,0,0
%copy-done.5,u32[65536]{0:T(1024)} copy-done((u32[655,0.004,0,0
%fusion.2320,"(pred[128,65536,1]{1,0,2:T(32,128)(4,1)S",950.91,0,0
%fusion.335,"(f32[128,65536,1]{1,0,2:T(8,128)}, f32[1",1282.226,0,0
%copy-start.4,"(u32[65536]{0:T(1024)S(1)}, u32[65536]{0",0.003,0,0
%copy-start.6,"(u32[65536]{0:T(1024)S(1)}, u32[65536]{0",0.004,0,0
%copy-start.10,"(f32[128,128]{1,0:T(8,128)S(1)}, f32[128",0.003,0,0
%copy-start.12,"(u32[128]{0:T(128)S(1)}, u32[128]{0:T(12",0.003,0,0
%copy-start.14,"(u32[128]{0:T(128)S(1)}, u32[128]{0:T(12",0.003,0,0
%add_select_fusion.84,"(f32[128,65536,1]{1,0,2:T(8,128)}, f32[1",556.298,0,0
%copy-done.4,u32[65536]{0:T(1024)S(1)} copy-done((u32,0.004,0,0
%copy-done.6,u32[65536]{0:T(1024)S(1)} copy-done((u32,0.003,0,0
%copy-done.10,"f32[128,128]{1,0:T(8,128)S(1)} copy-done",0.004,0,0
%copy-done.12,u32[128]{0:T(128)S(1)} copy-done((u32[12,0.003,0,0
%copy-done.14,u32[128]{0:T(128)S(1)} copy-done((u32[12,0.004,0,0
%fusion.374,"(f32[128,65536,1]{1,0,2:T(8,128)}, f32[1",2589.983,0,0
%fusion.375,"f32[128,65536,1]{1,0,2:T(8,128)S(1)} fus",135.273,0,0
%copy.5,"f32[16,8,128,512]{3,2,1,0:T(8,128)S(1)} ",41.775,0,0
%copy-start.8,"(f32[128,128]{1,0:T(8,128)S(1)}, f32[128",0.003,0,0
%copy,"f32[128,512,128]{2,0,1:T(8,128)S(1)} cop",32.609,0,0
%copy-done.8,"f32[128,128]{1,0:T(8,128)S(1)} copy-done",0.003,0,0
%copy-start.2,"(f32[128,65536,1]{1,0,2:T(8,128)S(1)}, f",0.004,0,0
%fusion.2039,"f32[128,512,128]{2,0,1:T(8,128)S(1)} fus",11.717,0,0
%copy-start,"(f32[128,512,128]{2,0,1:T(8,128)}, f32[1",0.003,0,0
%copy-done.2,"f32[128,65536,1]{1,0,2:T(8,128)S(1)} cop",76.584,0,0
%copy.6,"f32[16,8,128,512]{3,2,1,0:T(8,128)} copy",54.55,0,0
%copy.2,"f32[128,512,128]{2,0,1:T(8,128)S(1)} cop",61.294,0,0
%copy-start.1,"(f32[128,512,128]{2,0,1:T(8,128)}, f32[1",0.003,0,0
%copy-done,"f32[128,512,128]{2,0,1:T(8,128)} copy-do",0.004,0,0
%convolution_subtract_fusion,"f32[128,512,128]{2,0,1:T(8,128)} fusion(",53.69,0,0
%copy-done.1,"f32[128,512,128]{2,0,1:T(8,128)} copy-do",49.139,0,0
%iota_and_fusion.1,"u32[512]{0:T(512)S(1)} fusion(), kind=kL",0.004,0,0
%iota_shift-right-logical_fusion.1,"u32[512]{0:T(512)S(1)} fusion(), kind=kL",0.004,0,0
%is-finite_and_fusion.84,"(pred[512,128]{1,0:T(8,128)(4,1)S(1)}, f",6.511,0,0
%fusion.1500,"(f32[512,128]{1,0:T(8,128)S(1)}, f32[512",43.446,0,0
%fusion.1508,"f32[512,128]{1,0:T(8,128)S(1)} fusion(f3",36.11,0,0
%fusion.373,"(f32[512,128,128]{2,1,0:T(8,128)S(1)}, f",136.87,0,0
%fusion.2301,"(pred[512,512]{1,0:T(8,128)(4,1)S(1)}, f",115.735,0,0
%select_select_fusion.12,"(f32[512,512]{1,0:T(8,128)S(1)}, f32[512",14.402,0,0
%fusion.741,"f32[512,512]{1,0:T(8,128)S(1)} fusion(pr",5.72,0,0
%add_select_fusion.180,"(f32[512,512]{1,0:T(8,128)S(1)}, f32[512",147.479,0,0
%select_select_fusion.17,"f32[512,512]{1,0:T(8,128)S(1)} fusion(f3",16.642,0,0
%fusion.980,"(f32[512,512]{1,0:T(8,128)S(1)}, f32[512",23.897,0,0
%add_select_fusion.181,"(f32[512,512]{1,0:T(8,128)S(1)}, f32[512",14.62,0,0
%subtract_select_fusion.15,"f32[512,512]{1,0:T(8,128)S(1)} fusion(pr",2.471,0,0
%fusion.370,"f32[512,16384]{1,0:T(8,128)S(1)} fusion(",192.136,0,0
%fusion.364,"f32[64,128,8,128]{3,2,1,0:T(8,128)} fusi",364.675,0,0
%copy.9,"f32[64,128,8,128]{3,1,2,0:T(8,128)} copy",100.574,0,0
%fusion.367,"f32[64,128,8,128]{3,2,1,0:T(8,128)} fusi",364.085,0,0
%copy.10,"f32[64,128,8,128]{3,1,2,0:T(8,128)S(1)} ",46.445,0,0
%custom-call.2,c64[8388608]{0:T(1024)} custom-call(f32[,239.976,0,0
%iota.1,"f32[16777216]{0:T(1024)} iota(), iota_di",102.764,0,0
%broadcast_add_fusion,f32[16777216]{0:T(1024)} fusion(f32[1677,203.849,0,0
%broadcast,f32[16777216]{0:T(1024)S(1)} broadcast(f,27.105,0,0
%custom-call,c64[16777216]{0:T(1024)} custom-call(f32,493.337,0,0
%iota_and_fusion.2,"u32[128]{0:T(128)S(1)} fusion(), kind=kL",0.005,0,0
%copy-start.6,"(u32[128]{0:T(128)}, u32[128]{0:T(128)S(",0.003,0,0
%iota_shift-right-logical_fusion.2,"u32[128]{0:T(128)S(1)} fusion(), kind=kL",0.004,0,0
%copy-start.9,"(u32[128]{0:T(128)}, u32[128]{0:T(128)S(",0.004,0,0
%add_select_fusion.270,"(f32[128,128]{1,0:T(8,128)S(1)}, pred[12",7.902,0,0
%fusion.1397,"(f32[128,128]{1,0:T(8,128)S(1)}, f32[128",0.859,0,0
%add_select_fusion.237,"(f32[128,128]{1,0:T(8,128)S(1)}, f32[128",0.485,0,0
%add_select_fusion.225,"(f32[128,128]{1,0:T(8,128)S(1)}, f32[128",0.485,0,0
%and_or_fusion.22,"(pred[128,128]{1,0:T(8,128)(4,1)S(1)}, p",0.051,0,0
%fusion.1442,"(f32[128,128]{1,0:T(8,128)S(1)}, f32[128",7.039,0,0
%copy-start.2,"(f32[128,128]{1,0:T(8,128)}, f32[128,128",0.003,0,0
%fusion.1434,"f32[128,128]{1,0:T(8,128)S(1)} fusion(f3",1.498,0,0
%copy-start.4,"(f32[128,128]{1,0:T(8,128)}, f32[128,128",0.003,0,0
%custom-call,f32[16777216]{0:T(1024)} custom-call(c64,379.239,0,0
%reshape.8,"f32[128,131072]{1,0:T(8,128)S(1)} reshap",90.784,0,0
%copy-done.4,"f32[128,128]{1,0:T(8,128)} copy-done((f3",0.004,0,0
%copy-start,"(f32[128,131072]{1,0:T(8,128)}, f32[128,",0.003,0,0
%fusion.2819,"f32[128,131072]{1,0:T(8,128)} fusion(f32",102.063,0,0
%custom-call.1,f32[16777216]{0:T(1024)} custom-call(c64,451.094,0,0
%reshape.16,"f32[128,131072]{1,0:T(8,128)} reshape(f3",204.29,0,0
%copy-done.2,"f32[128,128]{1,0:T(8,128)} copy-done((f3",0.003,0,0
%copy-done,"f32[128,131072]{1,0:T(8,128)} copy-done(",0.005,0,0
%convolution_subtract_fusion.3,"f32[128,131072]{1,0:T(8,128)} fusion(f32",290.231,0,0
%iota_and_fusion,"u32[131072]{0:T(1024)S(1)} fusion(), kin",0.09,0,0
%iota_shift-right-logical_fusion,"u32[131072]{0:T(1024)S(1)} fusion(), kin",0.091,0,0
%is-finite_and_fusion.22,"(pred[128,131072,1]{1,0,2:T(32,128)(4,1)",1622.601,0,0
%copy-start.1,"(f32[128,131072,1]{1,0,2:T(8,128)}, f32[",0.001,0,0
%fusion.2863,"(pred[128,131072,1]{1,0,2:T(32,128)(4,1)",1886.52,0,0
%copy-done.1,"f32[128,131072,1]{1,0,2:T(8,128)} copy-d",0.005,0,0
%slice-start,"((f32[128,131072]{1,0:T(8,128)}), f32[32",0.004,0,0
%slice-start.1,"((f32[128,131072]{1,0:T(8,128)}), f32[32",0.004,0,0
%slice-start.2,"((f32[128,131072]{1,0:T(8,128)}), f32[32",0.004,0,0
%fusion.335,"(f32[128,131072,1]{1,0,2:T(8,128)}, f32[",2520.881,0,0
%slice-start.3,"((f32[128,131072]{1,0:T(8,128)}), f32[32",0.005,0,0
%copy-start.5,"(f32[128,128]{1,0:T(8,128)S(1)}, f32[128",0.004,0,0
%add_select_fusion.84,"(f32[128,131072,1]{1,0,2:T(8,128)}, f32[",1133.71,0,0
%copy-done.6,u32[128]{0:T(128)} copy-done((u32[128]{0,0.004,0,0
%copy-done.9,u32[128]{0:T(128)} copy-done((u32[128]{0,0.003,0,0
%slice-done,"f32[32,131072]{1,0:T(8,128)S(1)} async-d",0.004,0,0
%slice-done.1,"f32[32,131072]{1,0:T(8,128)S(1)} async-d",0.003,0,0
%slice-done.2,"f32[32,131072]{1,0:T(8,128)S(1)} async-d",0.004,0,0
%slice-done.3,"f32[32,131072]{1,0:T(8,128)S(1)} async-d",0.004,0,0
%copy-done.5,"f32[128,128]{1,0:T(8,128)S(1)} copy-done",0.003,0,0
%custom-call.3,"f32[128,131072]{1,0:T(8,128)S(1)} custom",0.001,0,0
%fusion.368,"(f32[128,131072,1]{1,0,2:T(8,128)}, f32[",5182.9,0,0
%fusion.369,"f32[128,131072,1]{1,0,2:T(8,128)S(1)} fu",356.644,0,0
%copy.10,"f32[16,8,128,1024]{3,2,1,0:T(8,128)} cop",104.913,0,0
%copy-start.3,"(f32[128,128]{1,0:T(8,128)S(1)}, f32[128",0.001,0,0
%copy,"f32[128,1024,128]{2,0,1:T(8,128)S(1)} co",104.719,0,0
%copy-done.3,"f32[128,128]{1,0:T(8,128)S(1)} copy-done",0.004,0,0
%fusion.1448,"f32[128,1024,128]{2,0,1:T(8,128)} fusion",104.12,0,0
%copy.11,"f32[16,8,128,1024]{3,2,1,0:T(8,128)} cop",203.765,0,0
%copy.2,"f32[128,1024,128]{2,0,1:T(8,128)} copy(f",205.777,0,0
%copy-start.7,"(u32[128]{0:T(128)S(1)}, u32[128]{0:T(12",0.002,0,0
%copy-start.10,"(u32[128]{0:T(128)S(1)}, u32[128]{0:T(12",0.002,0,0
%convolution_subtract_fusion.2,"f32[128,1024,128]{2,0,1:T(8,128)} fusion",294.562,0,0
%iota_and_fusion.1,"u32[1024]{0:T(1024)S(1)} fusion(), kind=",0.003,0,0
%iota_shift-right-logical_fusion.1,"u32[1024]{0:T(1024)S(1)} fusion(), kind=",0.004,0,0
%copy-done.7,u32[128]{0:T(128)S(1)} copy-done((u32[12,0.004,0,0
%copy-done.10,u32[128]{0:T(128)S(1)} copy-done((u32[12,0.003,0,0
%is-finite_and_fusion.53,"(pred[1024,128]{1,0:T(8,128)(4,1)S(1)}, ",12.392,0,0
%fusion.906,"(f32[1024,128]{1,0:T(8,128)S(1)}, f32[10",86.754,0,0
%fusion.914,"f32[1024,128]{1,0:T(8,128)S(1)} fusion(f",72.079,0,0
%fusion.367,"(f32[1024,128,128]{2,1,0:T(8,128)}, f32[",498.31,0,0
%reshape.5,"f32[128,8,16384]{2,1,0:T(8,128)S(1)} res",89.365,0,0
%fusion.534,"f32[128,8,16384]{2,0,1:T(8,128)} fusion(",94.515,0,0
%reshape.1,"f32[128,8,16384]{2,1,0:T(8,128)} reshape",205.181,0,0
%copy-start.8,"(u32[128]{0:T(128)S(1)}, u32[128]{0:T(12",0.001,0,0
%copy-start.11,"(u32[128]{0:T(128)S(1)}, u32[128]{0:T(12",0.001,0,0
%convolution_add_fusion.1,"f32[128,8,16384]{2,0,1:T(8,128)} fusion(",289.408,0,0
%iota_and_fusion.3,"u32[8]{0:T(128)S(1)} fusion(), kind=kLoo",0.004,0,0
%iota_shift-right-logical_fusion.3,"u32[8]{0:T(128)S(1)} fusion(), kind=kLoo",0.004,0,0
%copy-done.8,u32[128]{0:T(128)S(1)} copy-done((u32[12,0.004,0,0
%copy-done.11,u32[128]{0:T(128)S(1)} copy-done((u32[12,0.004,0,0
%is-finite_and_fusion.115,"(pred[8,128]{1,0:T(8,128)(4,1)S(1)}, f32",0.406,0,0
%fusion.2397,"(f32[8,128]{1,0:T(8,128)S(1)}, pred[8,12",0.68,0,0
%fusion.2405,"f32[8,128]{1,0:T(8,128)S(1)} fusion(f32[",0.385,0,0
%fusion.365,"(f32[1,8,128,16384]{3,2,1,0:T(8,128)}, f",522.199,0,0
%copy.12,"f32[1,8,128,16384]{3,1,2,0:T(8,128)S(1)}",92.608,0,0
%add_select_fusion.450,"(f32[8,8]{1,0:T(8,128)S(1)}, pred[8,8]{1",0.525,0,0
%add_select_fusion.472,"(f32[8,8]{1,0:T(8,128)S(1)}, f32[8,8]{1,",0.18,0,0
%subtract_select_fusion.57,"f32[8,8]{1,0:T(8,128)S(1)} fusion(pred[8",0.037,0,0
%subtract_select_fusion.62,"f32[8,8]{1,0:T(8,128)S(1)} fusion(pred[8",0.02,0,0
%subtract_select_fusion.65,"f32[8,8]{1,0:T(8,128)S(1)} fusion(pred[8",0.022,0,0
%and_or_fusion.40,"(pred[8,8]{1,0:T(8,128)(4,1)S(1)}, pred[",0.011,0,0
%fusion.2554,"f32[8,2097152]{1,0:T(8,128)} fusion(f32[",105.026,0,0
%copy.13,"f32[1,8,128,16384]{3,1,2,0:T(8,128)} cop",199.951,0,0
%fusion.374,"f32[1,16384,8,128]{3,2,1,0:T(8,128)} fus",295.456,0,0
%copy.15,"f32[1,16384,8,128]{3,1,2,0:T(8,128)} cop",202.554,0,0
%fusion.375,"f32[1,16384,8,128]{3,2,1,0:T(8,128)} fus",295.442,0,0
%copy.14,"f32[1,16384,8,128]{3,1,2,0:T(8,128)S(1)}",90.975,0,0
%custom-call.2,c64[16777216]{0:T(1024)} custom-call(f32,482.984,0,0
%iota_and_fusion.2,"u32[128]{0:T(128)S(1)} fusion(), kind=kL",0.005,0,0
%copy-start.6,"(u32[128]{0:T(128)}, u32[128]{0:T(128)S(",0.003,0,0
%iota_shift-right-logical_fusion.2,"u32[128]{0:T(128)S(1)} fusion(), kind=kL",0.005,0,0
%copy-start.9,"(u32[128]{0:T(128)}, u32[128]{0:T(128)S(",0.003,0,0
%add_select_fusion.270,"(f32[128,128]{1,0:T(8,128)S(1)}, pred[12",7.903,0,0
%fusion.1397,"(f32[128,128]{1,0:T(8,128)S(1)}, f32[128",0.859,0,0
%add_select_fusion.237,"(f32[128,128]{1,0:T(8,128)S(1)}, f32[128",0.486,0,0
%add_select_fusion.225,"(f32[128,128]{1,0:T(8,128)S(1)}, f32[128",0.485,0,0
%and_or_fusion.22,"(pred[128,128]{1,0:T(8,128)(4,1)S(1)}, p",0.051,0,0
%fusion.1442,"(f32[128,128]{1,0:T(8,128)S(1)}, f32[128",7.041,0,0
%copy-start.2,"(f32[128,128]{1,0:T(8,128)}, f32[128,128",0.003,0,0
%fusion.1434,"f32[128,128]{1,0:T(8,128)S(1)} fusion(f3",1.496,0,0
%copy-start.4,"(f32[128,128]{1,0:T(8,128)}, f32[128,128",0.001,0,0
%custom-call,f32[16777216]{0:T(1024)} custom-call(c64,376.791,0,0
%reshape.8,"f32[128,131072]{1,0:T(8,128)S(1)} reshap",90.566,0,0
%copy-done.4,"f32[128,128]{1,0:T(8,128)} copy-done((f3",0.003,0,0
%copy-start,"(f32[128,131072]{1,0:T(8,128)}, f32[128,",0.003,0,0
%fusion.2819,"f32[128,131072]{1,0:T(8,128)} fusion(f32",102.535,0,0
%custom-call.1,f32[16777216]{0:T(1024)} custom-call(c64,449.678,0,0
%reshape.16,"f32[128,131072]{1,0:T(8,128)} reshape(f3",203.882,0,0
%copy-done.2,"f32[128,128]{1,0:T(8,128)} copy-done((f3",0.003,0,0
%copy-done,"f32[128,131072]{1,0:T(8,128)} copy-done(",0.005,0,0
%convolution_subtract_fusion.3,"f32[128,131072]{1,0:T(8,128)} fusion(f32",290.871,0,0
%iota_and_fusion,"u32[131072]{0:T(1024)S(1)} fusion(), kin",0.09,0,0
%iota_shift-right-logical_fusion,"u32[131072]{0:T(1024)S(1)} fusion(), kin",0.09,0,0
%is-finite_and_fusion.22,"(pred[128,131072,1]{1,0,2:T(32,128)(4,1)",1622.564,0,0
%copy-start.1,"(f32[128,131072,1]{1,0,2:T(8,128)}, f32[",0.001,0,0
%fusion.2863,"(pred[128,131072,1]{1,0,2:T(32,128)(4,1)",1886.199,0,0
%copy-done.1,"f32[128,131072,1]{1,0,2:T(8,128)} copy-d",0.005,0,0
%slice-start,"((f32[128,131072]{1,0:T(8,128)}), f32[32",0.004,0,0
%slice-start.1,"((f32[128,131072]{1,0:T(8,128)}), f32[32",0.004,0,0
%slice-start.2,"((f32[128,131072]{1,0:T(8,128)}), f32[32",0.004,0,0
%fusion.335,"(f32[128,131072,1]{1,0,2:T(8,128)}, f32[",2520.883,0,0
%slice-start.3,"((f32[128,131072]{1,0:T(8,128)}), f32[32",0.004,0,0
%copy-start.5,"(f32[128,128]{1,0:T(8,128)S(1)}, f32[128",0.003,0,0
%add_select_fusion.84,"(f32[128,131072,1]{1,0,2:T(8,128)}, f32[",1133.729,0,0
%copy-done.6,u32[128]{0:T(128)} copy-done((u32[128]{0,0.004,0,0
%copy-done.9,u32[128]{0:T(128)} copy-done((u32[128]{0,0.004,0,0
%slice-done,"f32[32,131072]{1,0:T(8,128)S(1)} async-d",0.005,0,0
%slice-done.1,"f32[32,131072]{1,0:T(8,128)S(1)} async-d",0.004,0,0
%slice-done.2,"f32[32,131072]{1,0:T(8,128)S(1)} async-d",0.003,0,0
%slice-done.3,"f32[32,131072]{1,0:T(8,128)S(1)} async-d",0.005,0,0
%copy-done.5,"f32[128,128]{1,0:T(8,128)S(1)} copy-done",0.003,0,0
%custom-call.3,"f32[128,131072]{1,0:T(8,128)S(1)} custom",0.001,0,0
%fusion.368,"(f32[128,131072,1]{1,0,2:T(8,128)}, f32[",5183.099,0,0
%fusion.369,"f32[128,131072,1]{1,0,2:T(8,128)S(1)} fu",356.496,0,0
%copy.10,"f32[16,8,128,1024]{3,2,1,0:T(8,128)} cop",105.121,0,0
%copy-start.3,"(f32[128,128]{1,0:T(8,128)S(1)}, f32[128",0.003,0,0
%copy,"f32[128,1024,128]{2,0,1:T(8,128)S(1)} co",104.271,0,0
%copy-done.3,"f32[128,128]{1,0:T(8,128)S(1)} copy-done",0.004,0,0
%fusion.1448,"f32[128,1024,128]{2,0,1:T(8,128)} fusion",104.313,0,0
%copy.11,"f32[16,8,128,1024]{3,2,1,0:T(8,128)} cop",202.966,0,0
%copy.2,"f32[128,1024,128]{2,0,1:T(8,128)} copy(f",206.011,0,0
%copy-start.7,"(u32[128]{0:T(128)S(1)}, u32[128]{0:T(12",0.002,0,0
%copy-start.10,"(u32[128]{0:T(128)S(1)}, u32[128]{0:T(12",0.002,0,0
%convolution_subtract_fusion.2,"f32[128,1024,128]{2,0,1:T(8,128)} fusion",294.526,0,0
%iota_and_fusion.1,"u32[1024]{0:T(1024)S(1)} fusion(), kind=",0.005,0,0
%iota_shift-right-logical_fusion.1,"u32[1024]{0:T(1024)S(1)} fusion(), kind=",0.004,0,0
%copy-done.7,u32[128]{0:T(128)S(1)} copy-done((u32[12,0.004,0,0
%copy-done.10,u32[128]{0:T(128)S(1)} copy-done((u32[12,0.004,0,0
%is-finite_and_fusion.53,"(pred[1024,128]{1,0:T(8,128)(4,1)S(1)}, ",12.391,0,0
%fusion.906,"(f32[1024,128]{1,0:T(8,128)S(1)}, f32[10",86.752,0,0
%fusion.914,"f32[1024,128]{1,0:T(8,128)S(1)} fusion(f",72.08,0,0
%fusion.367,"(f32[1024,128,128]{2,1,0:T(8,128)}, f32[",498.655,0,0
%reshape.5,"f32[128,8,16384]{2,1,0:T(8,128)S(1)} res",89.605,0,0
%fusion.534,"f32[128,8,16384]{2,0,1:T(8,128)} fusion(",94.595,0,0
%reshape.1,"f32[128,8,16384]{2,1,0:T(8,128)} reshape",204.531,0,0
%copy-start.8,"(u32[128]{0:T(128)S(1)}, u32[128]{0:T(12",0.002,0,0
%copy-start.11,"(u32[128]{0:T(128)S(1)}, u32[128]{0:T(12",0.002,0,0
%convolution_add_fusion.1,"f32[128,8,16384]{2,0,1:T(8,128)} fusion(",289.221,0,0
%iota_and_fusion.3,"u32[8]{0:T(128)S(1)} fusion(), kind=kLoo",0.004,0,0
%iota_shift-right-logical_fusion.3,"u32[8]{0:T(128)S(1)} fusion(), kind=kLoo",0.005,0,0
%copy-done.8,u32[128]{0:T(128)S(1)} copy-done((u32[12,0.004,0,0
%copy-done.11,u32[128]{0:T(128)S(1)} copy-done((u32[12,0.004,0,0
%is-finite_and_fusion.115,"(pred[8,128]{1,0:T(8,128)(4,1)S(1)}, f32",0.405,0,0
%fusion.2397,"(f32[8,128]{1,0:T(8,128)S(1)}, pred[8,12",0.68,0,0
%fusion.2405,"f32[8,128]{1,0:T(8,128)S(1)} fusion(f32[",0.386,0,0
%fusion.365,"(f32[1,8,128,16384]{3,2,1,0:T(8,128)}, f",522.909,0,0
%copy.12,"f32[1,8,128,16384]{3,1,2,0:T(8,128)S(1)}",92.504,0,0
%add_select_fusion.450,"(f32[8,8]{1,0:T(8,128)S(1)}, pred[8,8]{1",0.525,0,0
%add_select_fusion.472,"(f32[8,8]{1,0:T(8,128)S(1)}, f32[8,8]{1,",0.18,0,0
%subtract_select_fusion.57,"f32[8,8]{1,0:T(8,128)S(1)} fusion(pred[8",0.036,0,0
%subtract_select_fusion.62,"f32[8,8]{1,0:T(8,128)S(1)} fusion(pred[8",0.02,0,0
%subtract_select_fusion.65,"f32[8,8]{1,0:T(8,128)S(1)} fusion(pred[8",0.022,0,0
%and_or_fusion.40,"(pred[8,8]{1,0:T(8,128)(4,1)S(1)}, pred[",0.011,0,0
%fusion.2554,"f32[8,2097152]{1,0:T(8,128)} fusion(f32[",104.604,0,0
%copy.13,"f32[1,8,128,16384]{3,1,2,0:T(8,128)} cop",199.924,0,0
%fusion.374,"f32[1,16384,8,128]{3,2,1,0:T(8,128)} fus",295.945,0,0
%copy.15,"f32[1,16384,8,128]{3,1,2,0:T(8,128)} cop",202.655,0,0
%fusion.375,"f32[1,16384,8,128]{3,2,1,0:T(8,128)} fus",295.254,0,0
%copy.14,"f32[1,16384,8,128]{3,1,2,0:T(8,128)S(1)}",90.969,0,0
%custom-call.2,c64[16777216]{0:T(1024)} custom-call(f32,488.718,0,0
%iota_and_fusion.2,"u32[128]{0:T(128)S(1)} fusion(), kind=kL",0.005,0,0
%copy-start.6,"(u32[128]{0:T(128)}, u32[128]{0:T(128)S(",0.003,0,0
%iota_shift-right-logical_fusion.2,"u32[128]{0:T(128)S(1)} fusion(), kind=kL",0.004,0,0
%copy-start.9,"(u32[128]{0:T(128)}, u32[128]{0:T(128)S(",0.004,0,0
%add_select_fusion.270,"(f32[128,128]{1,0:T(8,128)S(1)}, pred[12",7.902,0,0
%fusion.1397,"(f32[128,128]{1,0:T(8,128)S(1)}, f32[128",0.859,0,0
%add_select_fusion.237,"(f32[128,128]{1,0:T(8,128)S(1)}, f32[128",0.485,0,0
%add_select_fusion.225,"(f32[128,128]{1,0:T(8,128)S(1)}, f32[128",0.485,0,0
%and_or_fusion.22,"(pred[128,128]{1,0:T(8,128)(4,1)S(1)}, p",0.051,0,0
%fusion.1442,"(f32[128,128]{1,0:T(8,128)S(1)}, f32[128",7.04,0,0
%copy-start.2,"(f32[128,128]{1,0:T(8,128)}, f32[128,128",0.003,0,0
%fusion.1434,"f32[128,128]{1,0:T(8,128)S(1)} fusion(f3",1.499,0,0
%copy-start.4,"(f32[128,128]{1,0:T(8,128)}, f32[128,128",0.002,0,0
%custom-call,f32[16777216]{0:T(1024)} custom-call(c64,378.562,0,0
%reshape.8,"f32[128,131072]{1,0:T(8,128)S(1)} reshap",90.75,0,0
%copy-done.4,"f32[128,128]{1,0:T(8,128)} copy-done((f3",0.003,0,0
%copy-start,"(f32[128,131072]{1,0:T(8,128)}, f32[128,",0.003,0,0
%fusion.2819,"f32[128,131072]{1,0:T(8,128)} fusion(f32",102.418,0,0
%custom-call.1,f32[16777216]{0:T(1024)} custom-call(c64,447.991,0,0
%reshape.16,"f32[128,131072]{1,0:T(8,128)} reshape(f3",204.186,0,0
%copy-done.2,"f32[128,128]{1,0:T(8,128)} copy-done((f3",0.004,0,0
%copy-done,"f32[128,131072]{1,0:T(8,128)} copy-done(",0.004,0,0
%convolution_subtract_fusion.3,"f32[128,131072]{1,0:T(8,128)} fusion(f32",290.923,0,0
%iota_and_fusion,"u32[131072]{0:T(1024)S(1)} fusion(), kin",0.089,0,0
%iota_shift-right-logical_fusion,"u32[131072]{0:T(1024)S(1)} fusion(), kin",0.089,0,0
%is-finite_and_fusion.22,"(pred[128,131072,1]{1,0,2:T(32,128)(4,1)",1622.561,0,0
%copy-start.1,"(f32[128,131072,1]{1,0,2:T(8,128)}, f32[",0.002,0,0
%fusion.2863,"(pred[128,131072,1]{1,0,2:T(32,128)(4,1)",1886.257,0,0
%copy-done.1,"f32[128,131072,1]{1,0,2:T(8,128)} copy-d",0.005,0,0
%slice-start,"((f32[128,131072]{1,0:T(8,128)}), f32[32",0.004,0,0
%slice-start.1,"((f32[128,131072]{1,0:T(8,128)}), f32[32",0.004,0,0
%slice-start.2,"((f32[128,131072]{1,0:T(8,128)}), f32[32",0.003,0,0
%fusion.335,"(f32[128,131072,1]{1,0,2:T(8,128)}, f32[",2520.881,0,0
%slice-start.3,"((f32[128,131072]{1,0:T(8,128)}), f32[32",0.005,0,0
%copy-start.5,"(f32[128,128]{1,0:T(8,128)S(1)}, f32[128",0.003,0,0
%add_select_fusion.84,"(f32[128,131072,1]{1,0,2:T(8,128)}, f32[",1133.948,0,0
%copy-done.6,u32[128]{0:T(128)} copy-done((u32[128]{0,0.004,0,0
%copy-done.9,u32[128]{0:T(128)} copy-done((u32[128]{0,0.004,0,0
%slice-done,"f32[32,131072]{1,0:T(8,128)S(1)} async-d",0.005,0,0
%slice-done.1,"f32[32,131072]{1,0:T(8,128)S(1)} async-d",0.004,0,0
%slice-done.2,"f32[32,131072]{1,0:T(8,128)S(1)} async-d",0.004,0,0
%slice-done.3,"f32[32,131072]{1,0:T(8,128)S(1)} async-d",0.005,0,0
%copy-done.5,"f32[128,128]{1,0:T(8,128)S(1)} copy-done",0.003,0,0
%custom-call.3,"f32[128,131072]{1,0:T(8,128)S(1)} custom",0.001,0,0
%fusion.368,"(f32[128,131072,1]{1,0,2:T(8,128)}, f32[",5183.005,0,0
%fusion.369,"f32[128,131072,1]{1,0,2:T(8,128)S(1)} fu",356.723,0,0
%copy.10,"f32[16,8,128,1024]{3,2,1,0:T(8,128)} cop",105.412,0,0
%copy-start.3,"(f32[128,128]{1,0:T(8,128)S(1)}, f32[128",0.001,0,0
%copy,"f32[128,1024,128]{2,0,1:T(8,128)S(1)} co",104.654,0,0
%copy-done.3,"f32[128,128]{1,0:T(8,128)S(1)} copy-done",0.003,0,0
%fusion.1448,"f32[128,1024,128]{2,0,1:T(8,128)} fusion",104.46,0,0
%copy.11,"f32[16,8,128,1024]{3,2,1,0:T(8,128)} cop",203.28,0,0
%copy.2,"f32[128,1024,128]{2,0,1:T(8,128)} copy(f",206.681,0,0
%copy-start.7,"(u32[128]{0:T(128)S(1)}, u32[128]{0:T(12",0.001,0,0
%copy-start.10,"(u32[128]{0:T(128)S(1)}, u32[128]{0:T(12",0.003,0,0
%convolution_subtract_fusion.2,"f32[128,1024,128]{2,0,1:T(8,128)} fusion",294.657,0,0
%iota_and_fusion.1,"u32[1024]{0:T(1024)S(1)} fusion(), kind=",0.004,0,0
%iota_shift-right-logical_fusion.1,"u32[1024]{0:T(1024)S(1)} fusion(), kind=",0.004,0,0
%copy-done.7,u32[128]{0:T(128)S(1)} copy-done((u32[12,0.004,0,0
%copy-done.10,u32[128]{0:T(128)S(1)} copy-done((u32[12,0.004,0,0
%is-finite_and_fusion.53,"(pred[1024,128]{1,0:T(8,128)(4,1)S(1)}, ",12.391,0,0
%fusion.906,"(f32[1024,128]{1,0:T(8,128)S(1)}, f32[10",86.754,0,0
%fusion.914,"f32[1024,128]{1,0:T(8,128)S(1)} fusion(f",72.079,0,0
%fusion.367,"(f32[1024,128,128]{2,1,0:T(8,128)}, f32[",499.631,0,0
%reshape.5,"f32[128,8,16384]{2,1,0:T(8,128)S(1)} res",89.486,0,0
%fusion.534,"f32[128,8,16384]{2,0,1:T(8,128)} fusion(",94.403,0,0
%reshape.1,"f32[128,8,16384]{2,1,0:T(8,128)} reshape",204.415,0,0
%copy-start.8,"(u32[128]{0:T(128)S(1)}, u32[128]{0:T(12",0.003,0,0
%copy-start.11,"(u32[128]{0:T(128)S(1)}, u32[128]{0:T(12",0.002,0,0
%convolution_add_fusion.1,"f32[128,8,16384]{2,0,1:T(8,128)} fusion(",289.071,0,0
%iota_and_fusion.3,"u32[8]{0:T(128)S(1)} fusion(), kind=kLoo",0.004,0,0
%iota_shift-right-logical_fusion.3,"u32[8]{0:T(128)S(1)} fusion(), kind=kLoo",0.004,0,0
%copy-done.8,u32[128]{0:T(128)S(1)} copy-done((u32[12,0.004,0,0
%copy-done.11,u32[128]{0:T(128)S(1)} copy-done((u32[12,0.003,0,0
%is-finite_and_fusion.115,"(pred[8,128]{1,0:T(8,128)(4,1)S(1)}, f32",0.405,0,0
%fusion.2397,"(f32[8,128]{1,0:T(8,128)S(1)}, pred[8,12",0.679,0,0
%fusion.2405,"f32[8,128]{1,0:T(8,128)S(1)} fusion(f32[",0.386,0,0
%fusion.365,"(f32[1,8,128,16384]{3,2,1,0:T(8,128)}, f",521.504,0,0
%copy.12,"f32[1,8,128,16384]{3,1,2,0:T(8,128)S(1)}",92.604,0,0
%add_select_fusion.450,"(f32[8,8]{1,0:T(8,128)S(1)}, pred[8,8]{1",0.524,0,0
%add_select_fusion.472,"(f32[8,8]{1,0:T(8,128)S(1)}, f32[8,8]{1,",0.18,0,0
%subtract_select_fusion.57,"f32[8,8]{1,0:T(8,128)S(1)} fusion(pred[8",0.037,0,0
%subtract_select_fusion.62,"f32[8,8]{1,0:T(8,128)S(1)} fusion(pred[8",0.02,0,0
%subtract_select_fusion.65,"f32[8,8]{1,0:T(8,128)S(1)} fusion(pred[8",0.022,0,0
%and_or_fusion.40,"(pred[8,8]{1,0:T(8,128)(4,1)S(1)}, pred[",0.011,0,0
%fusion.2554,"f32[8,2097152]{1,0:T(8,128)} fusion(f32[",105.095,0,0
%copy.13,"f32[1,8,128,16384]{3,1,2,0:T(8,128)} cop",199.983,0,0
%fusion.374,"f32[1,16384,8,128]{3,2,1,0:T(8,128)} fus",295.394,0,0
%copy.15,"f32[1,16384,8,128]{3,1,2,0:T(8,128)} cop",202.852,0,0
%fusion.375,"f32[1,16384,8,128]{3,2,1,0:T(8,128)} fus",295.386,0,0
%copy.14,"f32[1,16384,8,128]{3,1,2,0:T(8,128)S(1)}",90.97,0,0
%custom-call.2,c64[16777216]{0:T(1024)} custom-call(f32,484.258,0,0
%iota_and_fusion.2,"u32[128]{0:T(128)S(1)} fusion(), kind=kL",0.005,0,0
%copy-start.6,"(u32[128]{0:T(128)}, u32[128]{0:T(128)S(",0.003,0,0
%iota_shift-right-logical_fusion.2,"u32[128]{0:T(128)S(1)} fusion(), kind=kL",0.005,0,0
%copy-start.9,"(u32[128]{0:T(128)}, u32[128]{0:T(128)S(",0.003,0,0
%add_select_fusion.270,"(f32[128,128]{1,0:T(8,128)S(1)}, pred[12",7.902,0,0
%fusion.1397,"(f32[128,128]{1,0:T(8,128)S(1)}, f32[128",0.859,0,0
%add_select_fusion.237,"(f32[128,128]{1,0:T(8,128)S(1)}, f32[128",0.486,0,0
%add_select_fusion.225,"(f32[128,128]{1,0:T(8,128)S(1)}, f32[128",0.485,0,0
%and_or_fusion.22,"(pred[128,128]{1,0:T(8,128)(4,1)S(1)}, p",0.05,0,0
%fusion.1442,"(f32[128,128]{1,0:T(8,128)S(1)}, f32[128",7.039,0,0
%copy-start.2,"(f32[128,128]{1,0:T(8,128)}, f32[128,128",0.004,0,0
%fusion.1434,"f32[128,128]{1,0:T(8,128)S(1)} fusion(f3",1.499,0,0
%copy-start.4,"(f32[128,128]{1,0:T(8,128)}, f32[128,128",0.002,0,0
%custom-call,f32[16777216]{0:T(1024)} custom-call(c64,381.009,0,0
%reshape.8,"f32[128,131072]{1,0:T(8,128)S(1)} reshap",90.562,0,0
%copy-done.4,"f32[128,128]{1,0:T(8,128)} copy-done((f3",0.003,0,0
%copy-start,"(f32[128,131072]{1,0:T(8,128)}, f32[128,",0.003,0,0
%fusion.2819,"f32[128,131072]{1,0:T(8,128)} fusion(f32",102.304,0,0
%custom-call.1,f32[16777216]{0:T(1024)} custom-call(c64,451.395,0,0
%reshape.16,"f32[128,131072]{1,0:T(8,128)} reshape(f3",204.7,0,0
%copy-done.2,"f32[128,128]{1,0:T(8,128)} copy-done((f3",0.004,0,0
%copy-done,"f32[128,131072]{1,0:T(8,128)} copy-done(",0.003,0,0
%convolution_subtract_fusion.3,"f32[128,131072]{1,0:T(8,128)} fusion(f32",290.954,0,0
%iota_and_fusion,"u32[131072]{0:T(1024)S(1)} fusion(), kin",0.09,0,0
%iota_shift-right-logical_fusion,"u32[131072]{0:T(1024)S(1)} fusion(), kin",0.09,0,0
%is-finite_and_fusion.22,"(pred[128,131072,1]{1,0,2:T(32,128)(4,1)",1622.562,0,0
%copy-start.1,"(f32[128,131072,1]{1,0,2:T(8,128)}, f32[",0.003,0,0
%fusion.2863,"(pred[128,131072,1]{1,0,2:T(32,128)(4,1)",1886.265,0,0
%copy-done.1,"f32[128,131072,1]{1,0,2:T(8,128)} copy-d",0.004,0,0
%slice-start,"((f32[128,131072]{1,0:T(8,128)}), f32[32",0.004,0,0
%slice-start.1,"((f32[128,131072]{1,0:T(8,128)}), f32[32",0.005,0,0
%slice-start.2,"((f32[128,131072]{1,0:T(8,128)}), f32[32",0.005,0,0
%fusion.335,"(f32[128,131072,1]{1,0,2:T(8,128)}, f32[",2520.884,0,0
%slice-start.3,"((f32[128,131072]{1,0:T(8,128)}), f32[32",0.005,0,0
%copy-start.5,"(f32[128,128]{1,0:T(8,128)S(1)}, f32[128",0.004,0,0
%add_select_fusion.84,"(f32[128,131072,1]{1,0,2:T(8,128)}, f32[",1133.891,0,0
%copy-done.6,u32[128]{0:T(128)} copy-done((u32[128]{0,0.004,0,0
%copy-done.9,u32[128]{0:T(128)} copy-done((u32[128]{0,0.004,0,0
%slice-done,"f32[32,131072]{1,0:T(8,128)S(1)} async-d",0.005,0,0
%slice-done.1,"f32[32,131072]{1,0:T(8,128)S(1)} async-d",0.004,0,0
%slice-done.2,"f32[32,131072]{1,0:T(8,128)S(1)} async-d",0.004,0,0
%slice-done.3,"f32[32,131072]{1,0:T(8,128)S(1)} async-d",0.005,0,0
%copy-done.5,"f32[128,128]{1,0:T(8,128)S(1)} copy-done",0.003,0,0
%custom-call.3,"f32[128,131072]{1,0:T(8,128)S(1)} custom",0.001,0,0
%fusion.368,"(f32[128,131072,1]{1,0,2:T(8,128)}, f32[",5182.962,0,0
%fusion.369,"f32[128,131072,1]{1,0,2:T(8,128)S(1)} fu",356.761,0,0
%copy.10,"f32[16,8,128,1024]{3,2,1,0:T(8,128)} cop",104.956,0,0
%copy-start.3,"(f32[128,128]{1,0:T(8,128)S(1)}, f32[128",0.003,0,0
%copy,"f32[128,1024,128]{2,0,1:T(8,128)S(1)} co",104.52,0,0
%copy-done.3,"f32[128,128]{1,0:T(8,128)S(1)} copy-done",0.003,0,0
%fusion.1448,"f32[128,1024,128]{2,0,1:T(8,128)} fusion",104.669,0,0
%copy.11,"f32[16,8,128,1024]{3,2,1,0:T(8,128)} cop",204.111,0,0
%copy.2,"f32[128,1024,128]{2,0,1:T(8,128)} copy(f",205.694,0,0
%copy-start.7,"(u32[128]{0:T(128)S(1)}, u32[128]{0:T(12",0.001,0,0
%copy-start.10,"(u32[128]{0:T(128)S(1)}, u32[128]{0:T(12",0.003,0,0
%convolution_subtract_fusion.2,"f32[128,1024,128]{2,0,1:T(8,128)} fusion",294.591,0,0
%iota_and_fusion.1,"u32[1024]{0:T(1024)S(1)} fusion(), kind=",0.004,0,0
%iota_shift-right-logical_fusion.1,"u32[1024]{0:T(1024)S(1)} fusion(), kind=",0.004,0,0
%copy-done.7,u32[128]{0:T(128)S(1)} copy-done((u32[12,0.003,0,0
%copy-done.10,u32[128]{0:T(128)S(1)} copy-done((u32[12,0.004,0,0
%is-finite_and_fusion.53,"(pred[1024,128]{1,0:T(8,128)(4,1)S(1)}, ",12.39,0,0
%fusion.906,"(f32[1024,128]{1,0:T(8,128)S(1)}, f32[10",86.753,0,0
%fusion.914,"f32[1024,128]{1,0:T(8,128)S(1)} fusion(f",72.079,0,0
%fusion.367,"(f32[1024,128,128]{2,1,0:T(8,128)}, f32[",497.989,0,0
%reshape.5,"f32[128,8,16384]{2,1,0:T(8,128)S(1)} res",89.379,0,0
%fusion.534,"f32[128,8,16384]{2,0,1:T(8,128)} fusion(",94.504,0,0
%reshape.1,"f32[128,8,16384]{2,1,0:T(8,128)} reshape",204.296,0,0
%copy-start.8,"(u32[128]{0:T(128)S(1)}, u32[128]{0:T(12",0.003,0,0
%copy-start.11,"(u32[128]{0:T(128)S(1)}, u32[128]{0:T(12",0.002,0,0
%convolution_add_fusion.1,"f32[128,8,16384]{2,0,1:T(8,128)} fusion(",288.83,0,0
%iota_and_fusion.3,"u32[8]{0:T(128)S(1)} fusion(), kind=kLoo",0.003,0,0
%iota_shift-right-logical_fusion.3,"u32[8]{0:T(128)S(1)} fusion(), kind=kLoo",0.005,0,0
%copy-done.8,u32[128]{0:T(128)S(1)} copy-done((u32[12,0.003,0,0
%copy-done.11,u32[128]{0:T(128)S(1)} copy-done((u32[12,0.004,0,0
%is-finite_and_fusion.115,"(pred[8,128]{1,0:T(8,128)(4,1)S(1)}, f32",0.405,0,0
%fusion.2397,"(f32[8,128]{1,0:T(8,128)S(1)}, pred[8,12",0.679,0,0
%fusion.2405,"f32[8,128]{1,0:T(8,128)S(1)} fusion(f32[",0.385,0,0
%fusion.365,"(f32[1,8,128,16384]{3,2,1,0:T(8,128)}, f",521.812,0,0
%copy.12,"f32[1,8,128,16384]{3,1,2,0:T(8,128)S(1)}",92.366,0,0
%add_select_fusion.450,"(f32[8,8]{1,0:T(8,128)S(1)}, pred[8,8]{1",0.525,0,0
%add_select_fusion.472,"(f32[8,8]{1,0:T(8,128)S(1)}, f32[8,8]{1,",0.181,0,0
%subtract_select_fusion.57,"f32[8,8]{1,0:T(8,128)S(1)} fusion(pred[8",0.036,0,0
%subtract_select_fusion.62,"f32[8,8]{1,0:T(8,128)S(1)} fusion(pred[8",0.02,0,0
%subtract_select_fusion.65,"f32[8,8]{1,0:T(8,128)S(1)} fusion(pred[8",0.022,0,0
%and_or_fusion.40,"(pred[8,8]{1,0:T(8,128)(4,1)S(1)}, pred[",0.011,0,0
%fusion.2554,"f32[8,2097152]{1,0:T(8,128)} fusion(f32[",103.954,0,0
%copy.13,"f32[1,8,128,16384]{3,1,2,0:T(8,128)} cop",199.946,0,0
%fusion.374,"f32[1,16384,8,128]{3,2,1,0:T(8,128)} fus",295.714,0,0
%copy.15,"f32[1,16384,8,128]{3,1,2,0:T(8,128)} cop",202.455,0,0
%fusion.375,"f32[1,16384,8,128]{3,2,1,0:T(8,128)} fus",295.159,0,0
%copy.14,"f32[1,16384,8,128]{3,1,2,0:T(8,128)S(1)}",90.97,0,0
%custom-call.2,c64[16777216]{0:T(1024)} custom-call(f32,488.266,0,0
%iota_and_fusion.2,"u32[128]{0:T(128)S(1)} fusion(), kind=kL",0.005,0,0
%copy-start.6,"(u32[128]{0:T(128)}, u32[128]{0:T(128)S(",0.003,0,0
%iota_shift-right-logical_fusion.2,"u32[128]{0:T(128)S(1)} fusion(), kind=kL",0.006,0,0
%copy-start.9,"(u32[128]{0:T(128)}, u32[128]{0:T(128)S(",0.004,0,0
%add_select_fusion.270,"(f32[128,128]{1,0:T(8,128)S(1)}, pred[12",7.904,0,0
%fusion.1397,"(f32[128,128]{1,0:T(8,128)S(1)}, f32[128",0.858,0,0
%add_select_fusion.237,"(f32[128,128]{1,0:T(8,128)S(1)}, f32[128",0.485,0,0
%add_select_fusion.225,"(f32[128,128]{1,0:T(8,128)S(1)}, f32[128",0.485,0,0
%and_or_fusion.22,"(pred[128,128]{1,0:T(8,128)(4,1)S(1)}, p",0.05,0,0
%fusion.1442,"(f32[128,128]{1,0:T(8,128)S(1)}, f32[128",7.039,0,0
%copy-start.2,"(f32[128,128]{1,0:T(8,128)}, f32[128,128",0.003,0,0
%fusion.1434,"f32[128,128]{1,0:T(8,128)S(1)} fusion(f3",1.499,0,0
%copy-start.4,"(f32[128,128]{1,0:T(8,128)}, f32[128,128",0.001,0,0
%custom-call,f32[16777216]{0:T(1024)} custom-call(c64,376.074,0,0
%reshape.8,"f32[128,131072]{1,0:T(8,128)S(1)} reshap",90.786,0,0
%copy-done.4,"f32[128,128]{1,0:T(8,128)} copy-done((f3",0.004,0,0
%copy-start,"(f32[128,131072]{1,0:T(8,128)}, f32[128,",0.004,0,0
%fusion.2819,"f32[128,131072]{1,0:T(8,128)} fusion(f32",102.55,0,0
%custom-call.1,f32[16777216]{0:T(1024)} custom-call(c64,447.22,0,0
%reshape.16,"f32[128,131072]{1,0:T(8,128)} reshape(f3",205.289,0,0
%copy-done.2,"f32[128,128]{1,0:T(8,128)} copy-done((f3",0.004,0,0
%copy-done,"f32[128,131072]{1,0:T(8,128)} copy-done(",0.004,0,0
%convolution_subtract_fusion.3,"f32[128,131072]{1,0:T(8,128)} fusion(f32",290.86,0,0
%iota_and_fusion,"u32[131072]{0:T(1024)S(1)} fusion(), kin",0.089,0,0
%iota_shift-right-logical_fusion,"u32[131072]{0:T(1024)S(1)} fusion(), kin",0.09,0,0
%is-finite_and_fusion.22,"(pred[128,131072,1]{1,0,2:T(32,128)(4,1)",1622.562,0,0
%copy-start.1,"(f32[128,131072,1]{1,0,2:T(8,128)}, f32[",0.001,0,0
%fusion.2863,"(pred[128,131072,1]{1,0,2:T(32,128)(4,1)",1886.365,0,0
%copy-done.1,"f32[128,131072,1]{1,0,2:T(8,128)} copy-d",0.005,0,0
%slice-start,"((f32[128,131072]{1,0:T(8,128)}), f32[32",0.003,0,0
%slice-start.1,"((f32[128,131072]{1,0:T(8,128)}), f32[32",0.004,0,0
%slice-start.2,"((f32[128,131072]{1,0:T(8,128)}), f32[32",0.004,0,0
%fusion.335,"(f32[128,131072,1]{1,0,2:T(8,128)}, f32[",2520.879,0,0
%slice-start.3,"((f32[128,131072]{1,0:T(8,128)}), f32[32",0.004,0,0
%copy-start.5,"(f32[128,128]{1,0:T(8,128)S(1)}, f32[128",0.004,0,0
%add_select_fusion.84,"(f32[128,131072,1]{1,0,2:T(8,128)}, f32[",1133.961,0,0
%copy-done.6,u32[128]{0:T(128)} copy-done((u32[128]{0,0.003,0,0
%copy-done.9,u32[128]{0:T(128)} copy-done((u32[128]{0,0.004,0,0
%slice-done,"f32[32,131072]{1,0:T(8,128)S(1)} async-d",0.004,0,0
%slice-done.1,"f32[32,131072]{1,0:T(8,128)S(1)} async-d",0.004,0,0
%slice-done.2,"f32[32,131072]{1,0:T(8,128)S(1)} async-d",0.005,0,0
%slice-done.3,"f32[32,131072]{1,0:T(8,128)S(1)} async-d",0.004,0,0
%copy-done.5,"f32[128,128]{1,0:T(8,128)S(1)} copy-done",0.004,0,0
%custom-call.3,"f32[128,131072]{1,0:T(8,128)S(1)} custom",0.0,0,0
%fusion.368,"(f32[128,131072,1]{1,0,2:T(8,128)}, f32[",5182.991,0,0
%fusion.369,"f32[128,131072,1]{1,0,2:T(8,128)S(1)} fu",356.693,0,0
%copy.10,"f32[16,8,128,1024]{3,2,1,0:T(8,128)} cop",105.349,0,0
%copy-start.3,"(f32[128,128]{1,0:T(8,128)S(1)}, f32[128",0.002,0,0
%copy,"f32[128,1024,128]{2,0,1:T(8,128)S(1)} co",104.674,0,0
%copy-done.3,"f32[128,128]{1,0:T(8,128)S(1)} copy-done",0.004,0,0
%fusion.1448,"f32[128,1024,128]{2,0,1:T(8,128)} fusion",104.511,0,0
%copy.11,"f32[16,8,128,1024]{3,2,1,0:T(8,128)} cop",203.734,0,0
%copy.2,"f32[128,1024,128]{2,0,1:T(8,128)} copy(f",205.679,0,0
%copy-start.7,"(u32[128]{0:T(128)S(1)}, u32[128]{0:T(12",0.002,0,0
%copy-start.10,"(u32[128]{0:T(128)S(1)}, u32[128]{0:T(12",0.002,0,0
%convolution_subtract_fusion.2,"f32[128,1024,128]{2,0,1:T(8,128)} fusion",295.329,0,0
%iota_and_fusion.1,"u32[1024]{0:T(1024)S(1)} fusion(), kind=",0.005,0,0
%iota_shift-right-logical_fusion.1,"u32[1024]{0:T(1024)S(1)} fusion(), kind=",0.003,0,0
%copy-done.7,u32[128]{0:T(128)S(1)} copy-done((u32[12,0.004,0,0
%copy-done.10,u32[128]{0:T(128)S(1)} copy-done((u32[12,0.003,0,0
%is-finite_and_fusion.53,"(pred[1024,128]{1,0:T(8,128)(4,1)S(1)}, ",12.391,0,0
%fusion.906,"(f32[1024,128]{1,0:T(8,128)S(1)}, f32[10",86.753,0,0
%fusion.914,"f32[1024,128]{1,0:T(8,128)S(1)} fusion(f",72.08,0,0
%fusion.367,"(f32[1024,128,128]{2,1,0:T(8,128)}, f32[",498.896,0,0
%reshape.5,"f32[128,8,16384]{2,1,0:T(8,128)S(1)} res",89.558,0,0
%fusion.534,"f32[128,8,16384]{2,0,1:T(8,128)} fusion(",94.505,0,0
%reshape.1,"f32[128,8,16384]{2,1,0:T(8,128)} reshape",204.726,0,0
%copy-start.8,"(u32[128]{0:T(128)S(1)}, u32[128]{0:T(12",0.002,0,0
%copy-start.11,"(u32[128]{0:T(128)S(1)}, u32[128]{0:T(12",0.002,0,0
%convolution_add_fusion.1,"f32[128,8,16384]{2,0,1:T(8,128)} fusion(",289.085,0,0
%iota_and_fusion.3,"u32[8]{0:T(128)S(1)} fusion(), kind=kLoo",0.003,0,0
%iota_shift-right-logical_fusion.3,"u32[8]{0:T(128)S(1)} fusion(), kind=kLoo",0.005,0,0
%copy-done.8,u32[128]{0:T(128)S(1)} copy-done((u32[12,0.003,0,0
%copy-done.11,u32[128]{0:T(128)S(1)} copy-done((u32[12,0.004,0,0
%is-finite_and_fusion.115,"(pred[8,128]{1,0:T(8,128)(4,1)S(1)}, f32",0.405,0,0
%fusion.2397,"(f32[8,128]{1,0:T(8,128)S(1)}, pred[8,12",0.68,0,0
%fusion.2405,"f32[8,128]{1,0:T(8,128)S(1)} fusion(f32[",0.385,0,0
%fusion.365,"(f32[1,8,128,16384]{3,2,1,0:T(8,128)}, f",522.461,0,0
%copy.12,"f32[1,8,128,16384]{3,1,2,0:T(8,128)S(1)}",92.424,0,0
%add_select_fusion.450,"(f32[8,8]{1,0:T(8,128)S(1)}, pred[8,8]{1",0.525,0,0
%add_select_fusion.472,"(f32[8,8]{1,0:T(8,128)S(1)}, f32[8,8]{1,",0.179,0,0
%subtract_select_fusion.57,"f32[8,8]{1,0:T(8,128)S(1)} fusion(pred[8",0.037,0,0
%subtract_select_fusion.62,"f32[8,8]{1,0:T(8,128)S(1)} fusion(pred[8",0.02,0,0
%subtract_select_fusion.65,"f32[8,8]{1,0:T(8,128)S(1)} fusion(pred[8",0.022,0,0
%and_or_fusion.40,"(pred[8,8]{1,0:T(8,128)(4,1)S(1)}, pred[",0.011,0,0
%fusion.2554,"f32[8,2097152]{1,0:T(8,128)} fusion(f32[",104.542,0,0
%copy.13,"f32[1,8,128,16384]{3,1,2,0:T(8,128)} cop",200.774,0,0
%fusion.374,"f32[1,16384,8,128]{3,2,1,0:T(8,128)} fus",295.391,0,0
%copy.15,"f32[1,16384,8,128]{3,1,2,0:T(8,128)} cop",202.545,0,0
%fusion.375,"f32[1,16384,8,128]{3,2,1,0:T(8,128)} fus",294.951,0,0
%copy.14,"f32[1,16384,8,128]{3,1,2,0:T(8,128)S(1)}",90.966,0,0
%custom-call.2,c64[16777216]{0:T(1024)} custom-call(f32,486.426,0,0
%iota.1,"f32[16777216]{0:T(1024)} iota(), iota_di",101.953,0,0
%broadcast_add_fusion,f32[16777216]{0:T(1024)} fusion(f32[1677,204.241,0,0
%broadcast,f32[16777216]{0:T(1024)S(1)} broadcast(f,27.105,0,0
%custom-call,c64[16777216]{0:T(1024)} custom-call(f32,492.058,0,0
%custom-call,f32[16777216]{0:T(1024)} custom-call(c64,376.283,0,0
%reshape.6,"f32[128,131072]{1,0:T(8,128)S(1)} reshap",90.536,0,0
%copy-start.1,"(f32[128,131072]{1,0:T(8,128)}, f32[128,",0.003,0,0
%iota_and_fusion.2,"u32[128]{0:T(128)S(1)} fusion(), kind=kL",0.005,0,0
%copy-start.14,"(u32[128]{0:T(128)}, u32[128]{0:T(128)S(",0.003,0,0
%iota_shift-right-logical_fusion.2,"u32[128]{0:T(128)S(1)} fusion(), kind=kL",0.004,0,0
%copy-start.16,"(u32[128]{0:T(128)}, u32[128]{0:T(128)S(",0.004,0,0
%add_select_fusion.367,"(f32[128,128]{1,0:T(8,128)S(1)}, pred[12",7.902,0,0
%fusion.1991,"(f32[128,128]{1,0:T(8,128)S(1)}, f32[128",0.859,0,0
%and_or_fusion.31,"(pred[128,128]{1,0:T(8,128)(4,1)S(1)}, p",0.05,0,0
%add_select_fusion.322,"(f32[128,128]{1,0:T(8,128)S(1)}, f32[128",0.486,0,0
%add_select_fusion.334,"(f32[128,128]{1,0:T(8,128)S(1)}, f32[128",0.486,0,0
%fusion.2036,"(f32[128,128]{1,0:T(8,128)S(1)}, f32[128",7.039,0,0
%copy-start.6,"(f32[128,128]{1,0:T(8,128)}, f32[128,128",0.003,0,0
%fusion.2028,"f32[128,128]{1,0:T(8,128)S(1)} fusion(f3",1.499,0,0
%copy-start.8,"(f32[128,128]{1,0:T(8,128)}, f32[128,128",0.002,0,0
%fusion.2262,"f32[128,131072]{1,0:T(8,128)} fusion(f32",102.44,0,0
%copy-done.8,"f32[128,128]{1,0:T(8,128)} copy-done((f3",81.808,0,0
%custom-call.1,f32[16777216]{0:T(1024)} custom-call(c64,390.665,0,0
%reshape.14,"f32[128,131072]{1,0:T(8,128)} reshape(f3",204.551,0,0
%copy-done.1,"f32[128,131072]{1,0:T(8,128)} copy-done(",0.003,0,0
%copy-done.6,"f32[128,128]{1,0:T(8,128)} copy-done((f3",0.004,0,0
%convolution_subtract_fusion.1,"f32[128,131072]{1,0:T(8,128)} fusion(f32",290.78,0,0
%iota_and_fusion,"u32[131072]{0:T(1024)S(1)} fusion(), kin",0.089,0,0
%iota_shift-right-logical_fusion,"u32[131072]{0:T(1024)S(1)} fusion(), kin",0.089,0,0
%is-finite_and_fusion.22,"(pred[128,131072,1]{1,0,2:T(32,128)(4,1)",1622.603,0,0
%copy-start.2,"(f32[128,131072,1]{1,0,2:T(8,128)}, f32[",0.001,0,0
%fusion.2320,"(pred[128,131072,1]{1,0,2:T(32,128)(4,1)",1886.297,0,0
%copy-done.2,"f32[128,131072,1]{1,0,2:T(8,128)} copy-d",0.004,0,0
%fusion.335,"(f32[128,131072,1]{1,0,2:T(8,128)}, f32[",2520.879,0,0
%slice-start,"((f32[128,131072]{1,0:T(8,128)}), f32[32",0.003,0,0
%slice-start.1,"((f32[128,131072]{1,0:T(8,128)}), f32[32",0.004,0,0
%slice-start.2,"((f32[128,131072]{1,0:T(8,128)}), f32[32",0.004,0,0
%slice-start.3,"((f32[128,131072]{1,0:T(8,128)}), f32[32",0.004,0,0
%copy-start.9,"(f32[128,128]{1,0:T(8,128)S(1)}, f32[128",0.003,0,0
%add_select_fusion.84,"(f32[128,131072,1]{1,0,2:T(8,128)}, f32[",1133.723,0,0
%copy-done.14,u32[128]{0:T(128)} copy-done((u32[128]{0,0.004,0,0
%copy-done.16,u32[128]{0:T(128)} copy-done((u32[128]{0,0.003,0,0
%slice-done,"f32[32,131072]{1,0:T(8,128)S(1)} async-d",0.004,0,0
%slice-done.1,"f32[32,131072]{1,0:T(8,128)S(1)} async-d",0.005,0,0
%slice-done.2,"f32[32,131072]{1,0:T(8,128)S(1)} async-d",0.004,0,0
%slice-done.3,"f32[32,131072]{1,0:T(8,128)S(1)} async-d",0.004,0,0
%copy-done.9,"f32[128,128]{1,0:T(8,128)S(1)} copy-done",0.004,0,0
%custom-call.3,"f32[128,131072]{1,0:T(8,128)S(1)} custom",0.0,0,0
%fusion.374,"(f32[128,131072,1]{1,0,2:T(8,128)}, f32[",5174.869,0,0
%fusion.375,"f32[128,131072,1]{1,0,2:T(8,128)S(1)} fu",356.469,0,0
%copy.5,"f32[16,8,128,1024]{3,2,1,0:T(8,128)} cop",105.486,0,0
%copy-start.7,"(f32[128,128]{1,0:T(8,128)S(1)}, f32[128",0.002,0,0
%copy,"f32[128,1024,128]{2,0,1:T(8,128)S(1)} co",104.517,0,0
%copy-done.7,"f32[128,128]{1,0:T(8,128)S(1)} copy-done",0.004,0,0
%copy-start,"(f32[128,1024,128]{2,0,1:T(8,128)}, f32[",0.003,0,0
%fusion.2039,"f32[128,1024,128]{2,0,1:T(8,128)} fusion",105.022,0,0
%copy.6,"f32[16,8,128,1024]{3,2,1,0:T(8,128)} cop",218.104,0,0
%copy.2,"f32[128,1024,128]{2,0,1:T(8,128)} copy(f",218.433,0,0
%copy-done,"f32[128,1024,128]{2,0,1:T(8,128)} copy-d",72.229,0,0
%copy-start.15,"(u32[128]{0:T(128)S(1)}, u32[128]{0:T(12",0.001,0,0
%copy-start.17,"(u32[128]{0:T(128)S(1)}, u32[128]{0:T(12",0.003,0,0
%convolution_subtract_fusion,"f32[128,1024,128]{2,0,1:T(8,128)} fusion",294.63,0,0
%iota_and_fusion.1,"u32[1024]{0:T(1024)S(1)} fusion(), kind=",0.003,0,0
%copy-start.10,"(u32[1024]{0:T(1024)}, u32[1024]{0:T(102",0.001,0,0
%iota_shift-right-logical_fusion.1,"u32[1024]{0:T(1024)S(1)} fusion(), kind=",0.005,0,0
%copy-done.15,u32[128]{0:T(128)S(1)} copy-done((u32[12,0.004,0,0
%copy-done.17,u32[128]{0:T(128)S(1)} copy-done((u32[12,0.004,0,0
%copy-start.12,"(u32[1024]{0:T(1024)}, u32[1024]{0:T(102",0.003,0,0
%is-finite_and_fusion.84,"(pred[1024,128]{1,0:T(8,128)(4,1)S(1)}, ",12.391,0,0
%fusion.1500,"(f32[1024,128]{1,0:T(8,128)S(1)}, f32[10",86.754,0,0
%fusion.1508,"f32[1024,128]{1,0:T(8,128)S(1)} fusion(f",72.08,0,0
%fusion.373,"(f32[1024,128,128]{2,1,0:T(8,128)}, f32[",475.58,0,0
%copy-done.10,u32[1024]{0:T(1024)} copy-done((u32[1024,0.004,0,0
%copy-done.12,u32[1024]{0:T(1024)} copy-done((u32[1024,0.004,0,0
%fusion.2301,"(pred[1024,1024]{1,0:T(8,128)(4,1)}, f32",549.974,0,0
%select_select_fusion.12,"(f32[1024,1024]{1,0:T(8,128)S(1)}, f32[1",60.288,0,0
%copy-start.3,"(f32[1024,1024]{1,0:T(8,128)S(1)}, f32[1",0.001,0,0
%copy-start.4,"(f32[1024,1024]{1,0:T(8,128)S(1)}, f32[1",0.003,0,0
%fusion.741,"f32[1024,1024]{1,0:T(8,128)S(1)} fusion(",25.969,0,0
%copy-done.3,"f32[1024,1024]{1,0:T(8,128)S(1)} copy-do",0.003,0,0
%copy-done.4,"f32[1024,1024]{1,0:T(8,128)S(1)} copy-do",0.194,0,0
%add_select_fusion.180,"(f32[1024,1024]{1,0:T(8,128)S(1)}, f32[1",731.885,0,0
%copy-start.5,"(f32[1024,1024]{1,0:T(8,128)S(1)}, f32[1",0.006,0,0
%select_select_fusion.17,"f32[1024,1024]{1,0:T(8,128)S(1)} fusion(",69.32,0,0
%copy-done.5,"f32[1024,1024]{1,0:T(8,128)S(1)} copy-do",0.003,0,0
%fusion.980,"(f32[1024,1024]{1,0:T(8,128)S(1)}, f32[1",96.843,0,0
%add_select_fusion.181,"(f32[1024,1024]{1,0:T(8,128)S(1)}, f32[1",59.391,0,0
%copy-start.11,"(u32[1024]{0:T(1024)S(1)}, u32[1024]{0:T",0.002,0,0
%copy-start.13,"(u32[1024]{0:T(1024)S(1)}, u32[1024]{0:T",0.002,0,0
%subtract_select_fusion.15,"f32[1024,1024]{1,0:T(8,128)S(1)} fusion(",16.304,0,0
%copy-done.11,u32[1024]{0:T(1024)S(1)} copy-done((u32[,0.004,0,0
%copy-done.13,u32[1024]{0:T(1024)S(1)} copy-done((u32[,0.004,0,0
%fusion.370,"f32[1024,16384]{1,0:T(8,128)} fusion(f32",808.832,0,0
%fusion.364,"f32[128,128,8,128]{3,2,1,0:T(8,128)} fus",1249.227,0,0
%copy.9,"f32[128,128,8,128]{3,1,2,0:T(8,128)} cop",204.504,0,0
%fusion.367,"f32[128,128,8,128]{3,2,1,0:T(8,128)} fus",1243.144,0,0
%copy.10,"f32[128,128,8,128]{3,1,2,0:T(8,128)S(1)}",90.72,0,0
%custom-call.2,c64[16777216]{0:T(1024)} custom-call(f32,490.299,0,0
%custom-call,f32[16777216]{0:T(1024)} custom-call(c64,382.376,0,0
%reshape.6,"f32[128,131072]{1,0:T(8,128)S(1)} reshap",90.551,0,0
%copy-start.1,"(f32[128,131072]{1,0:T(8,128)}, f32[128,",0.003,0,0
%iota_and_fusion.2,"u32[128]{0:T(128)S(1)} fusion(), kind=kL",0.004,0,0
%copy-start.14,"(u32[128]{0:T(128)}, u32[128]{0:T(128)S(",0.003,0,0
%iota_shift-right-logical_fusion.2,"u32[128]{0:T(128)S(1)} fusion(), kind=kL",0.004,0,0
%copy-start.16,"(u32[128]{0:T(128)}, u32[128]{0:T(128)S(",0.003,0,0
%add_select_fusion.367,"(f32[128,128]{1,0:T(8,128)S(1)}, pred[12",7.902,0,0
%fusion.1991,"(f32[128,128]{1,0:T(8,128)S(1)}, f32[128",0.86,0,0
%and_or_fusion.31,"(pred[128,128]{1,0:T(8,128)(4,1)S(1)}, p",0.05,0,0
%add_select_fusion.322,"(f32[128,128]{1,0:T(8,128)S(1)}, f32[128",0.487,0,0
%add_select_fusion.334,"(f32[128,128]{1,0:T(8,128)S(1)}, f32[128",0.487,0,0
%fusion.2036,"(f32[128,128]{1,0:T(8,128)S(1)}, f32[128",7.04,0,0
%copy-start.6,"(f32[128,128]{1,0:T(8,128)}, f32[128,128",0.004,0,0
%fusion.2028,"f32[128,128]{1,0:T(8,128)S(1)} fusion(f3",1.498,0,0
%copy-start.8,"(f32[128,128]{1,0:T(8,128)}, f32[128,128",0.004,0,0
%fusion.2262,"f32[128,131072]{1,0:T(8,128)} fusion(f32",102.381,0,0
%copy-done.8,"f32[128,128]{1,0:T(8,128)} copy-done((f3",82.579,0,0
%custom-call.1,f32[16777216]{0:T(1024)} custom-call(c64,389.885,0,0
%reshape.14,"f32[128,131072]{1,0:T(8,128)} reshape(f3",204.165,0,0
%copy-done.1,"f32[128,131072]{1,0:T(8,128)} copy-done(",0.004,0,0
%copy-done.6,"f32[128,128]{1,0:T(8,128)} copy-done((f3",0.004,0,0
%convolution_subtract_fusion.1,"f32[128,131072]{1,0:T(8,128)} fusion(f32",290.709,0,0
%iota_and_fusion,"u32[131072]{0:T(1024)S(1)} fusion(), kin",0.09,0,0
%iota_shift-right-logical_fusion,"u32[131072]{0:T(1024)S(1)} fusion(), kin",0.09,0,0
%is-finite_and_fusion.22,"(pred[128,131072,1]{1,0,2:T(32,128)(4,1)",1622.565,0,0
%copy-start.2,"(f32[128,131072,1]{1,0,2:T(8,128)}, f32[",0.001,0,0
%fusion.2320,"(pred[128,131072,1]{1,0,2:T(32,128)(4,1)",1886.174,0,0
%copy-done.2,"f32[128,131072,1]{1,0,2:T(8,128)} copy-d",0.004,0,0
%fusion.335,"(f32[128,131072,1]{1,0,2:T(8,128)}, f32[",2520.883,0,0
%slice-start,"((f32[128,131072]{1,0:T(8,128)}), f32[32",0.004,0,0
%slice-start.1,"((f32[128,131072]{1,0:T(8,128)}), f32[32",0.004,0,0
%slice-start.2,"((f32[128,131072]{1,0:T(8,128)}), f32[32",0.004,0,0
%slice-start.3,"((f32[128,131072]{1,0:T(8,128)}), f32[32",0.004,0,0
%copy-start.9,"(f32[128,128]{1,0:T(8,128)S(1)}, f32[128",0.003,0,0
%add_select_fusion.84,"(f32[128,131072,1]{1,0,2:T(8,128)}, f32[",1133.88,0,0
%copy-done.14,u32[128]{0:T(128)} copy-done((u32[128]{0,0.003,0,0
%copy-done.16,u32[128]{0:T(128)} copy-done((u32[128]{0,0.004,0,0
%slice-done,"f32[32,131072]{1,0:T(8,128)S(1)} async-d",0.004,0,0
%slice-done.1,"f32[32,131072]{1,0:T(8,128)S(1)} async-d",0.004,0,0
%slice-done.2,"f32[32,131072]{1,0:T(8,128)S(1)} async-d",0.005,0,0
%slice-done.3,"f32[32,131072]{1,0:T(8,128)S(1)} async-d",0.004,0,0
%copy-done.9,"f32[128,128]{1,0:T(8,128)S(1)} copy-done",0.004,0,0
%custom-call.3,"f32[128,131072]{1,0:T(8,128)S(1)} custom",0.0,0,0
%fusion.374,"(f32[128,131072,1]{1,0,2:T(8,128)}, f32[",5174.725,0,0
%fusion.375,"f32[128,131072,1]{1,0,2:T(8,128)S(1)} fu",356.515,0,0
%copy.5,"f32[16,8,128,1024]{3,2,1,0:T(8,128)} cop",105.499,0,0
%copy-start.7,"(f32[128,128]{1,0:T(8,128)S(1)}, f32[128",0.001,0,0
%copy,"f32[128,1024,128]{2,0,1:T(8,128)S(1)} co",104.624,0,0
%copy-done.7,"f32[128,128]{1,0:T(8,128)S(1)} copy-done",0.003,0,0
%copy-start,"(f32[128,1024,128]{2,0,1:T(8,128)}, f32[",0.003,0,0
%fusion.2039,"f32[128,1024,128]{2,0,1:T(8,128)} fusion",104.378,0,0
%copy.6,"f32[16,8,128,1024]{3,2,1,0:T(8,128)} cop",218.184,0,0
%copy.2,"f32[128,1024,128]{2,0,1:T(8,128)} copy(f",218.681,0,0
%copy-done,"f32[128,1024,128]{2,0,1:T(8,128)} copy-d",71.888,0,0
%copy-start.15,"(u32[128]{0:T(128)S(1)}, u32[128]{0:T(12",0.001,0,0
%copy-start.17,"(u32[128]{0:T(128)S(1)}, u32[128]{0:T(12",0.001,0,0
%convolution_subtract_fusion,"f32[128,1024,128]{2,0,1:T(8,128)} fusion",294.559,0,0
%iota_and_fusion.1,"u32[1024]{0:T(1024)S(1)} fusion(), kind=",0.004,0,0
%copy-start.10,"(u32[1024]{0:T(1024)}, u32[1024]{0:T(102",0.002,0,0
%iota_shift-right-logical_fusion.1,"u32[1024]{0:T(1024)S(1)} fusion(), kind=",0.004,0,0
%copy-done.15,u32[128]{0:T(128)S(1)} copy-done((u32[12,0.004,0,0
%copy-done.17,u32[128]{0:T(128)S(1)} copy-done((u32[12,0.003,0,0
%copy-start.12,"(u32[1024]{0:T(1024)}, u32[1024]{0:T(102",0.003,0,0
%is-finite_and_fusion.84,"(pred[1024,128]{1,0:T(8,128)(4,1)S(1)}, ",12.391,0,0
%fusion.1500,"(f32[1024,128]{1,0:T(8,128)S(1)}, f32[10",86.752,0,0
%fusion.1508,"f32[1024,128]{1,0:T(8,128)S(1)} fusion(f",72.079,0,0
%fusion.373,"(f32[1024,128,128]{2,1,0:T(8,128)}, f32[",476.032,0,0
%copy-done.10,u32[1024]{0:T(1024)} copy-done((u32[1024,0.003,0,0
%copy-done.12,u32[1024]{0:T(1024)} copy-done((u32[1024,0.003,0,0
%fusion.2301,"(pred[1024,1024]{1,0:T(8,128)(4,1)}, f32",549.976,0,0
%select_select_fusion.12,"(f32[1024,1024]{1,0:T(8,128)S(1)}, f32[1",60.496,0,0
%copy-start.3,"(f32[1024,1024]{1,0:T(8,128)S(1)}, f32[1",0.001,0,0
%copy-start.4,"(f32[1024,1024]{1,0:T(8,128)S(1)}, f32[1",0.003,0,0
%fusion.741,"f32[1024,1024]{1,0:T(8,128)S(1)} fusion(",26.003,0,0
%copy-done.3,"f32[1024,1024]{1,0:T(8,128)S(1)} copy-do",0.004,0,0
%copy-done.4,"f32[1024,1024]{1,0:T(8,128)S(1)} copy-do",0.129,0,0
%add_select_fusion.180,"(f32[1024,1024]{1,0:T(8,128)S(1)}, f32[1",731.886,0,0
%copy-start.5,"(f32[1024,1024]{1,0:T(8,128)S(1)}, f32[1",0.006,0,0
%select_select_fusion.17,"f32[1024,1024]{1,0:T(8,128)S(1)} fusion(",69.321,0,0
%copy-done.5,"f32[1024,1024]{1,0:T(8,128)S(1)} copy-do",0.003,0,0
%fusion.980,"(f32[1024,1024]{1,0:T(8,128)S(1)}, f32[1",96.843,0,0
%add_select_fusion.181,"(f32[1024,1024]{1,0:T(8,128)S(1)}, f32[1",59.394,0,0
%copy-start.11,"(u32[1024]{0:T(1024)S(1)}, u32[1024]{0:T",0.002,0,0
%copy-start.13,"(u32[1024]{0:T(1024)S(1)}, u32[1024]{0:T",0.002,0,0
%subtract_select_fusion.15,"f32[1024,1024]{1,0:T(8,128)S(1)} fusion(",16.101,0,0
%copy-done.11,u32[1024]{0:T(1024)S(1)} copy-done((u32[,0.004,0,0
%copy-done.13,u32[1024]{0:T(1024)S(1)} copy-done((u32[,0.003,0,0
%fusion.370,"f32[1024,16384]{1,0:T(8,128)} fusion(f32",809.204,0,0
%fusion.364,"f32[128,128,8,128]{3,2,1,0:T(8,128)} fus",1249.164,0,0
%copy.9,"f32[128,128,8,128]{3,1,2,0:T(8,128)} cop",204.906,0,0
%fusion.367,"f32[128,128,8,128]{3,2,1,0:T(8,128)} fus",1243.221,0,0
%copy.10,"f32[128,128,8,128]{3,1,2,0:T(8,128)S(1)}",90.706,0,0
%custom-call.2,c64[16777216]{0:T(1024)} custom-call(f32,488.319,0,0
%custom-call,f32[16777216]{0:T(1024)} custom-call(c64,382.111,0,0
%reshape.6,"f32[128,131072]{1,0:T(8,128)S(1)} reshap",90.577,0,0
%copy-start.1,"(f32[128,131072]{1,0:T(8,128)}, f32[128,",0.003,0,0
%iota_and_fusion.2,"u32[128]{0:T(128)S(1)} fusion(), kind=kL",0.004,0,0
%copy-start.14,"(u32[128]{0:T(128)}, u32[128]{0:T(128)S(",0.003,0,0
%iota_shift-right-logical_fusion.2,"u32[128]{0:T(128)S(1)} fusion(), kind=kL",0.004,0,0
%copy-start.16,"(u32[128]{0:T(128)}, u32[128]{0:T(128)S(",0.003,0,0
%add_select_fusion.367,"(f32[128,128]{1,0:T(8,128)S(1)}, pred[12",7.902,0,0
%fusion.1991,"(f32[128,128]{1,0:T(8,128)S(1)}, f32[128",0.859,0,0
%and_or_fusion.31,"(pred[128,128]{1,0:T(8,128)(4,1)S(1)}, p",0.05,0,0
%add_select_fusion.322,"(f32[128,128]{1,0:T(8,128)S(1)}, f32[128",0.486,0,0
%add_select_fusion.334,"(f32[128,128]{1,0:T(8,128)S(1)}, f32[128",0.487,0,0
%fusion.2036,"(f32[128,128]{1,0:T(8,128)S(1)}, f32[128",7.04,0,0
%copy-start.6,"(f32[128,128]{1,0:T(8,128)}, f32[128,128",0.003,0,0
%fusion.2028,"f32[128,128]{1,0:T(8,128)S(1)} fusion(f3",1.498,0,0
%copy-start.8,"(f32[128,128]{1,0:T(8,128)}, f32[128,128",0.002,0,0
%fusion.2262,"f32[128,131072]{1,0:T(8,128)} fusion(f32",102.267,0,0
%copy-done.8,"f32[128,128]{1,0:T(8,128)} copy-done((f3",82.004,0,0
%custom-call.1,f32[16777216]{0:T(1024)} custom-call(c64,380.94,0,0
%reshape.14,"f32[128,131072]{1,0:T(8,128)} reshape(f3",204.386,0,0
%copy-done.1,"f32[128,131072]{1,0:T(8,128)} copy-done(",0.004,0,0
%copy-done.6,"f32[128,128]{1,0:T(8,128)} copy-done((f3",0.003,0,0
%convolution_subtract_fusion.1,"f32[128,131072]{1,0:T(8,128)} fusion(f32",290.601,0,0
%iota_and_fusion,"u32[131072]{0:T(1024)S(1)} fusion(), kin",0.089,0,0
%iota_shift-right-logical_fusion,"u32[131072]{0:T(1024)S(1)} fusion(), kin",0.09,0,0
%is-finite_and_fusion.22,"(pred[128,131072,1]{1,0,2:T(32,128)(4,1)",1622.564,0,0
%copy-start.2,"(f32[128,131072,1]{1,0,2:T(8,128)}, f32[",0.002,0,0
%fusion.2320,"(pred[128,131072,1]{1,0,2:T(32,128)(4,1)",1886.155,0,0
%copy-done.2,"f32[128,131072,1]{1,0,2:T(8,128)} copy-d",0.004,0,0
%fusion.335,"(f32[128,131072,1]{1,0,2:T(8,128)}, f32[",2520.881,0,0
%slice-start,"((f32[128,131072]{1,0:T(8,128)}), f32[32",0.004,0,0
%slice-start.1,"((f32[128,131072]{1,0:T(8,128)}), f32[32",0.004,0,0
%slice-start.2,"((f32[128,131072]{1,0:T(8,128)}), f32[32",0.004,0,0
%slice-start.3,"((f32[128,131072]{1,0:T(8,128)}), f32[32",0.005,0,0
%copy-start.9,"(f32[128,128]{1,0:T(8,128)S(1)}, f32[128",0.004,0,0
%add_select_fusion.84,"(f32[128,131072,1]{1,0,2:T(8,128)}, f32[",1133.724,0,0
%copy-done.14,u32[128]{0:T(128)} copy-done((u32[128]{0,0.004,0,0
%copy-done.16,u32[128]{0:T(128)} copy-done((u32[128]{0,0.003,0,0
%slice-done,"f32[32,131072]{1,0:T(8,128)S(1)} async-d",0.005,0,0
%slice-done.1,"f32[32,131072]{1,0:T(8,128)S(1)} async-d",0.004,0,0
%slice-done.2,"f32[32,131072]{1,0:T(8,128)S(1)} async-d",0.004,0,0
%slice-done.3,"f32[32,131072]{1,0:T(8,128)S(1)} async-d",0.005,0,0
%copy-done.9,"f32[128,128]{1,0:T(8,128)S(1)} copy-done",0.004,0,0
%custom-call.3,"f32[128,131072]{1,0:T(8,128)S(1)} custom",0.001,0,0
%fusion.374,"(f32[128,131072,1]{1,0,2:T(8,128)}, f32[",5174.828,0,0
%fusion.375,"f32[128,131072,1]{1,0,2:T(8,128)S(1)} fu",356.275,0,0
%copy.5,"f32[16,8,128,1024]{3,2,1,0:T(8,128)} cop",105.358,0,0
%copy-start.7,"(f32[128,128]{1,0:T(8,128)S(1)}, f32[128",0.004,0,0
%copy,"f32[128,1024,128]{2,0,1:T(8,128)S(1)} co",104.625,0,0
%copy-done.7,"f32[128,128]{1,0:T(8,128)S(1)} copy-done",0.003,0,0
%copy-start,"(f32[128,1024,128]{2,0,1:T(8,128)}, f32[",0.003,0,0
%fusion.2039,"f32[128,1024,128]{2,0,1:T(8,128)} fusion",104.869,0,0
%copy.6,"f32[16,8,128,1024]{3,2,1,0:T(8,128)} cop",217.676,0,0
%copy.2,"f32[128,1024,128]{2,0,1:T(8,128)} copy(f",218.075,0,0
%copy-done,"f32[128,1024,128]{2,0,1:T(8,128)} copy-d",72.286,0,0
%copy-start.15,"(u32[128]{0:T(128)S(1)}, u32[128]{0:T(12",0.001,0,0
%copy-start.17,"(u32[128]{0:T(128)S(1)}, u32[128]{0:T(12",0.001,0,0
%convolution_subtract_fusion,"f32[128,1024,128]{2,0,1:T(8,128)} fusion",294.739,0,0
%iota_and_fusion.1,"u32[1024]{0:T(1024)S(1)} fusion(), kind=",0.005,0,0
%copy-start.10,"(u32[1024]{0:T(1024)}, u32[1024]{0:T(102",0.001,0,0
%iota_shift-right-logical_fusion.1,"u32[1024]{0:T(1024)S(1)} fusion(), kind=",0.003,0,0
%copy-done.15,u32[128]{0:T(128)S(1)} copy-done((u32[12,0.004,0,0
%copy-done.17,u32[128]{0:T(128)S(1)} copy-done((u32[12,0.004,0,0
%copy-start.12,"(u32[1024]{0:T(1024)}, u32[1024]{0:T(102",0.003,0,0
%is-finite_and_fusion.84,"(pred[1024,128]{1,0:T(8,128)(4,1)S(1)}, ",12.392,0,0
%fusion.1500,"(f32[1024,128]{1,0:T(8,128)S(1)}, f32[10",86.754,0,0
%fusion.1508,"f32[1024,128]{1,0:T(8,128)S(1)} fusion(f",72.079,0,0
%fusion.373,"(f32[1024,128,128]{2,1,0:T(8,128)}, f32[",475.224,0,0
%copy-done.10,u32[1024]{0:T(1024)} copy-done((u32[1024,0.003,0,0
%copy-done.12,u32[1024]{0:T(1024)} copy-done((u32[1024,0.004,0,0
%fusion.2301,"(pred[1024,1024]{1,0:T(8,128)(4,1)}, f32",549.975,0,0
%select_select_fusion.12,"(f32[1024,1024]{1,0:T(8,128)S(1)}, f32[1",60.462,0,0
%copy-start.3,"(f32[1024,1024]{1,0:T(8,128)S(1)}, f32[1",0.001,0,0
%copy-start.4,"(f32[1024,1024]{1,0:T(8,128)S(1)}, f32[1",0.003,0,0
%fusion.741,"f32[1024,1024]{1,0:T(8,128)S(1)} fusion(",25.976,0,0
%copy-done.3,"f32[1024,1024]{1,0:T(8,128)S(1)} copy-do",0.004,0,0
%copy-done.4,"f32[1024,1024]{1,0:T(8,128)S(1)} copy-do",0.182,0,0
%add_select_fusion.180,"(f32[1024,1024]{1,0:T(8,128)S(1)}, f32[1",731.886,0,0
%copy-start.5,"(f32[1024,1024]{1,0:T(8,128)S(1)}, f32[1",0.006,0,0
%select_select_fusion.17,"f32[1024,1024]{1,0:T(8,128)S(1)} fusion(",69.306,0,0
%copy-done.5,"f32[1024,1024]{1,0:T(8,128)S(1)} copy-do",0.003,0,0
%fusion.980,"(f32[1024,1024]{1,0:T(8,128)S(1)}, f32[1",96.843,0,0
%add_select_fusion.181,"(f32[1024,1024]{1,0:T(8,128)S(1)}, f32[1",59.392,0,0
%copy-start.11,"(u32[1024]{0:T(1024)S(1)}, u32[1024]{0:T",0.002,0,0
%copy-start.13,"(u32[1024]{0:T(1024)S(1)}, u32[1024]{0:T",0.001,0,0
%subtract_select_fusion.15,"f32[1024,1024]{1,0:T(8,128)S(1)} fusion(",16.284,0,0
%copy-done.11,u32[1024]{0:T(1024)S(1)} copy-done((u32[,0.004,0,0
%copy-done.13,u32[1024]{0:T(1024)S(1)} copy-done((u32[,0.004,0,0
%fusion.370,"f32[1024,16384]{1,0:T(8,128)} fusion(f32",808.82,0,0
%fusion.364,"f32[128,128,8,128]{3,2,1,0:T(8,128)} fus",1249.231,0,0
%copy.9,"f32[128,128,8,128]{3,1,2,0:T(8,128)} cop",204.579,0,0
%fusion.367,"f32[128,128,8,128]{3,2,1,0:T(8,128)} fus",1243.134,0,0
%copy.10,"f32[128,128,8,128]{3,1,2,0:T(8,128)S(1)}",90.753,0,0
%custom-call.2,c64[16777216]{0:T(1024)} custom-call(f32,492.264,0,0
%custom-call,f32[16777216]{0:T(1024)} custom-call(c64,380.851,0,0
%reshape.6,"f32[128,131072]{1,0:T(8,128)S(1)} reshap",90.536,0,0
%copy-start.1,"(f32[128,131072]{1,0:T(8,128)}, f32[128,",0.003,0,0
%iota_and_fusion.2,"u32[128]{0:T(128)S(1)} fusion(), kind=kL",0.005,0,0
%copy-start.14,"(u32[128]{0:T(128)}, u32[128]{0:T(128)S(",0.004,0,0
%iota_shift-right-logical_fusion.2,"u32[128]{0:T(128)S(1)} fusion(), kind=kL",0.004,0,0
%copy-start.16,"(u32[128]{0:T(128)}, u32[128]{0:T(128)S(",0.003,0,0
%add_select_fusion.367,"(f32[128,128]{1,0:T(8,128)S(1)}, pred[12",7.902,0,0
%fusion.1991,"(f32[128,128]{1,0:T(8,128)S(1)}, f32[128",0.86,0,0
%and_or_fusion.31,"(pred[128,128]{1,0:T(8,128)(4,1)S(1)}, p",0.05,0,0
%add_select_fusion.322,"(f32[128,128]{1,0:T(8,128)S(1)}, f32[128",0.486,0,0
%add_select_fusion.334,"(f32[128,128]{1,0:T(8,128)S(1)}, f32[128",0.487,0,0
%fusion.2036,"(f32[128,128]{1,0:T(8,128)S(1)}, f32[128",7.04,0,0
%copy-start.6,"(f32[128,128]{1,0:T(8,128)}, f32[128,128",0.003,0,0
%fusion.2028,"f32[128,128]{1,0:T(8,128)S(1)} fusion(f3",1.498,0,0
%copy-start.8,"(f32[128,128]{1,0:T(8,128)}, f32[128,128",0.001,0,0
%fusion.2262,"f32[128,131072]{1,0:T(8,128)} fusion(f32",102.458,0,0
%copy-done.8,"f32[128,128]{1,0:T(8,128)} copy-done((f3",82.22,0,0
%custom-call.1,f32[16777216]{0:T(1024)} custom-call(c64,384.356,0,0
%reshape.14,"f32[128,131072]{1,0:T(8,128)} reshape(f3",204.409,0,0
%copy-done.1,"f32[128,131072]{1,0:T(8,128)} copy-done(",0.004,0,0
%copy-done.6,"f32[128,128]{1,0:T(8,128)} copy-done((f3",0.004,0,0
%convolution_subtract_fusion.1,"f32[128,131072]{1,0:T(8,128)} fusion(f32",291.062,0,0
%iota_and_fusion,"u32[131072]{0:T(1024)S(1)} fusion(), kin",0.09,0,0
%iota_shift-right-logical_fusion,"u32[131072]{0:T(1024)S(1)} fusion(), kin",0.09,0,0
%is-finite_and_fusion.22,"(pred[128,131072,1]{1,0,2:T(32,128)(4,1)",1622.563,0,0
%copy-start.2,"(f32[128,131072,1]{1,0,2:T(8,128)}, f32[",0.002,0,0
%fusion.2320,"(pred[128,131072,1]{1,0,2:T(32,128)(4,1)",1886.175,0,0
%copy-done.2,"f32[128,131072,1]{1,0,2:T(8,128)} copy-d",0.005,0,0
%fusion.335,"(f32[128,131072,1]{1,0,2:T(8,128)}, f32[",2520.882,0,0
%slice-start,"((f32[128,131072]{1,0:T(8,128)}), f32[32",0.005,0,0
%slice-start.1,"((f32[128,131072]{1,0:T(8,128)}), f32[32",0.005,0,0
%slice-start.2,"((f32[128,131072]{1,0:T(8,128)}), f32[32",0.004,0,0
%slice-start.3,"((f32[128,131072]{1,0:T(8,128)}), f32[32",0.004,0,0
%copy-start.9,"(f32[128,128]{1,0:T(8,128)S(1)}, f32[128",0.004,0,0
%add_select_fusion.84,"(f32[128,131072,1]{1,0,2:T(8,128)}, f32[",1133.996,0,0
%copy-done.14,u32[128]{0:T(128)} copy-done((u32[128]{0,0.004,0,0
%copy-done.16,u32[128]{0:T(128)} copy-done((u32[128]{0,0.003,0,0
%slice-done,"f32[32,131072]{1,0:T(8,128)S(1)} async-d",0.004,0,0
%slice-done.1,"f32[32,131072]{1,0:T(8,128)S(1)} async-d",0.005,0,0
%slice-done.2,"f32[32,131072]{1,0:T(8,128)S(1)} async-d",0.003,0,0
%slice-done.3,"f32[32,131072]{1,0:T(8,128)S(1)} async-d",0.005,0,0
%copy-done.9,"f32[128,128]{1,0:T(8,128)S(1)} copy-done",0.004,0,0
%custom-call.3,"f32[128,131072]{1,0:T(8,128)S(1)} custom",0.001,0,0
%fusion.374,"(f32[128,131072,1]{1,0,2:T(8,128)}, f32[",5174.789,0,0
%fusion.375,"f32[128,131072,1]{1,0,2:T(8,128)S(1)} fu",356.216,0,0
%copy.5,"f32[16,8,128,1024]{3,2,1,0:T(8,128)} cop",105.155,0,0
%copy-start.7,"(f32[128,128]{1,0:T(8,128)S(1)}, f32[128",0.003,0,0
%copy,"f32[128,1024,128]{2,0,1:T(8,128)S(1)} co",104.562,0,0
%copy-done.7,"f32[128,128]{1,0:T(8,128)S(1)} copy-done",0.003,0,0
%copy-start,"(f32[128,1024,128]{2,0,1:T(8,128)}, f32[",0.003,0,0
%fusion.2039,"f32[128,1024,128]{2,0,1:T(8,128)} fusion",104.705,0,0
%copy.6,"f32[16,8,128,1024]{3,2,1,0:T(8,128)} cop",218.066,0,0
%copy.2,"f32[128,1024,128]{2,0,1:T(8,128)} copy(f",217.711,0,0
%copy-done,"f32[128,1024,128]{2,0,1:T(8,128)} copy-d",72.06,0,0
%copy-start.15,"(u32[128]{0:T(128)S(1)}, u32[128]{0:T(12",0.002,0,0
%copy-start.17,"(u32[128]{0:T(128)S(1)}, u32[128]{0:T(12",0.002,0,0
%convolution_subtract_fusion,"f32[128,1024,128]{2,0,1:T(8,128)} fusion",294.316,0,0
%iota_and_fusion.1,"u32[1024]{0:T(1024)S(1)} fusion(), kind=",0.004,0,0
%copy-start.10,"(u32[1024]{0:T(1024)}, u32[1024]{0:T(102",0.001,0,0
%iota_shift-right-logical_fusion.1,"u32[1024]{0:T(1024)S(1)} fusion(), kind=",0.004,0,0
%copy-done.15,u32[128]{0:T(128)S(1)} copy-done((u32[12,0.004,0,0
%copy-done.17,u32[128]{0:T(128)S(1)} copy-done((u32[12,0.003,0,0
%copy-start.12,"(u32[1024]{0:T(1024)}, u32[1024]{0:T(102",0.003,0,0
%is-finite_and_fusion.84,"(pred[1024,128]{1,0:T(8,128)(4,1)S(1)}, ",12.391,0,0
%fusion.1500,"(f32[1024,128]{1,0:T(8,128)S(1)}, f32[10",86.754,0,0
%fusion.1508,"f32[1024,128]{1,0:T(8,128)S(1)} fusion(f",72.08,0,0
%fusion.373,"(f32[1024,128,128]{2,1,0:T(8,128)}, f32[",476.128,0,0
%copy-done.10,u32[1024]{0:T(1024)} copy-done((u32[1024,0.004,0,0
%copy-done.12,u32[1024]{0:T(1024)} copy-done((u32[1024,0.004,0,0
%fusion.2301,"(pred[1024,1024]{1,0:T(8,128)(4,1)}, f32",549.975,0,0
%select_select_fusion.12,"(f32[1024,1024]{1,0:T(8,128)S(1)}, f32[1",60.216,0,0
%copy-start.3,"(f32[1024,1024]{1,0:T(8,128)S(1)}, f32[1",0.001,0,0
%copy-start.4,"(f32[1024,1024]{1,0:T(8,128)S(1)}, f32[1",0.003,0,0
%fusion.741,"f32[1024,1024]{1,0:T(8,128)S(1)} fusion(",26.215,0,0
%copy-done.3,"f32[1024,1024]{1,0:T(8,128)S(1)} copy-do",0.004,0,0
%copy-done.4,"f32[1024,1024]{1,0:T(8,128)S(1)} copy-do",0.003,0,0
%add_select_fusion.180,"(f32[1024,1024]{1,0:T(8,128)S(1)}, f32[1",731.913,0,0
%copy-start.5,"(f32[1024,1024]{1,0:T(8,128)S(1)}, f32[1",0.006,0,0
%select_select_fusion.17,"f32[1024,1024]{1,0:T(8,128)S(1)} fusion(",69.515,0,0
%copy-done.5,"f32[1024,1024]{1,0:T(8,128)S(1)} copy-do",0.004,0,0
%fusion.980,"(f32[1024,1024]{1,0:T(8,128)S(1)}, f32[1",97.079,0,0
%add_select_fusion.181,"(f32[1024,1024]{1,0:T(8,128)S(1)}, f32[1",59.394,0,0
%copy-start.11,"(u32[1024]{0:T(1024)S(1)}, u32[1024]{0:T",0.002,0,0
%copy-start.13,"(u32[1024]{0:T(1024)S(1)}, u32[1024]{0:T",0.002,0,0
%subtract_select_fusion.15,"f32[1024,1024]{1,0:T(8,128)S(1)} fusion(",16.146,0,0
%copy-done.11,u32[1024]{0:T(1024)S(1)} copy-done((u32[,0.004,0,0
%copy-done.13,u32[1024]{0:T(1024)S(1)} copy-done((u32[,0.003,0,0
%fusion.370,"f32[1024,16384]{1,0:T(8,128)} fusion(f32",809.396,0,0
%fusion.364,"f32[128,128,8,128]{3,2,1,0:T(8,128)} fus",1249.021,0,0
%copy.9,"f32[128,128,8,128]{3,1,2,0:T(8,128)} cop",204.757,0,0
%fusion.367,"f32[128,128,8,128]{3,2,1,0:T(8,128)} fus",1243.387,0,0
%copy.10,"f32[128,128,8,128]{3,1,2,0:T(8,128)S(1)}",90.916,0,0
%custom-call.2,c64[16777216]{0:T(1024)} custom-call(f32,488.086,0,0
%custom-call,f32[16777216]{0:T(1024)} custom-call(c64,380.98,0,0
%reshape.6,"f32[128,131072]{1,0:T(8,128)S(1)} reshap",90.53,0,0
%copy-start.1,"(f32[128,131072]{1,0:T(8,128)}, f32[128,",0.003,0,0
%iota_and_fusion.2,"u32[128]{0:T(128)S(1)} fusion(), kind=kL",0.004,0,0
%copy-start.14,"(u32[128]{0:T(128)}, u32[128]{0:T(128)S(",0.003,0,0
%iota_shift-right-logical_fusion.2,"u32[128]{0:T(128)S(1)} fusion(), kind=kL",0.005,0,0
%copy-start.16,"(u32[128]{0:T(128)}, u32[128]{0:T(128)S(",0.003,0,0
%add_select_fusion.367,"(f32[128,128]{1,0:T(8,128)S(1)}, pred[12",7.902,0,0
%fusion.1991,"(f32[128,128]{1,0:T(8,128)S(1)}, f32[128",0.859,0,0
%and_or_fusion.31,"(pred[128,128]{1,0:T(8,128)(4,1)S(1)}, p",0.051,0,0
%add_select_fusion.322,"(f32[128,128]{1,0:T(8,128)S(1)}, f32[128",0.486,0,0
%add_select_fusion.334,"(f32[128,128]{1,0:T(8,128)S(1)}, f32[128",0.486,0,0
%fusion.2036,"(f32[128,128]{1,0:T(8,128)S(1)}, f32[128",7.04,0,0
%copy-start.6,"(f32[128,128]{1,0:T(8,128)}, f32[128,128",0.003,0,0
%fusion.2028,"f32[128,128]{1,0:T(8,128)S(1)} fusion(f3",1.499,0,0
%copy-start.8,"(f32[128,128]{1,0:T(8,128)}, f32[128,128",0.002,0,0
%fusion.2262,"f32[128,131072]{1,0:T(8,128)} fusion(f32",102.629,0,0
%copy-done.8,"f32[128,128]{1,0:T(8,128)} copy-done((f3",81.52,0,0
%custom-call.1,f32[16777216]{0:T(1024)} custom-call(c64,390.098,0,0
%reshape.14,"f32[128,131072]{1,0:T(8,128)} reshape(f3",203.8,0,0
%copy-done.1,"f32[128,131072]{1,0:T(8,128)} copy-done(",0.003,0,0
%copy-done.6,"f32[128,128]{1,0:T(8,128)} copy-done((f3",0.004,0,0
%convolution_subtract_fusion.1,"f32[128,131072]{1,0:T(8,128)} fusion(f32",290.956,0,0
%iota_and_fusion,"u32[131072]{0:T(1024)S(1)} fusion(), kin",0.089,0,0
%iota_shift-right-logical_fusion,"u32[131072]{0:T(1024)S(1)} fusion(), kin",0.09,0,0
%is-finite_and_fusion.22,"(pred[128,131072,1]{1,0,2:T(32,128)(4,1)",1622.561,0,0
%copy-start.2,"(f32[128,131072,1]{1,0,2:T(8,128)}, f32[",0.003,0,0
%fusion.2320,"(pred[128,131072,1]{1,0,2:T(32,128)(4,1)",1886.295,0,0
%copy-done.2,"f32[128,131072,1]{1,0,2:T(8,128)} copy-d",0.003,0,0
%fusion.335,"(f32[128,131072,1]{1,0,2:T(8,128)}, f32[",2520.881,0,0
%slice-start,"((f32[128,131072]{1,0:T(8,128)}), f32[32",0.005,0,0
%slice-start.1,"((f32[128,131072]{1,0:T(8,128)}), f32[32",0.004,0,0
%slice-start.2,"((f32[128,131072]{1,0:T(8,128)}), f32[32",0.004,0,0
%slice-start.3,"((f32[128,131072]{1,0:T(8,128)}), f32[32",0.004,0,0
%copy-start.9,"(f32[128,128]{1,0:T(8,128)S(1)}, f32[128",0.003,0,0
%add_select_fusion.84,"(f32[128,131072,1]{1,0,2:T(8,128)}, f32[",1133.723,0,0
%copy-done.14,u32[128]{0:T(128)} copy-done((u32[128]{0,0.004,0,0
%copy-done.16,u32[128]{0:T(128)} copy-done((u32[128]{0,0.004,0,0
%slice-done,"f32[32,131072]{1,0:T(8,128)S(1)} async-d",0.003,0,0
%slice-done.1,"f32[32,131072]{1,0:T(8,128)S(1)} async-d",0.004,0,0
%slice-done.2,"f32[32,131072]{1,0:T(8,128)S(1)} async-d",0.005,0,0
%slice-done.3,"f32[32,131072]{1,0:T(8,128)S(1)} async-d",0.003,0,0
%copy-done.9,"f32[128,128]{1,0:T(8,128)S(1)} copy-done",0.004,0,0
%custom-call.3,"f32[128,131072]{1,0:T(8,128)S(1)} custom",0.0,0,0
%fusion.374,"(f32[128,131072,1]{1,0,2:T(8,128)}, f32[",5174.901,0,0
%fusion.375,"f32[128,131072,1]{1,0,2:T(8,128)S(1)} fu",356.478,0,0
%copy.5,"f32[16,8,128,1024]{3,2,1,0:T(8,128)} cop",105.495,0,0
%copy-start.7,"(f32[128,128]{1,0:T(8,128)S(1)}, f32[128",0.001,0,0
%copy,"f32[128,1024,128]{2,0,1:T(8,128)S(1)} co",104.651,0,0
%copy-done.7,"f32[128,128]{1,0:T(8,128)S(1)} copy-done",0.004,0,0
%copy-start,"(f32[128,1024,128]{2,0,1:T(8,128)}, f32[",0.003,0,0
%fusion.2039,"f32[128,1024,128]{2,0,1:T(8,128)} fusion",104.581,0,0
%copy.6,"f32[16,8,128,1024]{3,2,1,0:T(8,128)} cop",217.735,0,0
%copy.2,"f32[128,1024,128]{2,0,1:T(8,128)} copy(f",219.285,0,0
%copy-done,"f32[128,1024,128]{2,0,1:T(8,128)} copy-d",71.379,0,0
%copy-start.15,"(u32[128]{0:T(128)S(1)}, u32[128]{0:T(12",0.003,0,0
%copy-start.17,"(u32[128]{0:T(128)S(1)}, u32[128]{0:T(12",0.002,0,0
%convolution_subtract_fusion,"f32[128,1024,128]{2,0,1:T(8,128)} fusion",294.729,0,0
%iota_and_fusion.1,"u32[1024]{0:T(1024)S(1)} fusion(), kind=",0.003,0,0
%copy-start.10,"(u32[1024]{0:T(1024)}, u32[1024]{0:T(102",0.003,0,0
%iota_shift-right-logical_fusion.1,"u32[1024]{0:T(1024)S(1)} fusion(), kind=",0.005,0,0
%copy-done.15,u32[128]{0:T(128)S(1)} copy-done((u32[12,0.004,0,0
%copy-done.17,u32[128]{0:T(128)S(1)} copy-done((u32[12,0.003,0,0
%copy-start.12,"(u32[1024]{0:T(1024)}, u32[1024]{0:T(102",0.003,0,0
%is-finite_and_fusion.84,"(pred[1024,128]{1,0:T(8,128)(4,1)S(1)}, ",12.391,0,0
%fusion.1500,"(f32[1024,128]{1,0:T(8,128)S(1)}, f32[10",86.752,0,0
%fusion.1508,"f32[1024,128]{1,0:T(8,128)S(1)} fusion(f",72.08,0,0
%fusion.373,"(f32[1024,128,128]{2,1,0:T(8,128)}, f32[",475.418,0,0
%copy-done.10,u32[1024]{0:T(1024)} copy-done((u32[1024,0.004,0,0
%copy-done.12,u32[1024]{0:T(1024)} copy-done((u32[1024,0.004,0,0
%fusion.2301,"(pred[1024,1024]{1,0:T(8,128)(4,1)}, f32",549.975,0,0
%select_select_fusion.12,"(f32[1024,1024]{1,0:T(8,128)S(1)}, f32[1",60.528,0,0
%copy-start.3,"(f32[1024,1024]{1,0:T(8,128)S(1)}, f32[1",0.001,0,0
%copy-start.4,"(f32[1024,1024]{1,0:T(8,128)S(1)}, f32[1",0.003,0,0
%fusion.741,"f32[1024,1024]{1,0:T(8,128)S(1)} fusion(",26.0,0,0
%copy-done.3,"f32[1024,1024]{1,0:T(8,128)S(1)} copy-do",0.004,0,0
%copy-done.4,"f32[1024,1024]{1,0:T(8,128)S(1)} copy-do",0.186,0,0
%add_select_fusion.180,"(f32[1024,1024]{1,0:T(8,128)S(1)}, f32[1",731.885,0,0
%copy-start.5,"(f32[1024,1024]{1,0:T(8,128)S(1)}, f32[1",0.006,0,0
%select_select_fusion.17,"f32[1024,1024]{1,0:T(8,128)S(1)} fusion(",69.345,0,0
%copy-done.5,"f32[1024,1024]{1,0:T(8,128)S(1)} copy-do",0.004,0,0
%fusion.980,"(f32[1024,1024]{1,0:T(8,128)S(1)}, f32[1",96.841,0,0
%add_select_fusion.181,"(f32[1024,1024]{1,0:T(8,128)S(1)}, f32[1",59.391,0,0
%copy-start.11,"(u32[1024]{0:T(1024)S(1)}, u32[1024]{0:T",0.001,0,0
%copy-start.13,"(u32[1024]{0:T(1024)S(1)}, u32[1024]{0:T",0.003,0,0
%subtract_select_fusion.15,"f32[1024,1024]{1,0:T(8,128)S(1)} fusion(",16.11,0,0
%copy-done.11,u32[1024]{0:T(1024)S(1)} copy-done((u32[,0.003,0,0
%copy-done.13,u32[1024]{0:T(1024)S(1)} copy-done((u32[,0.004,0,0
%fusion.370,"f32[1024,16384]{1,0:T(8,128)} fusion(f32",809.161,0,0
%fusion.364,"f32[128,128,8,128]{3,2,1,0:T(8,128)} fus",1249.133,0,0
%copy.9,"f32[128,128,8,128]{3,1,2,0:T(8,128)} cop",204.53,0,0
%fusion.367,"f32[128,128,8,128]{3,2,1,0:T(8,128)} fus",1243.255,0,0
%copy.10,"f32[128,128,8,128]{3,1,2,0:T(8,128)S(1)}",90.73,0,0
%custom-call.2,c64[16777216]{0:T(1024)} custom-call(f32,486.355,0,0
